FICE;State;Type;Average_salary-full_professors;Average_salary-associate_professors;Average_salary-assistant_professors;Average_salary-all_ranks;Average_compensation-full_professors;Average_compensation-associate_professors;Average_compensation-assistant_professors;Average_compensation-all_ranks;Number_of_full_professors;Number_of_associate_professors;Number_of_assistant_professors;Number_of_instructors;binaryClass
1061;0.0;2.0;454.0;382.0;362.0;382;567.0;485.0;471.0;487;6;11;9;4;1.0
1063;0.0;0.0;686.0;560.0;432.0;508;914.0;753.0;572.0;677;74;125;118;40;0.0
1065;0.0;1.0;533.0;494.0;329.0;415;716.0;663.0;442.0;559;9;26;20;9;1.0
11462;0.0;1.0;612.0;507.0;414.0;498;825.0;681.0;557.0;670;115;124;101;21;0.0
1002;1.0;1.0;442.0;369.0;310.0;350;530.0;444.0;376.0;423;59;77;102;24;0.0
1004;1.0;1.0;441.0;385.0;310.0;388;542.0;473.0;383.0;477;57;33;35;2;1.0
1008;1.0;2.0;466.0;394.0;351.0;396;558.0;476.0;427.0;478;20;18;30;0;1.0
1009;1.0;0.0;580.0;437.0;374.0;455;692.0;527.0;451.0;546;366;354;301;66;0.0
1012;1.0;2.0;498.0;379.0;322.0;401;655.0;501.0;404.0;523;34;25;27;3;1.0
1016;1.0;2.0;506.0;412.0;359.0;411;607.0;508.0;445.0;503;67;40;66;27;1.0
1019;1.0;2.0;339.0;303.0;287.0;301;421.0;371.0;347.0;366;8;15;19;2;1.0
1020;1.0;1.0;461.0;389.0;338.0;386;585.0;496.0;436.0;493;106;42;66;58;0.0
1024;1.0;2.0;360.0;304.0;258.0;300;433.0;369.0;313.0;363;27;25;33;4;1.0
1029;1.0;2.0;354.0;321.0;277.0;291;436.0;401.0;346.0;363;17;19;31;19;1.0
1033;1.0;2.0;301.0;290.0;283.0;290;375.0;363.0;355.0;362;18;28;28;3;1.0
1036;1.0;1.0;565.0;425.0;363.0;449;710.0;556.0;476.0;578;83;46;77;9;1.0
1041;1.0;2.0;431.0;352.0;311.0;373;518.0;425.0;374.0;449;23;17;14;1;1.0
1044;1.0;2.0;321.0;288.0;251.0;272;388.0;354.0;312.0;335;13;18;18;10;1.0
1047;1.0;1.0;462.0;385.0;322.0;350;560.0;467.0;392.0;426;25;59;100;19;1.0
1050;1.0;1.0;410.0;352.0;306.0;327;487.0;415.0;362.0;387;57;65;85;45;1.0
1051;1.0;0.0;605.0;447.0;382.0;463;746.0;563.0;483.0;580;267;206;206;76;0.0
1052;1.0;0.0;633.0;445.0;366.0;461;786.0;569.0;475.0;587;106;163;107;19;0.0
1055;1.0;1.0;636.0;443.0;375.0;451;771.0;540.0;455.0;548;72;87;98;7;0.0
1057;1.0;1.0;542.0;426.0;370.0;418;645.0;514.0;450.0;504;119;103;142;64;0.0
8310;1.0;1.0;519.0;422.0;343.0;403;621.0;507.0;411.0;483;56;54;63;28;1.0
1085;2.0;2.0;453.0;363.0;330.0;349;561.0;448.0;402.0;428;23;24;48;22;1.0
1086;2.0;2.0;406.0;366.0;332.0;335;505.0;457.0;415.0;419;40;33;71;46;1.0
1088;2.0;2.0;499.0;?;330.0;399;618.0;?;402.0;488;14;5;21;2;1.0
1089;2.0;2.0;439.0;381.0;337.0;374;550.0;479.0;427.0;471;44;71;52;13;1.0
1090;2.0;1.0;520.0;433.0;342.0;398;646.0;541.0;431.0;498;103;87;141;63;0.0
1092;2.0;1.0;521.0;416.0;339.0;395;632.0;507.0;416.0;482;93;89;82;76;0.0
1094;2.0;2.0;309.0;280.0;274.0;285;428.0;383.0;376.0;391;14;9;15;2;1.0
1098;2.0;2.0;447.0;375.0;341.0;375;561.0;480.0;435.0;477;55;42;33;25;1.0
1099;2.0;2.0;485.0;399.0;362.0;421;664.0;534.0;453.0;562;24;26;14;1;1.0
1100;2.0;2.0;372.0;338.0;304.0;341;478.0;414.0;375.0;426;23;22;10;3;1.0
1101;2.0;1.0;536.0;416.0;372.0;415;651.0;506.0;450.0;504;128;117;72;63;0.0
1102;2.0;2.0;422.0;355.0;289.0;342;529.0;445.0;375.0;435;36;14;28;19;1.0
1106;2.0;2.0;?;?;264.0;266;?;?;327.0;331;4;4;12;4;1.0
1107;2.0;1.0;461.0;389.0;321.0;362;575.0;484.0;402.0;453;27;31;34;23;1.0
1108;2.0;0.0;563.0;436.0;379.0;452;686.0;531.0;461.0;550;314;198;225;54;0.0
10311;2.0;2.0;424.0;374.0;335.0;380;512.0;461.0;401.0;460;80;46;41;8;1.0
1074;3.0;2.0;358.0;328.0;274.0;299;439.0;395.0;332.0;363;20;18;24;12;1.0
1081;3.0;0.0;603.0;449.0;399.0;489;723.0;549.0;489.0;593;576;445;251;7;0.0
1082;3.0;0.0;511.0;422.0;359.0;412;619.0;518.0;446.0;507;173;192;175;33;0.0
1083;3.0;0.0;648.0;462.0;411.0;537;771.0;561.0;498.0;645;647;377;272;2;0.0
1117;4.0;1.0;430.0;375.0;318.0;368;573.0;494.0;428.0;488;43;62;32;12;1.0
1122;4.0;1.0;455.0;369.0;303.0;370;582.0;462.0;371.0;464;32;57;31;6;1.0
1131;4.0;0.0;970.0;733.0;576.0;866;1204.0;909.0;717.0;1075;173;40;44;0;1.0
1133;4.0;2.0;477.0;392.0;335.0;398;600.0;501.0;433.0;507;32;21;33;6;1.0
1137;4.0;1.0;605.0;493.0;387.0;544;760.0;637.0;506.0;690;393;120;105;5;0.0
1138;4.0;1.0;606.0;491.0;384.0;552;762.0;629.0;503.0;699;258;69;49;7;0.0
1139;4.0;1.0;600.0;474.0;401.0;542;751.0;610.0;521.0;685;491;171;112;6;0.0
1141;4.0;1.0;605.0;472.0;392.0;548;759.0;606.0;593.0;705;178;52;37;1;0.0
1143;4.0;1.0;607.0;496.0;394.0;571;763.0;635.0;514.0;721;507;102;60;1;0.0
1144;4.0;1.0;610.0;492.0;408.0;559;766.0;630.0;531.0;707;411;116;79;4;0.0
1146;4.0;1.0;604.0;482.0;395.0;558;758.0;631.0;518.0;707;413;86;73;2;0.0
1147;4.0;1.0;603.0;476.0;382.0;553;757.0;612.0;500.0;699;459;109;67;14;0.0
1149;4.0;1.0;593.0;468.0;387.0;543;746.0;603.0;507.0;688;213;38;50;0;0.0
1151;4.0;1.0;602.0;479.0;403.0;547;756.0;615.0;524.0;693;576;223;100;10;0.0
1155;4.0;1.0;598.0;486.0;404.0;528;750.0;623.0;526.0;669;431;222;158;8;0.0
1156;4.0;1.0;602.0;459.0;380.0;553;755.0;592.0;497.0;699;170;34;29;0;1.0
1164;4.0;1.0;578.0;470.0;420.0;491;763.0;627.0;573.0;656;38;37;36;0;1.0
1170;4.0;2.0;716.0;516.0;411.0;601;892.0;661.0;510.0;751;36;16;12;2;1.0
1171;4.0;2.0;771.0;579.0;454.0;638;961.0;739.0;588.0;805;34;14;20;0;1.0
1172;4.0;2.0;652.0;439.0;381.0;547;824.0;572.0;482.0;695;31;10;13;0;1.0
1173;4.0;2.0;730.0;525.0;417.0;566;909.0;658.0;530.0;708;60;52;40;7;1.0
1174;4.0;2.0;611.0;458.0;372.0;511;776.0;588.0;495.0;658;28;10;15;1;1.0
1179;4.0;2.0;524.0;421.0;374.0;448;630.0;503.0;443.0;535;25;16;15;3;1.0
1183;4.0;2.0;484.0;394.0;275.0;368;542.0;443.0;311.0;413;10;22;18;1;1.0
1216;4.0;1.0;482.0;392.0;326.0;401;602.0;478.0;396.0;494;41;28;41;0;1.0
1238;4.0;1.0;593.0;461.0;407.0;492;737.0;571.0;507.0;612;28;16;23;2;1.0
1249;4.0;2.0;624.0;469.0;388.0;490;806.0;593.0;482.0;621;49;42;33;15;1.0
1253;4.0;2.0;?;?;?;361;?;?;?;447;0;0;0;0;1.0
1258;4.0;2.0;362.0;333.0;315.0;336;441.0;398.0;376.0;403;40;17;41;4;1.0
1262;4.0;2.0;507.0;393.0;358.0;429;637.0;523.0;468.0;549;43;21;23;7;1.0
1264;4.0;1.0;715.0;561.0;511.0;637;930.0;737.0;645.0;829;130;72;22;7;1.0
1302;4.0;1.0;614.0;494.0;404.0;500;754.0;616.0;497.0;618;38;55;42;0;1.0
1305;4.0;0.0;952.0;658.0;519.0;824;1144.0;814.0;653.0;1000;533;139;145;0;0.0
1312;4.0;0.0;764.0;513.0;433.0;650;939.0;631.0;533.0;799;834;229;209;0;0.0
1313;4.0;0.0;683.0;478.0;404.0;561;840.0;588.0;496.0;689;535;190;234;0;0.0
1314;4.0;0.0;708.0;488.0;423.0;574;870.0;599.0;520.0;705;319;161;138;0;0.0
1315;4.0;0.0;741.0;497.0;421.0;609;910.0;611.0;517.0;748;817;267;298;0;0.0
1316;4.0;0.0;670.0;461.0;390.0;514;824.0;567.0;479.0;632;183;80;140;0;0.0
1317;4.0;0.0;723.0;487.0;401.0;595;888.0;598.0;493.0;732;405;147;130;0;0.0
1319;4.0;0.0;624.0;449.0;380.0;520;767.0;552.0;467.0;639;154;83;74;0;0.0
1320;4.0;0.0;712.0;473.0;401.0;578;875.0;581.0;493.0;711;371;125;145;0;0.0
1321;4.0;0.0;677.0;464.0;391.0;537;832.0;570.0;481.0;660;186;93;92;0;0.0
1322;4.0;1.0;566.0;468.0;406.0;488;716.0;592.0;495.0;610;49;19;39;0;1.0
1325;4.0;1.0;617.0;486.0;405.0;514;811.0;644.0;538.0;680;129;59;80;19;0.0
1326;4.0;1.0;763.0;555.0;487.0;578;938.0;704.0;624.0;729;85;117;90;0;0.0
1328;4.0;0.0;802.0;574.0;484.0;641;1016.0;751.0;636.0;825;485;354;286;27;0.0
1329;4.0;1.0;542.0;420.0;372.0;459;666.0;528.0;468.0;570;172;92;100;10;0.0
1341;4.0;2.0;489.0;408.0;339.0;415;616.0;524.0;429.0;526;30;19;22;3;1.0
1342;4.0;1.0;666.0;499.0;347.0;531;808.0;601.0;416.0;642;48;27;24;9;1.0
1343;4.0;1.0;?;373.0;365.0;381;?;472.0;454.0;478;5;11;6;0;1.0
3948;4.0;1.0;599.0;483.0;397.0;541;751.0;619.0;518.0;684;451;133;117;8;0.0
7993;4.0;1.0;597.0;482.0;377.0;499;752.0;619.0;495.0;637;95;48;50;13;1.0
10395;4.0;1.0;719.0;533.0;452.0;575;904.0;678.0;569.0;725;105;72;76;12;0.0
11649;4.0;1.0;722.0;558.0;414.0;589;911.0;724.0;543.0;754;130;90;83;3;0.0
1345;5.0;1.0;436.0;356.0;321.0;360;527.0;444.0;400.0;444;29;21;40;8;1.0
1347;5.0;2.0;613.0;488.0;398.0;525;776.0;621.0;509.0;665;63;38;26;1;1.0
1349;5.0;0.0;480.0;390.0;333.0;385;565.0;463.0;399.0;458;151;111;129;35;0.0
1350;5.0;0.0;598.0;447.0;403.0;517;714.0;534.0;481.0;617;483;255;188;0;0.0
1353;5.0;2.0;439.0;385.0;342.0;392;516.0;452.0;402.0;460;73;35;52;5;1.0
1358;5.0;2.0;429.0;353.0;297.0;340;508.0;427.0;363.0;410;49;31;37;7;1.0
1360;5.0;2.0;480.0;406.0;351.0;418;568.0;485.0;424.0;498;159;90;111;8;0.0
1363;5.0;2.0;489.0;434.0;349.0;424;626.0;531.0;428.0;527;16;26;12;2;1.0
1365;5.0;1.0;474.0;422.0;360.0;397;559.0;498.0;425.0;468;47;45;63;15;1.0
1370;5.0;0.0;652.0;494.0;421.0;528;797.0;615.0;519.0;649;457;301;227;93;0.0
1371;5.0;0.0;623.0;479.0;430.0;509;756.0;588.0;525.0;620;142;106;101;6;0.0
1372;5.0;2.0;452.0;381.0;324.0;402;546.0;460.0;406.0;490;52;25;26;0;1.0
4509;5.0;1.0;522.0;422.0;385.0;451;642.0;524.0;480.0;558;62;56;40;3;1.0
6740;5.0;1.0;596.0;453.0;408.0;467;726.0;561.0;508.0;576;106;108;119;35;0.0
9401;5.0;2.0;?;284.0;251.0;255;?;356.0;318.0;323;3;8;13;8;1.0
1374;6.0;2.0;391.0;343.0;?;340;444.0;400.0;?;393;9;7;5;3;1.0
1378;6.0;1.0;666.0;534.0;397.0;518;856.0;700.0;536.0;680;118;119;137;16;0.0
1379;6.0;2.0;619.0;461.0;366.0;499;810.0;613.0;477.0;654;63;35;30;11;1.0
1380;6.0;1.0;658.0;516.0;477.0;575;883.0;711.0;652.0;778;90;36;50;2;1.0
1385;6.0;1.0;685.0;545.0;452.0;545;894.0;733.0;603.0;721;62;43;81;6;1.0
1397;6.0;1.0;524.0;450.0;401.0;471;656.0;576.0;513.0;596;72;44;30;1;1.0
1402;6.0;1.0;697.0;540.0;412.0;553;877.0;686.0;531.0;701;82;51;64;10;1.0
1403;6.0;2.0;546.0;444.0;374.0;435;686.0;566.0;478.0;553;19;55;30;7;1.0
1406;6.0;1.0;644.0;514.0;385.0;522;819.0;673.0;516.0;678;160;125;120;12;0.0
1409;6.0;1.0;548.0;451.0;360.0;430;654.0;544.0;432.0;517;8;34;22;1;1.0
1414;6.0;2.0;706.0;501.0;394.0;550;901.0;650.0;494.0;704;57;49;32;0;1.0
1416;6.0;1.0;505.0;437.0;360.0;434;644.0;551.0;463.0;553;32;29;26;1;1.0
1422;6.0;1.0;529.0;445.0;380.0;439;660.0;566.0;492.0;558;76;131;111;3;0.0
1424;6.0;1.0;734.0;504.0;423.0;597;936.0;641.0;539.0;761;128;57;66;0;1.0
1425;6.0;1.0;650.0;515.0;400.0;535;856.0;689.0;547.0;714;47;47;33;0;1.0
1426;6.0;0.0;928.0;522.0;444.0;708;1127.0;643.0;548.0;863;404;118;191;6;0.0
1434;7.0;0.0;746.0;520.0;417.0;555;897.0;641.0;505.0;673;165;119;125;37;0.0
1437;7.0;0.0;611.0;449.0;385.0;482;718.0;533.0;459.0;570;123;141;104;6;0.0
1443;7.0;1.0;623.0;480.0;399.0;482;814.0;638.0;534.0;637;86;67;70;35;0.0
1444;7.0;0.0;729.0;542.0;447.0;610;874.0;653.0;536.0;733;316;175;134;12;0.0
1445;7.0;0.0;857.0;552.0;427.0;618;1080.0;710.0;546.0;785;192;157;154;25;0.0
1448;7.0;0.0;656.0;483.0;403.0;481;780.0;591.0;494.0;587;241;282;189;111;0.0
1452;7.0;2.0;?;360.0;288.0;330;?;453.0;364.0;413;3;10;17;0;1.0
1460;7.0;2.0;457.0;362.0;293.0;350;536.0;435.0;349.0;415;12;12;21;2;1.0
29100;7.0;1.0;559.0;476.0;390.0;491;686.0;586.0;482.0;604;184;113;95;8;0.0
1428;8.0;1.0;545.0;435.0;359.0;379;716.0;583.0;491.0;515;29;47;61;34;1.0
1429;8.0;2.0;492.0;405.0;?;417;613.0;511.0;?;528;8;14;3;1;1.0
1431;8.0;0.0;723.0;531.0;422.0;556;922.0;693.0;554.0;721;341;319;217;65;0.0
1433;8.0;2.0;448.0;373.0;334.0;376;565.0;449.0;396.0;456;14;12;22;1;1.0
1466;9.0;1.0;488.0;420.0;350.0;394;598.0;508.0;424.0;477;39;77;84;15;1.0
1468;9.0;1.0;438.0;482.0;351.0;403;520.0;570.0;421.0;480;23;22;37;4;1.0
1479;9.0;1.0;457.0;369.0;310.0;365;556.0;452.0;383.0;446;70;130;84;7;0.0
1480;9.0;1.0;524.0;426.0;359.0;424;661.0;543.0;460.0;540;103;123;111;27;0.0
1481;9.0;1.0;580.0;426.0;394.0;461;750.0;559.0;517.0;601;183;147;159;30;0.0
1487;9.0;2.0;534.0;424.0;357.0;436;676.0;547.0;472.0;563;32;18;37;0;1.0
1488;9.0;2.0;440.0;369.0;331.0;369;552.0;473.0;409.0;463;30;18;44;4;1.0
1489;9.0;0.0;564.0;399.0;378.0;473;729.0;525.0;494.0;616;510;316;192;16;0.0
1515;9.0;1.0;542.0;420.0;321.0;457;678.0;519.0;378.0;564;78;43;26;7;1.0
1531;9.0;1.0;622.0;437.0;370.0;477;794.0;561.0;467.0;605;61;52;65;2;1.0
1535;9.0;0.0;613.0;430.0;399.0;501;790.0;567.0;527.0;653;981;721;510;49;0.0
1536;9.0;0.0;693.0;510.0;408.0;513;895.0;654.0;514.0;659;291;200;147;20;0.0
1537;9.0;0.0;571.0;418.0;369.0;455;735.0;547.0;483.0;591;387;319;239;45;0.0
1538;9.0;2.0;495.0;425.0;371.0;416;593.0;513.0;438.0;497;36;37;46;4;1.0
3954;9.0;1.0;560.0;420.0;369.0;435;698.0;527.0;465.0;545;176;207;162;42;0.0
3955;9.0;1.0;489.0;391.0;350.0;390;636.0;505.0;458.0;507;59;65;75;22;1.0
8849;9.0;2.0;413.0;369.0;333.0;348;491.0;451.0;390.0;412;11;14;28;13;1.0
9635;9.0;1.0;558.0;423.0;395.0;433;719.0;553.0;509.0;562;182;261;220;76;0.0
9841;9.0;2.0;498.0;405.0;343.0;408;663.0;544.0;462.0;547;73;81;57;19;1.0
1542;10.0;2.0;527.0;421.0;356.0;426;651.0;528.0;441.0;528;19;24;19;4;1.0
1544;10.0;2.0;444.0;395.0;335.0;371;578.0;519.0;437.0;484;38;24;68;8;1.0
1546;10.0;2.0;462.0;367.0;315.0;347;588.0;457.0;391.0;434;38;32;119;12;1.0
1552;10.0;1.0;503.0;409.0;336.0;383;645.0;520.0;431.0;489;40;43;79;21;1.0
1554;10.0;2.0;515.0;403.0;343.0;399;650.0;519.0;439.0;509;25;20;38;3;1.0
1561;10.0;1.0;456.0;375.0;333.0;396;588.0;491.0;437.0;515;75;50;51;2;1.0
1564;10.0;0.0;796.0;547.0;451.0;608;972.0;686.0;567.0;753;203;177;161;8;0.0
1566;10.0;2.0;471.0;382.0;339.0;379;596.0;490.0;439.0;487;37;39;49;17;1.0
1569;10.0;0.0;684.0;517.0;462.0;558;862.0;665.0;594.0;711;235;206;167;17;0.0
1570;10.0;2.0;457.0;386.0;360.0;398;587.0;496.0;460.0;511;44;58;40;4;1.0
1572;10.0;1.0;495.0;408.0;328.0;363;623.0;509.0;407.0;453;105;135;254;109;0.0
1574;10.0;0.0;666.0;474.0;390.0;502;817.0;594.0;493.0;624;258;254;241;40;0.0
1577;10.0;1.0;523.0;428.0;353.0;399;661.0;542.0;445.0;506;69;116;111;54;0.0
1580;10.0;1.0;555.0;423.0;351.0;433;686.0;538.0;435.0;540;76;78;81;11;1.0
1586;10.0;2.0;516.0;454.0;329.0;450;630.0;550.0;390.0;546;21;9;10;0;1.0
1591;10.0;2.0;370.0;308.0;294.0;317;439.0;368.0;355.0;379;16;17;17;5;1.0
1598;10.0;0.0;619.0;444.0;378.0;489;768.0;553.0;464.0;607;650;552;391;64;0.0
1599;10.0;1.0;477.0;386.0;344.0;390;603.0;496.0;445.0;500;88;90;114;19;0.0
1601;10.0;1.0;466.0;391.0;353.0;392;595.0;502.0;454.0;502;98;50;97;27;0.0
1602;10.0;1.0;447.0;388.0;340.0;373;571.0;496.0;440.0;479;47;41;80;11;1.0
3484;10.0;2.0;429.0;371.0;312.0;388;519.0;492.0;390.0;484;19;12;6;1;1.0
1610;11.0;0.0;713.0;532.0;458.0;570;887.0;677.0;587.0;719;442;285;272;100;0.0
21078;11.0;2.0;513.0;?;396.0;449;654.0;?;512.0;576;8;4;8;0;1.0
29020;11.0;2.0;576.0;461.0;414.0;467;731.0;591.0;534.0;598;43;47;37;14;1.0
1846;12.0;2.0;367.0;324.0;286.0;313;473.0;412.0;359.0;398;16;13;28;3;1.0
1847;12.0;2.0;484.0;416.0;339.0;382;606.0;522.0;440.0;486;20;12;30;10;1.0
1850;12.0;2.0;464.0;413.0;334.0;395;572.0;507.0;405.0;483;23;36;22;8;1.0
1852;12.0;2.0;436.0;361.0;312.0;338;512.0;445.0;379.0;407;11;10;25;8;1.0
1854;12.0;2.0;516.0;421.0;340.0;436;671.0;541.0;459.0;570;30;21;22;0;1.0
1856;12.0;2.0;578.0;426.0;368.0;468;693.0;534.0;463.0;574;31;22;17;5;1.0
1859;12.0;2.0;411.0;356.0;308.0;355;548.0;470.0;406.0;472;30;14;16;12;1.0
1860;12.0;1.0;601.0;458.0;409.0;481;762.0;578.0;496.0;600;101;61;107;16;0.0
1866;12.0;2.0;411.0;331.0;301.0;345;490.0;401.0;366.0;418;26;11;29;1;1.0
1867;12.0;2.0;385.0;320.0;295.0;329;481.0;405.0;377.0;416;22;31;20;2;1.0
1868;12.0;2.0;642.0;517.0;405.0;513;809.0;641.0;496.0;638;46;36;52;3;1.0
1869;12.0;0.0;684.0;506.0;404.0;534;842.0;635.0;514.0;666;467;353;284;84;0.0
1873;12.0;2.0;419.0;363.0;314.0;363;531.0;438.0;378.0;445;37;35;31;6;1.0
1874;12.0;2.0;478.0;399.0;347.0;404;630.0;548.0;445.0;531;63;26;50;16;1.0
1879;12.0;2.0;389.0;331.0;303.0;341;495.0;414.0;365.0;425;20;29;16;1;1.0
1880;12.0;2.0;379.0;356.0;334.0;337;465.0;427.0;396.0;405;7;20;28;8;1.0
1881;12.0;1.0;?;?;?;302;?;?;?;373;0;0;0;0;1.0
1883;12.0;2.0;430.0;372.0;311.0;344;531.0;477.0;394.0;434;9;16;27;6;1.0
1887;12.0;2.0;491.0;377.0;339.0;394;645.0;473.0;434.0;504;25;11;17;14;1.0
1889;12.0;2.0;431.0;374.0;325.0;362;541.0;471.0;401.0;450;29;15;44;8;1.0
1890;12.0;1.0;586.0;469.0;390.0;447;730.0;591.0;491.0;561;155;152;226;89;0.0
1891;12.0;2.0;351.0;315.0;309.0;323;443.0;392.0;358.0;396;19;23;14;2;1.0
1892;12.0;0.0;706.0;509.0;432.0;579;872.0;643.0;549.0;723;486;308;260;10;0.0
1893;12.0;2.0;?;?;287.0;303;?;?;348.0;366;4;5;6;12;1.0
1896;12.0;2.0;447.0;370.0;308.0;358;564.0;469.0;385.0;451;25;21;29;4;1.0
1899;12.0;2.0;?;314.0;289.0;292;?;388.0;355.0;359;5;13;22;14;1.0
1900;12.0;2.0;351.0;312.0;269.0;294;420.0;386.0;335.0;363;8;11;19;7;1.0
1616;13.0;1.0;448.0;391.0;354.0;391;566.0;498.0;453.0;498;157;111;100;7;0.0
1617;13.0;2.0;424.0;338.0;266.0;336;540.0;430.0;338.0;428;16;20;19;1;1.0
1620;13.0;1.0;466.0;382.0;337.0;368;588.0;487.0;433.0;471;128;99;113;120;0.0
1621;13.0;2.0;391.0;329.0;292.0;338;499.0;425.0;381.0;436;39;35;35;1;1.0
1624;13.0;2.0;?;?;?;341;?;?;?;448;0;0;0;0;1.0
1626;13.0;0.0;514.0;408.0;373.0;438;640.0;514.0;472.0;550;217;165;155;9;0.0
1633;14.0;2.0;527.0;425.0;362.0;418;648.0;523.0;449.0;517;41;28;50;18;1.0
1634;14.0;2.0;434.0;379.0;339.0;372;528.0;461.0;402.0;447;18;16;19;16;1.0
1635;14.0;2.0;507.0;405.0;333.0;402;599.0;473.0;394.0;474;9;9;14;0;1.0
1639;14.0;2.0;?;?;?;312;?;?;?;370;0;0;0;0;1.0
1641;14.0;1.0;570.0;464.0;378.0;442;679.0;562.0;449.0;529;75;88;100;30;0.0
1664;14.0;2.0;446.0;422.0;345.0;392;551.0;524.0;435.0;489;12;15;23;0;1.0
1665;14.0;2.0;?;?;?;349;?;?;?;446;0;0;0;0;1.0
1666;14.0;2.0;399.0;351.0;295.0;351;487.0;435.0;374.0;435;30;23;24;1;1.0
1671;14.0;1.0;702.0;543.0;427.0;524;857.0;681.0;527.0;648;120;173;152;55;0.0
1674;14.0;1.0;442.0;373.0;333.0;364;515.0;438.0;393.0;428;190;161;120;87;0.0
1678;14.0;2.0;?;370.0;315.0;355;?;458.0;390.0;438;5;16;16;0;1.0
1684;14.0;2.0;374.0;331.0;292.0;336;466.0;424.0;370.0;422;27;11;15;4;1.0
1688;14.0;2.0;522.0;424.0;347.0;424;621.0;503.0;410.0;502;16;18;14;3;1.0
1691;14.0;0.0;680.0;480.0;452.0;512;836.0;606.0;558.0;636;93;81;73;11;0.0
1692;14.0;0.0;548.0;436.0;373.0;460;638.0;514.0;445.0;541;289;187;244;0;0.0
1693;14.0;1.0;460.0;378.0;359.0;394;529.0;439.0;418.0;455;139;88;71;0;0.0
1694;14.0;1.0;446.0;369.0;320.0;345;509.0;425.0;371.0;399;120;65;77;14;0.0
1696;14.0;2.0;570.0;452.0;374.0;445;729.0;593.0;477.0;572;32;42;47;8;1.0
1700;14.0;2.0;400.0;358.0;305.0;358;486.0;445.0;366.0;438;10;12;6;1;1.0
1703;14.0;2.0;?;357.0;?;319;?;423.0;?;377;1;11;3;4;1.0
1704;14.0;2.0;508.0;414.0;342.0;432;650.0;518.0;416.0;544;35;17;20;5;1.0
1706;14.0;2.0;644.0;475.0;402.0;495;843.0;650.0;543.0;662;26;22;24;5;1.0
1707;14.0;1.0;467.0;392.0;330.0;357;561.0;481.0;407.0;437;37;20;29;52;1.0
1710;14.0;0.0;761.0;536.0;433.0;570;924.0;664.0;536.0;701;164;230;163;6;0.0
1717;14.0;2.0;324.0;263.0;250.0;262;393.0;334.0;307.0;318;13;9;16;31;1.0
1722;14.0;2.0;433.0;397.0;341.0;381;539.0;493.0;407.0;467;16;10;16;5;1.0
1724;14.0;2.0;478.0;409.0;313.0;386;583.0;501.0;383.0;472;34;38;46;6;1.0
1725;14.0;2.0;443.0;339.0;325.0;381;544.0;412.0;385.0;464;20;12;11;1;1.0
1733;14.0;1.0;490.0;405.0;337.0;348;566.0;472.0;394.0;405;20;51;120;23;1.0
1734;14.0;2.0;473.0;399.0;348.0;398;588.0;501.0;437.0;497;24;40;28;5;1.0
1735;14.0;2.0;415.0;337.0;285.0;339;540.0;426.0;352.0;431;23;18;18;2;1.0
1737;14.0;0.0;578.0;435.0;375.0;440;667.0;509.0;443.0;515;314;266;246;112;0.0
1739;14.0;0.0;860.0;596.0;496.0;712;1045.0;735.0;602.0;868;460;209;203;0;0.0
1741;14.0;1.0;391.0;335.0;278.0;320;476.0;412.0;346.0;395;26;22;36;8;1.0
1744;14.0;2.0;465.0;400.0;345.0;395;572.0;540.0;414.0;490;20;9;13;7;1.0
1745;14.0;2.0;372.0;371.0;285.0;345;459.0;462.0;351.0;427;18;21;14;2;1.0
1749;14.0;1.0;484.0;405.0;359.0;416;610.0;517.0;464.0;531;50;58;42;2;1.0
1750;14.0;2.0;448.0;378.0;377.0;382;543.0;479.0;454.0;468;10;25;34;3;1.0
1758;14.0;0.0;564.0;436.0;359.0;422;657.0;517.0;431.0;500;272;255;313;33;0.0
1759;14.0;1.0;531.0;442.0;389.0;453;616.0;520.0;462.0;531;168;126;95;24;0.0
1767;14.0;1.0;463.0;395.0;315.0;409;576.0;493.0;403.0;511;38;36;17;0;1.0
1768;14.0;1.0;551.0;452.0;388.0;439;667.0;548.0;471.0;531;22;78;53;6;1.0
1772;14.0;2.0;?;346.0;291.0;320;?;406.0;347.0;377;5;11;13;2;1.0
1774;14.0;0.0;894.0;586.0;515.0;742;1104.0;724.0;636.0;916;467;138;161;36;0.0
1775;14.0;0.0;682.0;493.0;421.0;570;783.0;574.0;494.0;659;927;520;393;1;0.0
1776;14.0;0.0;656.0;476.0;411.0;513;755.0;555.0;483.0;596;401;369;296;20;0.0
1780;14.0;1.0;506.0;427.0;350.0;421;587.0;500.0;414.0;493;241;171;123;62;0.0
1781;14.0;1.0;510.0;437.0;368.0;452;640.0;569.0;461.0;574;67;54;32;3;1.0
3970;14.0;2.0;576.0;540.0;396.0;487;694.0;660.0;480.0;591;15;12;16;4;1.0
9333;14.0;1.0;499.0;437.0;370.0;433;594.0;516.0;447.0;516;50;62;46;5;1.0
1785;15.0;2.0;415.0;340.0;316.0;347;532.0;427.0;389.0;437;43;45;36;14;1.0
1786;15.0;0.0;517.0;410.0;332.0;384;666.0;537.0;438.0;501;297;160;350;155;0.0
1787;15.0;2.0;?;?;285.0;295;?;?;363.0;376;5;4;26;1;1.0
1788;15.0;1.0;521.0;442.0;366.0;439;650.0;551.0;447.0;544;72;66;77;3;1.0
1792;15.0;2.0;540.0;433.0;361.0;452;695.0;570.0;465.0;587;51;57;38;0;1.0
1793;15.0;2.0;514.0;394.0;338.0;445;639.0;483.0;414.0;551;44;13;22;0;1.0
1795;15.0;1.0;500.0;415.0;351.0;414;602.0;505.0;415.0;496;57;43;58;4;1.0
1798;15.0;2.0;440.0;363.0;325.0;381;549.0;453.0;411.0;477;24;16;20;0;1.0
1799;15.0;2.0;388.0;341.0;291.0;345;479.0;410.0;344.0;418;37;19;28;0;1.0
1800;15.0;2.0;326.0;264.0;228.0;285;439.0;372.0;334.0;395;14;11;6;0;1.0
1801;15.0;2.0;555.0;437.0;377.0;432;682.0;539.0;455.0;524;28;16;35;13;1.0
1803;15.0;2.0;438.0;367.0;305.0;358;544.0;455.0;379.0;444;11;11;13;3;1.0
1804;15.0;1.0;487.0;408.0;358.0;382;620.0;515.0;433.0;469;16;38;52;19;1.0
1808;15.0;1.0;493.0;421.0;377.0;384;636.0;545.0;477.0;491;35;38;58;50;1.0
1809;15.0;0.0;674.0;479.0;399.0;540;852.0;615.0;507.0;685;624;344;305;1;0.0
1811;15.0;2.0;?;405.0;327.0;341;?;529.0;424.0;443;5;12;24;0;1.0
1812;15.0;1.0;498.0;408.0;340.0;385;648.0;534.0;444.0;503;53;106;123;15;0.0
1813;15.0;1.0;643.0;469.0;405.0;469;820.0;604.0;514.0;599;170;217;215;1;0.0
1814;15.0;2.0;519.0;432.0;380.0;397;665.0;548.0;482.0;504;13;21;29;0;1.0
1815;15.0;1.0;544.0;446.0;355.0;410;694.0;575.0;449.0;522;25;63;33;0;1.0
1816;15.0;1.0;544.0;445.0;391.0;420;696.0;571.0;495.0;537;32;56;57;0;1.0
1817;15.0;1.0;529.0;408.0;369.0;422;679.0;526.0;470.0;540;41;24;42;0;1.0
1820;15.0;2.0;412.0;340.0;289.0;340;527.0;416.0;348.0;420;24;22;17;11;1.0
1821;15.0;2.0;420.0;329.0;303.0;330;520.0;411.0;379.0;411;15;23;34;5;1.0
1822;15.0;2.0;396.0;342.0;294.0;335;492.0;431.0;367.0;418;22;23;34;2;1.0
1824;15.0;2.0;?;282.0;252.0;269;?;340.0;314.0;328;3;11;10;4;1.0
1825;15.0;0.0;721.0;485.0;423.0;562;920.0;631.0;548.0;722;603;411;400;29;0.0
1827;15.0;1.0;519.0;413.0;364.0;405;677.0;541.0;479.0;530;47;105;74;21;1.0
1830;15.0;2.0;608.0;522.0;447.0;549;797.0;679.0;568.0;715;51;29;21;0;1.0
1832;15.0;2.0;?;334.0;313.0;316;?;393.0;371.0;373;3;8;21;5;1.0
1833;15.0;2.0;373.0;374.0;312.0;344;486.0;478.0;400.0;443;13;12;19;1;1.0
1834;15.0;2.0;324.0;264.0;235.0;265;426.0;350.0;316.0;353;6;6;9;2;1.0
1835;15.0;2.0;307.0;234.0;199.0;232;382.0;295.0;246.0;290;11;11;18;4;1.0
1836;15.0;2.0;524.0;391.0;331.0;388;675.0;509.0;435.0;505;21;43;52;1;1.0
1837;15.0;2.0;357.0;?;?;332;405.0;?;?;376;6;3;5;1;1.0
1838;15.0;2.0;404.0;352.0;300.0;355;555.0;486.0;382.0;480;36;31;25;3;1.0
1839;15.0;2.0;395.0;324.0;291.0;340;485.0;395.0;356.0;415;23;28;10;3;1.0
1840;15.0;0.0;798.0;562.0;470.0;637;985.0;701.0;573.0;787;274;195;164;11;0.0
1842;15.0;1.0;559.0;423.0;372.0;446;681.0;525.0;459.0;548;67;58;74;5;1.0
1844;15.0;2.0;612.0;474.0;371.0;501;770.0;602.0;482.0;637;31;22;20;1;1.0
9563;15.0;0.0;500.0;394.0;343.0;423;647.0;513.0;438.0;545;248;133;151;16;0.0
1903;16.0;2.0;369.0;318.0;288.0;327;443.0;396.0;346.0;397;18;18;16;0;1.0
1904;16.0;2.0;335.0;280.0;248.0;281;415.0;360.0;308.0;350;16;9;24;2;1.0
1905;16.0;2.0;325.0;285.0;267.0;285;408.0;356.0;336.0;358;16;19;8;5;1.0
1915;16.0;1.0;446.0;378.0;325.0;377;556.0;475.0;412.0;474;84;56;71;21;1.0
1926;16.0;1.0;450.0;381.0;331.0;375;567.0;484.0;425.0;477;103;76;70;4;0.0
1927;16.0;1.0;435.0;390.0;330.0;367;553.0;499.0;427.0;471;67;67;78;26;1.0
1928;16.0;0.0;550.0;419.0;368.0;440;686.0;530.0;466.0;554;305;231;259;63;0.0
1929;16.0;2.0;337.0;290.0;265.0;293;394.0;343.0;299.0;340;11;14;10;3;1.0
1933;16.0;2.0;318.0;274.0;254.0;272;397.0;353.0;313.0;342;7;16;11;3;1.0
1937;16.0;2.0;338.0;292.0;264.0;284;410.0;348.0;309.0;338;13;12;22;8;1.0
1940;16.0;2.0;340.0;318.0;278.0;311;415.0;388.0;341.0;380;16;10;10;3;1.0
1943;16.0;2.0;336.0;301.0;261.0;282;390.0;358.0;313.0;335;10;11;15;5;1.0
1946;16.0;2.0;304.0;?;222.0;257;385.0;?;282.0;326;8;5;8;3;1.0
1948;16.0;0.0;579.0;422.0;367.0;485;714.0;529.0;458.0;603;474;297;204;6;0.0
1949;16.0;1.0;594.0;438.0;333.0;457;719.0;540.0;416.0;561;76;55;59;11;1.0
1950;16.0;1.0;555.0;417.0;361.0;415;679.0;518.0;450.0;514;101;154;188;24;0.0
7032;16.0;2.0;371.0;305.0;265.0;300;457.0;378.0;329.0;372;18;12;24;6;1.0
10256;16.0;2.0;335.0;316.0;278.0;296;374.0;368.0;327.0;342;11;16;16;7;1.0
1954;17.0;1.0;473.0;385.0;326.0;394;583.0;480.0;396.0;482;32;18;27;7;1.0
1955;17.0;2.0;552.0;428.0;355.0;436;675.0;518.0;421.0;525;32;43;31;6;1.0
1958;17.0;2.0;?;322.0;273.0;299;?;390.0;324.0;357;4;10;14;4;1.0
1959;17.0;2.0;342.0;278.0;252.0;277;422.0;350.0;318.0;347;12;11;16;7;1.0
1960;17.0;2.0;359.0;315.0;289.0;313;416.0;370.0;333.0;363;15;22;26;3;1.0
1961;17.0;2.0;521.0;418.0;351.0;431;653.0;514.0;423.0;532;27;21;21;4;1.0
1962;17.0;2.0;354.0;291.0;272.0;286;438.0;362.0;337.0;355;17;23;32;20;1.0
1963;17.0;1.0;519.0;439.0;371.0;442;648.0;551.0;468.0;555;237;135;185;29;0.0
1964;17.0;2.0;398.0;338.0;297.0;343;493.0;418.0;352.0;420;29;18;19;6;1.0
1968;17.0;2.0;460.0;403.0;329.0;377;576.0;505.0;416.0;474;26;35;52;5;1.0
1969;17.0;2.0;383.0;326.0;292.0;327;474.0;404.0;358.0;405;17;18;11;5;1.0
1972;17.0;2.0;?;359.0;278.0;294;?;427.0;331.0;349;2;7;11;18;1.0
1976;17.0;1.0;478.0;395.0;322.0;373;600.0;498.0;410.0;472;87;89;123;37;0.0
1977;17.0;1.0;462.0;396.0;342.0;383;601.0;520.0;451.0;503;95;101;101;7;0.0
1980;17.0;2.0;359.0;314.0;275.0;304;434.0;377.0;332.0;367;8;25;15;3;1.0
1987;17.0;2.0;447.0;393.0;318.0;384;627.0;526.0;424.0;521;18;25;18;2;1.0
1988;17.0;2.0;314.0;287.0;255.0;277;383.0;353.0;304.0;335;11;20;8;9;1.0
1989;17.0;0.0;634.0;473.0;418.0;521;760.0;574.0;504.0;628;470;416;308;6;0.0
1999;17.0;0.0;584.0;442.0;368.0;476;715.0;547.0;449.0;584;276;208;169;12;0.0
2001;17.0;2.0;352.0;324.0;277.0;312;432.0;394.0;345.0;382;12;30;18;1;1.0
2002;17.0;1.0;485.0;408.0;347.0;413;613.0;517.0;442.0;524;223;135;144;43;0.0
9275;17.0;1.0;506.0;427.0;350.0;388;623.0;529.0;432.0;478;83;96;90;14;0.0
2003;18.0;2.0;499.0;380.0;324.0;412;625.0;468.0;396.0;512;28;20;16;2;1.0
2004;18.0;2.0;494.0;373.0;342.0;350;567.0;437.0;398.0;406;8;15;59;10;1.0
2005;18.0;2.0;440.0;361.0;316.0;338;535.0;439.0;385.0;412;72;67;82;40;0.0
2006;18.0;1.0;442.0;392.0;329.0;349;491.0;437.0;369.0;391;48;48;124;45;0.0
2007;18.0;2.0;375.0;324.0;308.0;338;484.0;427.0;401.0;440;25;13;18;4;1.0
2008;18.0;1.0;472.0;408.0;344.0;391;549.0;494.0;418.0;467;129;93;131;36;0.0
2010;18.0;0.0;594.0;437.0;379.0;464;711.0;527.0;461.0;559;561;387;313;178;0.0
2013;18.0;1.0;458.0;414.0;337.0;385;539.0;498.0;403.0;458;53;37;48;18;1.0
2015;18.0;1.0;512.0;378.0;352.0;404;609.0;453.0;423.0;483;199;128;116;67;0.0
2016;18.0;1.0;593.0;451.0;393.0;476;728.0;560.0;482.0;587;77;103;45;2;1.0
2017;18.0;1.0;456.0;374.0;323.0;363;554.0;458.0;398.0;446;76;77;104;33;0.0
2020;18.0;1.0;459.0;376.0;325.0;343;559.0;458.0;396.0;418;88;102;159;100;0.0
2021;18.0;1.0;418.0;360.0;312.0;335;500.0;432.0;375.0;403;44;47;98;34;1.0
2023;18.0;2.0;?;306.0;325.0;314;?;378.0;400.0;385;1;9;9;6;1.0
2024;18.0;1.0;468.0;405.0;329.0;348;566.0;486.0;398.0;421;68;68;163;90;0.0
2026;18.0;2.0;406.0;329.0;298.0;320;487.0;397.0;361.0;387;23;22;64;11;1.0
2029;18.0;0.0;713.0;514.0;418.0;564;876.0;646.0;514.0;699;172;166;115;3;0.0
2031;18.0;0.0;533.0;409.0;359.0;402;633.0;493.0;434.0;483;147;136;167;98;0.0
2032;18.0;1.0;459.0;389.0;332.0;352;546.0;456.0;386.0;413;37;41;91;34;1.0
9636;18.0;1.0;455.0;392.0;336.0;367;538.0;464.0;398.0;434;100;88;210;48;0.0
2115;19.0;2.0;726.0;516.0;425.0;610;917.0;661.0;546.0;774;87;23;43;0;1.0
2117;19.0;2.0;407.0;364.0;318.0;341;499.0;470.0;377.0;416;6;9;14;4;1.0
2118;19.0;2.0;479.0;400.0;325.0;385;610.0;518.0;413.0;492;22;42;40;3;1.0
2120;19.0;2.0;507.0;393.0;326.0;395;652.0;518.0;407.0;510;24;63;38;0;1.0
2121;19.0;2.0;787.0;613.0;557.0;633;975.0;769.0;700.0;790;31;45;31;3;1.0
2124;19.0;1.0;717.0;566.0;493.0;575;894.0;708.0;599.0;712;48;84;56;10;1.0
2126;19.0;2.0;504.0;402.0;329.0;381;605.0;491.0;405.0;466;17;59;61;2;1.0
2128;19.0;0.0;784.0;569.0;496.0;614;964.0;717.0;604.0;761;165;245;126;10;0.0
2132;19.0;2.0;447.0;352.0;310.0;346;557.0;450.0;384.0;435;9;18;8;6;1.0
2133;19.0;0.0;687.0;493.0;403.0;550;859.0;619.0;496.0;686;142;71;40;3;0.0
2139;19.0;1.0;664.0;469.0;395.0;522;822.0;593.0;488.0;651;58;64;38;0;1.0
2140;19.0;2.0;431.0;353.0;305.0;342;524.0;429.0;371.0;415;10;18;19;5;1.0
2141;19.0;2.0;695.0;506.0;406.0;519;875.0;627.0;500.0;644;44;84;54;4;1.0
2146;19.0;1.0;669.0;502.0;386.0;488;874.0;652.0;494.0;632;21;33;35;3;1.0
2153;19.0;2.0;432.0;352.0;319.0;381;578.0;467.0;424.0;505;35;18;13;5;1.0
2155;19.0;0.0;1009.0;559.0;500.0;793;1236.0;723.0;653.0;989;654;149;255;8;0.0
2158;19.0;2.0;?;336.0;322.0;320;?;403.0;389.0;387;3;7;13;4;1.0
2161;19.0;0.0;664.0;539.0;464.0;587;805.0;662.0;577.0;717;223;191;52;10;0.0
2178;19.0;0.0;903.0;637.0;528.0;757;1124.0;806.0;678.0;951;583;177;164;36;0.0
2183;19.0;1.0;517.0;440.0;400.0;468;672.0;583.0;542.0;617;144;53;41;17;1.0
2184;19.0;1.0;512.0;429.0;395.0;444;644.0;540.0;501.0;560;87;56;70;11;1.0
2187;19.0;2.0;510.0;394.0;361.0;428;642.0;507.0;468.0;546;34;34;21;2;1.0
2189;19.0;1.0;523.0;419.0;378.0;457;662.0;530.0;478.0;578;79;46;44;0;1.0
2190;19.0;1.0;528.0;456.0;370.0;463;669.0;585.0;483.0;593;81;44;30;13;1.0
2192;19.0;2.0;694.0;505.0;400.0;541;866.0;645.0;496.0;678;73;47;51;3;1.0
2199;19.0;0.0;688.0;525.0;460.0;543;880.0;689.0;599.0;705;236;260;176;0;0.0
2206;19.0;2.0;504.0;425.0;345.0;407;627.0;542.0;426.0;513;9;20;14;1;1.0
2208;19.0;1.0;589.0;471.0;386.0;477;724.0;592.0;482.0;593;54;54;53;6;1.0
2209;19.0;1.0;732.0;514.0;405.0;591;932.0;646.0;502.0;747;127;70;59;6;0.0
2210;19.0;1.0;572.0;482.0;420.0;526;722.0;611.0;535.0;665;203;61;32;1;0.0
2211;19.0;1.0;520.0;404.0;321.0;376;643.0;501.0;399.0;467;34;45;78;17;1.0
2217;19.0;2.0;513.0;428.0;354.0;423;657.0;541.0;458.0;539;24;56;36;0;1.0
2218;19.0;1.0;727.0;548.0;484.0;611;925.0;706.0;599.0;777;111;73;33;15;1.0
2219;19.0;0.0;735.0;549.0;447.0;592;964.0;710.0;607.0;777;148;157;98;2;0.0
2221;19.0;0.0;704.0;537.0;438.0;607;880.0;680.0;557.0;762;650;306;146;7;0.0
2222;19.0;1.0;656.0;543.0;445.0;549;813.0;679.0;563.0;686;154;186;100;1;0.0
2224;19.0;2.0;757.0;550.0;453.0;603;988.0;712.0;570.0;779;97;44;74;4;1.0
2226;19.0;1.0;659.0;497.0;437.0;543;823.0;632.0;545.0;682;54;42;29;6;1.0
2227;19.0;2.0;602.0;435.0;357.0;486;740.0;539.0;448.0;601;44;16;25;6;1.0
2228;19.0;1.0;545.0;420.0;362.0;415;662.0;518.0;433.0;505;8;20;20;1;1.0
2229;19.0;2.0;707.0;503.0;417.0;543;923.0;669.0;566.0;719;77;36;88;0;1.0
2233;19.0;1.0;659.0;527.0;451.0;546;842.0;680.0;557.0;693;75;70;58;4;1.0
1436;20.0;2.0;?;344.0;?;352;?;406.0;?;416;5;7;5;0;1.0
2062;20.0;1.0;510.0;433.0;349.0;401;647.0;554.0;452.0;515;31;28;51;14;1.0
2065;20.0;2.0;443.0;377.0;309.0;362;493.0;441.0;365.0;419;19;25;29;3;1.0
2067;20.0;2.0;308.0;297.0;293.0;296;344.0;329.0;325.0;329;17;9;11;5;1.0
2068;20.0;2.0;557.0;435.0;366.0;431;707.0;559.0;476.0;554;26;32;36;4;1.0
2072;20.0;1.0;498.0;423.0;366.0;416;646.0;538.0;468.0;530;76;56;70;8;1.0
2073;20.0;2.0;529.0;387.0;358.0;411;661.0;489.0;452.0;518;21;27;23;4;1.0
2076;20.0;1.0;516.0;425.0;352.0;402;665.0;530.0;434.0;502;14;21;40;1;1.0
2077;20.0;0.0;798.0;542.0;435.0;593;972.0;677.0;551.0;734;330;110;160;52;0.0
2078;20.0;1.0;632.0;500.0;397.0;482;802.0;640.0;511.0;617;50;76;89;5;1.0
2083;20.0;1.0;594.0;517.0;439.0;450;743.0;651.0;558.0;571;26;41;91;42;1.0
2086;20.0;2.0;465.0;384.0;311.0;358;563.0;487.0;382.0;448;14;29;34;4;1.0
2091;20.0;1.0;543.0;445.0;357.0;404;679.0;562.0;458.0;513;54;63;78;8;1.0
2092;20.0;2.0;?;?;?;437;?;?;?;572;0;0;0;0;1.0
2095;20.0;2.0;560.0;426.0;347.0;426;686.0;533.0;430.0;526;24;35;29;9;1.0
2099;20.0;1.0;531.0;433.0;388.0;439;692.0;565.0;505.0;573;141;136;169;25;0.0
2101;20.0;2.0;595.0;455.0;377.0;492;721.0;556.0;466.0;600;125;100;67;7;0.0
2102;20.0;1.0;680.0;560.0;490.0;582;833.0;693.0;612.0;719;62;50;54;0;1.0
2103;20.0;0.0;703.0;487.0;406.0;539;865.0;608.0;505.0;669;535;388;163;133;0.0
2105;20.0;0.0;638.0;455.0;395.0;464;783.0;571.0;491.0;577;87;119;104;32;0.0
2106;20.0;1.0;500.0;455.0;388.0;379;630.0;572.0;493.0;482;8;33;25;5;1.0
2108;20.0;2.0;496.0;419.0;348.0;443;637.0;532.0;421.0;562;33;12;15;0;1.0
2109;20.0;2.0;477.0;379.0;313.0;412;612.0;489.0;400.0;530;36;30;10;3;1.0
2033;21.0;2.0;439.0;354.0;302.0;343;562.0;453.0;389.0;440;15;19;25;4;1.0
2036;21.0;2.0;671.0;490.0;404.0;518;824.0;600.0;494.0;635;45;31;45;6;1.0
2038;21.0;2.0;738.0;527.0;418.0;554;918.0;651.0;503.0;682;41;40;35;4;1.0
2039;21.0;2.0;745.0;515.0;383.0;524;904.0;622.0;453.0;629;43;33;60;4;1.0
2040;21.0;2.0;464.0;348.0;292.0;385;594.0;448.0;377.0;496;47;26;13;14;1.0
2041;21.0;2.0;436.0;347.0;320.0;356;555.0;442.0;415.0;456;9;10;12;2;1.0
2043;21.0;2.0;407.0;358.0;302.0;334;454.0;401.0;338.0;374;12;13;18;6;1.0
2050;21.0;1.0;450.0;380.0;323.0;354;545.0;468.0;396.0;434;11;22;39;4;1.0
2051;21.0;2.0;?;321.0;283.0;295;?;391.0;353.0;370;4;8;33;0;1.0
2052;21.0;2.0;?;338.0;297.0;318;?;404.0;341.0;374;2;7;8;0;1.0
2053;21.0;0.0;574.0;436.0;366.0;449;716.0;552.0;463.0;566;122;197;102;19;0.0
2055;21.0;2.0;465.0;355.0;284.0;360;582.0;459.0;366.0;462;7;24;8;0;1.0
6858;21.0;2.0;355.0;261.0;261.0;285;418.0;313.0;313.0;340;8;7;16;0;1.0
9762;21.0;1.0;584.0;439.0;362.0;459;724.0;558.0;459.0;578;78;144;61;7;0.0
2234;22.0;2.0;439.0;365.0;316.0;386;559.0;466.0;407.0;493;37;8;14;7;1.0
2235;22.0;2.0;562.0;443.0;346.0;462;716.0;573.0;437.0;589;47;27;33;2;1.0
2236;22.0;2.0;523.0;408.0;335.0;422;645.0;515.0;423.0;527;25;27;21;2;1.0
2239;22.0;2.0;387.0;313.0;275.0;319;491.0;376.0;331.0;392;27;32;27;4;1.0
2241;22.0;2.0;471.0;410.0;363.0;446;604.0;527.0;461.0;571;152;33;20;7;1.0
2243;22.0;1.0;588.0;460.0;397.0;490;768.0;612.0;534.0;648;230;191;137;23;0.0
2247;22.0;2.0;342.0;304.0;257.0;289;428.0;377.0;340.0;369;10;12;15;3;1.0
2252;22.0;2.0;309.0;?;?;295;377.0;?;?;362;1;2;4;0;1.0
2259;22.0;1.0;560.0;447.0;389.0;462;722.0;590.0;519.0;605;318;171;160;17;0.0
2260;22.0;1.0;546.0;470.0;409.0;467;713.0;631.0;566.0;628;143;160;151;10;0.0
2266;22.0;2.0;353.0;287.0;254.0;283;474.0;376.0;326.0;371;9;19;12;4;1.0
2268;22.0;2.0;568.0;479.0;387.0;467;726.0;619.0;508.0;604;91;105;118;7;0.0
2273;22.0;2.0;515.0;420.0;350.0;443;681.0;559.0;455.0;585;70;49;38;2;1.0
2275;22.0;2.0;553.0;440.0;352.0;452;696.0;569.0;440.0;571;36;25;24;7;1.0
2282;22.0;2.0;482.0;395.0;352.0;382;576.0;465.0;430.0;459;19;12;42;11;1.0
2284;22.0;2.0;433.0;365.0;290.0;348;534.0;450.0;358.0;429;7;26;13;3;1.0
2290;22.0;0.0;651.0;493.0;413.0;555;843.0;663.0;569.0;732;949;494;350;47;0.0
2292;22.0;1.0;668.0;482.0;420.0;511;854.0;638.0;563.0;671;99;124;95;11;0.0
2293;22.0;2.0;510.0;446.0;357.0;422;661.0;596.0;473.0;557;32;35;38;7;1.0
2301;22.0;1.0;571.0;459.0;347.0;467;749.0;609.0;468.0;619;149;72;61;21;0.0
2307;22.0;1.0;633.0;518.0;432.0;534;831.0;690.0;582.0;710;123;142;85;8;0.0
2308;22.0;2.0;400.0;?;306.0;329;487.0;?;357.0;390;13;4;23;2;1.0
2314;22.0;1.0;499.0;448.0;364.0;446;642.0;586.0;482.0;580;91;40;29;6;1.0
2316;22.0;2.0;?;342.0;300.0;325;?;443.0;383.0;418;2;31;23;1;1.0
2318;22.0;2.0;368.0;321.0;284.0;320;455.0;398.0;370.0;400;22;15;19;6;1.0
2326;22.0;1.0;552.0;452.0;408.0;451;701.0;583.0;531.0;582;70;66;51;0;1.0
2327;22.0;1.0;566.0;460.0;409.0;437;708.0;582.0;522.0;555;43;46;57;1;1.0
2329;22.0;0.0;683.0;525.0;447.0;535;846.0;664.0;560.0;669;317;267;216;8;0.0
2330;22.0;0.0;603.0;489.0;396.0;502;755.0;620.0;505.0;633;285;233;189;24;0.0
4673;22.0;2.0;?;?;370.0;385;?;?;481.0;496;5;4;25;2;1.0
6771;22.0;2.0;401.0;333.0;263.0;360;489.0;413.0;331.0;442;29;11;6;2;1.0
9092;22.0;0.0;777.0;577.0;460.0;605;955.0;731.0;595.0;760;850;419;472;9;0.0
2334;23.0;2.0;432.0;356.0;314.0;357;559.0;449.0;387.0;450;35;29;58;1;1.0
2336;23.0;1.0;490.0;403.0;341.0;419;629.0;520.0;443.0;539;91;40;50;11;1.0
2340;23.0;2.0;638.0;486.0;394.0;521;807.0;604.0;505.0;659;68;36;45;4;1.0
2341;23.0;2.0;493.0;404.0;334.0;381;595.0;512.0;405.0;468;18;50;47;8;1.0
2342;23.0;2.0;428.0;369.0;326.0;356;515.0;448.0;385.0;427;27;53;54;9;1.0
2343;23.0;2.0;461.0;374.0;327.0;345;568.0;466.0;421.0;436;14;31;50;18;1.0
2345;23.0;1.0;563.0;429.0;366.0;402;702.0;538.0;465.0;508;31;104;146;29;0.0
2346;23.0;2.0;527.0;419.0;356.0;413;638.0;503.0;426.0;496;47;38;60;21;1.0
2347;23.0;2.0;407.0;363.0;319.0;353;493.0;443.0;394.0;433;14;12;23;1;1.0
2353;23.0;2.0;486.0;402.0;338.0;408;625.0;507.0;423.0;518;59;47;44;12;1.0
2354;23.0;1.0;556.0;451.0;342.0;461;706.0;575.0;424.0;583;58;29;27;8;1.0
2358;23.0;2.0;639.0;492.0;406.0;514;807.0;622.0;500.0;645;46;32;36;7;1.0
2360;23.0;1.0;523.0;441.0;371.0;453;662.0;567.0;482.0;580;210;138;125;16;0.0
2367;23.0;1.0;512.0;421.0;353.0;419;651.0;544.0;461.0;540;131;65;120;29;0.0
2371;23.0;2.0;373.0;339.0;313.0;333;510.0;454.0;406.0;441;13;16;27;1;1.0
2375;23.0;2.0;525.0;417.0;355.0;459;686.0;551.0;466.0;602;57;40;19;1;1.0
2377;23.0;1.0;518.0;417.0;354.0;441;662.0;546.0;464.0;570;259;143;146;25;0.0
2379;23.0;2.0;512.0;412.0;353.0;418;672.0;523.0;435.0;532;37;44;38;6;1.0
2380;23.0;1.0;488.0;396.0;295.0;389;595.0;483.0;358.0;473;28;23;27;3;1.0
2382;23.0;2.0;551.0;417.0;355.0;446;673.0;509.0;430.0;543;82;93;49;11;1.0
2388;23.0;1.0;551.0;446.0;386.0;458;719.0;591.0;520.0;606;90;112;72;11;0.0
2389;23.0;2.0;533.0;399.0;334.0;389;697.0;534.0;457.0;522;27;23;45;17;1.0
2394;23.0;2.0;515.0;420.0;358.0;430;652.0;537.0;454.0;547;118;73;85;17;0.0
3969;23.0;0.0;662.0;468.0;418.0;557;842.0;613.0;552.0;719;785;468;271;12;0.0
9058;23.0;2.0;430.0;356.0;313.0;375;597.0;464.0;404.0;503;43;48;12;7;1.0
2449;24.0;2.0;379.0;340.0;295.0;317;459.0;404.0;349.0;377;10;13;17;12;1.0
2453;24.0;2.0;402.0;336.0;252.0;310;478.0;403.0;308.0;374;11;20;22;3;1.0
2454;24.0;1.0;517.0;440.0;379.0;429;630.0;538.0;467.0;526;158;103;135;53;0.0
2456;24.0;2.0;362.0;307.0;273.0;299;437.0;375.0;336.0;364;10;11;22;3;1.0
2460;24.0;2.0;396.0;348.0;297.0;332;463.0;406.0;347.0;388;9;20;22;1;1.0
2461;24.0;2.0;448.0;394.0;323.0;375;546.0;483.0;400.0;460;26;23;31;2;1.0
2466;24.0;2.0;350.0;298.0;302.0;304;431.0;370.0;374.0;377;12;6;8;14;1.0
2473;24.0;2.0;440.0;?;299.0;373;535.0;?;357.0;450;26;1;13;7;1.0
2479;24.0;1.0;414.0;335.0;282.0;308;506.0;413.0;350.0;381;22;22;45;30;1.0
2480;24.0;1.0;416.0;367.0;306.0;340;477.0;422.0;354.0;392;15;27;55;0;1.0
2482;24.0;1.0;449.0;355.0;310.0;359;548.0;434.0;378.0;442;26;13;27;12;1.0
2488;24.0;2.0;489.0;406.0;349.0;389;592.0;496.0;430.0;476;42;50;67;28;1.0
2489;24.0;2.0;?;318.0;285.0;302;?;379.0;334.0;357;4;18;22;3;1.0
2490;24.0;2.0;473.0;393.0;334.0;385;580.0;483.0;414.0;474;44;44;64;9;1.0
2495;24.0;1.0;505.0;411.0;342.0;385;615.0;502.0;422.0;473;54;103;142;27;0.0
2496;24.0;1.0;526.0;404.0;348.0;379;634.0;490.0;425.0;461;48;49;85;36;1.0
2498;24.0;2.0;341.0;320.0;283.0;299;407.0;388.0;336.0;356;10;8;24;3;1.0
2499;24.0;2.0;448.0;380.0;350.0;369;548.0;460.0;422.0;448;15;31;33;9;1.0
2500;24.0;2.0;446.0;392.0;350.0;393;547.0;483.0;425.0;482;27;25;23;4;1.0
2501;24.0;1.0;505.0;432.0;359.0;416;612.0;527.0;441.0;508;113;99;106;45;0.0
2503;24.0;1.0;516.0;422.0;364.0;417;617.0;510.0;441.0;502;247;151;180;43;0.0
2506;24.0;0.0;657.0;475.0;402.0;500;783.0;575.0;484.0;600;133;111;120;31;0.0
2512;24.0;2.0;?;?;?;282;?;?;?;364;0;0;0;0;1.0
2516;24.0;0.0;603.0;456.0;407.0;485;729.0;560.0;499.0;592;336;256;244;63;0.0
2517;24.0;0.0;663.0;508.0;454.0;564;802.0;626.0;557.0;686;114;79;56;4;1.0
2518;24.0;0.0;580.0;445.0;381.0;473;702.0;545.0;467.0;577;151;167;107;9;0.0
2519;24.0;0.0;576.0;460.0;412.0;476;699.0;561.0;503.0;579;86;103;110;5;0.0
2520;24.0;0.0;782.0;534.0;451.0;601;952.0;652.0;540.0;730;264;136;175;18;0.0
2521;24.0;1.0;505.0;435.0;325.0;395;623.0;542.0;414.0;495;28;29;55;0;1.0
2523;24.0;2.0;451.0;390.0;298.0;381;549.0;481.0;361.0;465;17;17;12;4;1.0
2524;24.0;2.0;422.0;342.0;306.0;364;529.0;458.0;391.0;463;42;12;31;3;1.0
2525;24.0;2.0;370.0;303.0;290.0;312;476.0;374.0;350.0;390;13;13;13;5;1.0
7540;24.0;2.0;?;294.0;281.0;265;?;389.0;360.0;344;1;7;10;11;1.0
9089;24.0;2.0;?;284.0;248.0;258;?;366.0;308.0;324;4;8;21;5;1.0
2396;25.0;2.0;419.0;371.0;326.0;320;534.0;473.0;414.0;406;25;35;35;73;1.0
2397;25.0;2.0;364.0;304.0;298.0;314;423.0;355.0;348.0;366;9;8;15;2;1.0
2398;25.0;2.0;284.0;259.0;?;263;347.0;315.0;?;322;6;12;5;2;1.0
2403;25.0;1.0;400.0;337.0;314.0;337;487.0;413.0;386.0;413;60;32;47;36;1.0
2410;25.0;1.0;425.0;391.0;337.0;362;511.0;471.0;407.0;436;81;79;114;54;0.0
2414;25.0;2.0;498.0;376.0;322.0;387;615.0;478.0;381.0;475;25;27;29;4;1.0
2422;25.0;1.0;400.0;?;306.0;324;492.0;?;379.0;400;33;5;44;30;1.0
2423;25.0;0.0;540.0;432.0;389.0;455;649.0;521.0;471.0;548;278;191;155;40;0.0
2424;25.0;2.0;359.0;331.0;287.0;297;456.0;423.0;370.0;382;25;17;38;26;1.0
2433;25.0;2.0;341.0;280.0;302.0;285;382.0;313.0;337.0;318;11;8;24;18;1.0
2439;25.0;2.0;300.0;267.0;244.0;262;370.0;327.0;289.0;318;17;22;18;9;1.0
2440;25.0;0.0;558.0;428.0;384.0;440;676.0;524.0;471.0;537;138;111;158;29;0.0
2441;25.0;0.0;562.0;438.0;352.0;438;664.0;520.0;420.0;520;183;162;160;58;0.0
2526;26.0;2.0;394.0;343.0;285.0;326;478.0;413.0;344.0;394;12;23;29;0;1.0
2527;26.0;2.0;361.0;305.0;258.0;299;459.0;367.0;312.0;364;10;19;7;7;1.0
2530;26.0;1.0;409.0;358.0;292.0;348;500.0;440.0;364.0;430;47;41;48;5;1.0
2531;26.0;1.0;481.0;395.0;336.0;420;583.0;484.0;416.0;512;45;17;18;6;1.0
2532;26.0;0.0;497.0;397.0;346.0;407;602.0;487.0;427.0;498;154;146;144;24;0.0
2533;26.0;1.0;403.0;342.0;309.0;332;493.0;425.0;384.0;411;15;19;41;3;1.0
2536;26.0;0.0;446.0;365.0;323.0;392;537.0;442.0;395.0;474;200;79;95;16;0.0
2537;26.0;1.0;388.0;330.0;289.0;313;473.0;407.0;359.0;386;8;12;22;4;1.0
2905;27.0;1.0;524.0;448.0;409.0;432;637.0;547.0;496.0;526;68;106;116;15;0.0
2906;27.0;1.0;491.0;413.0;366.0;424;598.0;505.0;448.0;518;249;117;113;19;0.0
2907;27.0;2.0;533.0;436.0;350.0;417;647.0;532.0;430.0;510;40;41;37;4;1.0
2908;27.0;2.0;348.0;312.0;299.0;311;411.0;372.0;349.0;365;18;25;37;3;1.0
2909;27.0;2.0;352.0;312.0;287.0;297;412.0;360.0;335.0;347;13;12;14;13;1.0
2910;27.0;2.0;348.0;316.0;281.0;309;434.0;392.0;350.0;384;8;21;17;0;1.0
2911;27.0;2.0;351.0;377.0;300.0;323;418.0;437.0;346.0;375;9;16;16;11;1.0
2914;27.0;2.0;395.0;326.0;288.0;342;490.0;394.0;345.0;418;30;12;23;1;1.0
2918;27.0;2.0;626.0;460.0;356.0;506;801.0;591.0;440.0;644;60;34;32;4;1.0
2920;27.0;0.0;854.0;584.0;459.0;699;1055.0;728.0;553.0;862;330;149;141;0;0.0
2923;27.0;1.0;554.0;430.0;377.0;415;672.0;525.0;462.0;507;189;187;261;11;0.0
2926;27.0;2.0;472.0;415.0;338.0;398;580.0;510.0;420.0;489;32;32;16;3;1.0
2927;27.0;2.0;459.0;388.0;331.0;372;572.0;482.0;401.0;456;30;38;64;6;1.0
2928;27.0;1.0;525.0;437.0;375.0;407;640.0;536.0;460.0;499;27;72;50;4;1.0
2929;27.0;2.0;348.0;305.0;294.0;312;414.0;357.0;349.0;371;39;7;26;15;1.0
2930;27.0;2.0;377.0;331.0;309.0;333;456.0;400.0;367.0;404;11;21;10;2;1.0
2931;27.0;2.0;492.0;414.0;338.0;410;615.0;505.0;407.0;503;32;22;29;5;1.0
2933;27.0;2.0;475.0;397.0;330.0;349;591.0;496.0;407.0;435;14;25;35;9;1.0
2936;27.0;2.0;408.0;357.0;303.0;327;485.0;427.0;367.0;394;11;27;34;12;1.0
2941;27.0;2.0;377.0;323.0;295.0;345;462.0;410.0;357.0;426;47;26;17;1;1.0
2942;27.0;2.0;?;257.0;263.0;259;?;292.0;298.0;294;5;12;22;14;1.0
2944;27.0;2.0;356.0;308.0;259.0;309;426.0;378.0;309.0;372;35;16;18;11;1.0
2945;27.0;2.0;440.0;373.0;328.0;366;517.0;442.0;387.0;431;26;30;31;16;1.0
2946;27.0;2.0;348.0;309.0;295.0;316;416.0;371.0;353.0;379;21;21;19;1;1.0
2948;27.0;2.0;?;304.0;274.0;299;?;393.0;355.0;393;4;12;8;0;1.0
2950;27.0;1.0;551.0;447.0;373.0;423;670.0;547.0;460.0;518;56;84;70;9;0.0
2951;27.0;2.0;384.0;317.0;299.0;320;478.0;385.0;360.0;389;10;13;20;2;1.0
2954;27.0;1.0;538.0;403.0;341.0;413;655.0;495.0;421.0;505;49;32;31;2;1.0
2955;27.0;2.0;395.0;322.0;269.0;337;471.0;381.0;321.0;401;23;9;15;2;1.0
2957;27.0;2.0;427.0;360.0;319.0;350;511.0;437.0;384.0;422;14;21;20;8;1.0
2960;27.0;2.0;378.0;349.0;283.0;324;466.0;451.0;349.0;407;9;15;17;3;1.0
2962;27.0;2.0;?;321.0;293.0;292;?;383.0;348.0;345;5;19;43;25;1.0
2972;27.0;0.0;665.0;475.0;417.0;505;797.0;578.0;508.0;610;463;345;200;12;0.0
2974;27.0;0.0;701.0;512.0;410.0;565;837.0;620.0;498.0;678;572;329;212;18;0.0
2975;27.0;1.0;568.0;448.0;385.0;441;686.0;546.0;470.0;536;173;189;197;0;0.0
2976;27.0;0.0;610.0;443.0;377.0;435;735.0;540.0;461.0;529;140;178;135;8;0.0
2978;27.0;1.0;685.0;526.0;433.0;557;837.0;641.0;508.0;674;135;86;74;18;0.0
2979;27.0;2.0;?;?;?;283;?;?;?;352;0;0;0;0;1.0
2981;27.0;1.0;515.0;439.0;364.0;414;627.0;537.0;448.0;506;71;106;93;1;0.0
2984;27.0;1.0;533.0;419.0;366.0;421;648.0;511.0;449.0;514;94;105;108;1;0.0
2985;27.0;2.0;380.0;308.0;301.0;320;469.0;385.0;366.0;394;23;25;24;7;1.0
2986;27.0;2.0;480.0;421.0;365.0;407;587.0;516.0;451.0;500;39;48;30;6;1.0
2989;28.0;2.0;402.0;342.0;302.0;316;506.0;432.0;376.0;397;9;14;33;13;1.0
2993;28.0;2.0;415.0;?;313.0;340;519.0;?;399.0;429;9;4;21;3;1.0
2994;28.0;1.0;457.0;383.0;331.0;347;563.0;477.0;416.0;436;34;41;68;16;1.0
3005;28.0;0.0;460.0;391.0;345.0;379;572.0;489.0;431.0;473;130;124;163;27;0.0
3008;28.0;2.0;403.0;368.0;313.0;340;501.0;462.0;383.0;425;12;14;16;6;1.0
9265;28.0;1.0;473.0;391.0;353.0;398;545.0;458.0;420.0;467;130;125;149;6;0.0
2539;29.0;1.0;491.0;404.0;329.0;390;593.0;500.0;406.0;476;33;20;19;19;1.0
2540;29.0;2.0;?;321.0;293.0;300;?;395.0;347.0;362;5;13;19;6;1.0
2541;29.0;2.0;352.0;316.0;282.0;320;423.0;390.0;357.0;393;22;16;15;1;1.0
2542;29.0;1.0;649.0;462.0;351.0;437;793.0;562.0;418.0;529;66;119;127;22;0.0
2543;29.0;2.0;338.0;300.0;276.0;300;404.0;368.0;336.0;364;11;11;11;3;1.0
2544;29.0;2.0;436.0;392.0;326.0;360;521.0;465.0;391.0;431;17;7;28;5;1.0
2548;29.0;2.0;426.0;359.0;305.0;353;516.0;434.0;369.0;426;19;19;24;4;1.0
2551;29.0;1.0;509.0;433.0;365.0;409;618.0;533.0;448.0;502;81;89;92;9;0.0
2553;29.0;2.0;372.0;?;278.0;301;449.0;?;346.0;371;14;4;25;9;1.0
2554;29.0;1.0;528.0;446.0;417.0;452;635.0;540.0;507.0;547;149;115;97;36;0.0
2555;29.0;2.0;454.0;381.0;327.0;396;548.0;468.0;400.0;481;37;23;25;2;1.0
2559;29.0;2.0;483.0;402.0;308.0;367;584.0;493.0;385.0;452;14;8;19;9;1.0
2563;29.0;2.0;290.0;293.0;272.0;288;358.0;359.0;334.0;354;18;14;7;1;1.0
2565;29.0;0.0;661.0;477.0;410.0;523;792.0;584.0;505.0;635;436;344;316;31;0.0
2566;29.0;1.0;481.0;411.0;324.0;394;585.0;501.0;399.0;482;46;25;41;13;1.0
9743;29.0;2.0;379.0;340.0;289.0;317;449.0;404.0;346.0;378;6;12;23;0;1.0
9862;29.0;2.0;?;407.0;377.0;368;?;469.0;434.0;425;1;6;8;11;1.0
2572;30.0;2.0;397.0;380.0;277.0;329;488.0;468.0;349.0;410;9;9;19;1;1.0
2573;30.0;0.0;785.0;536.0;429.0;610;1002.0;686.0;532.0;774;163;89;114;5;0.0
2575;30.0;2.0;470.0;382.0;323.0;399;605.0;487.0;412.0;510;28;29;17;2;1.0
2579;30.0;2.0;423.0;329.0;251.0;327;551.0;437.0;313.0;423;20;20;23;2;1.0
2580;30.0;1.0;567.0;425.0;356.0;459;728.0;558.0;464.0;597;31;32;15;5;1.0
2584;30.0;2.0;335.0;299.0;261.0;286;393.0;383.0;312.0;349;6;11;13;4;1.0
2586;30.0;1.0;449.0;363.0;331.0;365;541.0;419.0;392.0;429;12;29;18;7;1.0
2587;30.0;2.0;512.0;403.0;338.0;381;633.0;508.0;435.0;483;16;35;51;7;1.0
2589;30.0;0.0;587.0;454.0;375.0;482;729.0;575.0;483.0;607;196;253;127;0;0.0
2590;30.0;2.0;494.0;417.0;337.0;426;622.0;532.0;439.0;542;61;46;40;2;1.0
2591;30.0;2.0;518.0;405.0;354.0;431;650.0;518.0;458.0;548;59;55;38;6;1.0
2597;31.0;2.0;476.0;434.0;354.0;406;602.0;547.0;443.0;510;12;13;17;4;1.0
2599;31.0;2.0;?;305.0;252.0;266;?;371.0;310.0;326;1;10;16;9;1.0
2600;31.0;2.0;426.0;388.0;322.0;365;490.0;437.0;384.0;420;9;19;16;3;1.0
2603;31.0;1.0;603.0;463.0;386.0;529;762.0;580.0;479.0;664;61;28;15;4;1.0
2608;31.0;2.0;490.0;425.0;373.0;403;592.0;509.0;450.0;487;19;13;30;8;1.0
2610;31.0;2.0;?;351.0;311.0;320;?;422.0;375.0;385;1;14;24;5;1.0
2613;31.0;2.0;649.0;525.0;405.0;520;840.0;697.0;558.0;692;80;66;90;1;1.0
2616;31.0;1.0;616.0;509.0;408.0;519;783.0;668.0;523.0;669;41;55;29;1;1.0
2617;31.0;1.0;647.0;521.0;417.0;532;802.0;661.0;541.0;672;155;130;125;9;0.0
2621;31.0;1.0;771.0;606.0;501.0;615;976.0;790.0;670.0;799;104;98;71;0;0.0
2622;31.0;1.0;640.0;516.0;423.0;525;833.0;691.0;582.0;700;115;107;115;3;0.0
2625;31.0;2.0;653.0;519.0;409.0;535;859.0;687.0;541.0;707;120;97;88;7;0.0
2627;31.0;0.0;963.0;564.0;437.0;749;1154.0;686.0;534.0;901;402;66;179;16;0.0
2628;31.0;1.0;636.0;552.0;511.0;564;764.0;668.0;604.0;677;59;103;41;1;1.0
2631;31.0;1.0;893.0;640.0;526.0;693;1097.0;812.0;682.0;871;141;125;73;16;0.0
2632;31.0;1.0;736.0;557.0;414.0;553;894.0;683.0;507.0;675;98;110;101;13;0.0
2638;31.0;2.0;477.0;391.0;317.0;404;600.0;498.0;412.0;514;46;42;21;5;1.0
2639;31.0;1.0;647.0;494.0;415.0;544;807.0;634.0;525.0;685;66;37;30;4;1.0
2642;31.0;2.0;644.0;524.0;422.0;525;845.0;691.0;557.0;690;108;81;123;1;0.0
4741;31.0;1.0;860.0;633.0;510.0;648;1060.0;805.0;664.0;820;61;73;61;6;1.0
6964;31.0;0.0;846.0;611.0;478.0;665;1045.0;780.0;624.0;838;601;393;258;90;0.0
8770;31.0;1.0;530.0;440.0;404.0;459;692.0;579.0;517.0;597;147;63;54;8;0.0
9344;31.0;2.0;645.0;527.0;407.0;532;835.0;701.0;563.0;706;49;40;41;1;1.0
9345;31.0;2.0;656.0;496.0;393.0;492;790.0;607.0;490.0;603;47;58;65;8;1.0
2093;32.0;2.0;?;?;?;442;?;?;?;587;0;0;0;0;1.0
2651;32.0;1.0;497.0;377.0;321.0;360;605.0;466.0;399.0;446;21;42;63;11;1.0
2653;32.0;1.0;435.0;362.0;305.0;349;541.0;454.0;386.0;439;26;32;59;0;1.0
2654;32.0;0.0;538.0;421.0;405.0;448;648.0;512.0;494.0;544;39;32;29;5;1.0
2657;32.0;0.0;524.0;433.0;360.0;434;641.0;531.0;444.0;533;202;167;196;17;0.0
10313;32.0;0.0;579.0;431.0;379.0;466;693.0;521.0;459.0;561;314;268;195;0;0.0
2568;33.0;0.0;647.0;480.0;390.0;508;741.0;558.0;458.0;589;145;133;95;5;0.0
2569;33.0;1.0;596.0;476.0;392.0;452;699.0;564.0;468.0;537;152;192;214;0;0.0
2667;34.0;2.0;661.0;596.0;484.0;563;891.0;822.0;679.0;776;25;29;36;3;1.0
2668;34.0;1.0;520.0;427.0;367.0;439;641.0;538.0;467.0;548;46;25;36;6;1.0
2671;34.0;2.0;657.0;460.0;365.0;521;860.0;605.0;481.0;683;40;15;29;0;1.0
2681;34.0;1.0;542.0;480.0;370.0;468;679.0;599.0;450.0;582;57;73;51;0;1.0
2685;34.0;2.0;443.0;354.0;295.0;337;549.0;445.0;374.0;423;8;13;21;3;1.0
2699;34.0;0.0;703.0;515.0;475.0;563;875.0;658.0;593.0;707;55;58;43;5;1.0
2701;34.0;2.0;669.0;505.0;406.0;539;848.0;637.0;497.0;677;78;61;56;3;1.0
2703;34.0;2.0;?;388.0;336.0;366;?;476.0;410.0;450;5;24;20;7;1.0
2704;34.0;1.0;539.0;449.0;391.0;447;693.0;579.0;499.0;574;11;38;17;1;1.0
2705;34.0;1.0;456.0;408.0;329.0;374;534.0;503.0;403.0;455;19;50;46;14;1.0
2707;34.0;0.0;882.0;554.0;452.0;687;1136.0;767.0;646.0;915;477;185;199;11;0.0
2708;34.0;2.0;733.0;516.0;395.0;508;943.0;652.0;509.0;654;49;19;56;6;1.0
2709;34.0;2.0;352.0;289.0;275.0;303;436.0;366.0;363.0;387;11;6;14;1;1.0
2710;34.0;2.0;684.0;514.0;433.0;607;872.0;673.0;600.0;784;35;18;6;0;1.0
2711;34.0;0.0;787.0;562.0;482.0;627;1047.0;748.0;640.0;834;447;189;148;3;0.0
2711;34.0;0.0;651.0;511.0;431.0;549;847.0;691.0;598.0;732;318;231;105;41;0.0
2712;34.0;2.0;404.0;385.0;327.0;359;485.0;456.0;390.0;427;15;22;32;7;1.0
2713;34.0;2.0;?;400.0;354.0;365;?;508.0;438.0;454;4;10;19;9;1.0
2718;34.0;2.0;497.0;342.0;306.0;359;666.0;449.0;395.0;472;13;24;26;0;1.0
2722;34.0;0.0;744.0;573.0;444.0;590;945.0;729.0;557.0;748;166;183;140;9;0.0
2728;34.0;2.0;631.0;478.0;377.0;478;801.0;608.0;475.0;604;46;37;54;12;1.0
2729;34.0;2.0;505.0;423.0;340.0;419;628.0;517.0;409.0;513;50;23;36;0;1.0
2731;34.0;2.0;605.0;462.0;352.0;495;749.0;579.0;431.0;614;61;39;34;3;1.0
2732;34.0;0.0;757.0;550.0;470.0;584;956.0;692.0;579.0;731;127;131;141;7;0.0
2734;34.0;2.0;370.0;323.0;265.0;327;487.0;424.0;343.0;428;30;29;17;1;1.0
2735;34.0;2.0;318.0;?;261.0;278;376.0;?;315.0;336;6;3;12;7;1.0
2737;34.0;1.0;594.0;462.0;393.0;461;756.0;594.0;496.0;587;42;81;59;10;1.0
2739;34.0;2.0;606.0;484.0;366.0;443;761.0;605.0;461.0;557;70;153;184;21;0.0
2744;34.0;2.0;403.0;346.0;283.0;338;473.0;412.0;335.0;399;15;8;19;0;1.0
2748;34.0;2.0;542.0;455.0;365.0;445;684.0;576.0;465.0;564;30;50;36;3;1.0
2758;34.0;1.0;595.0;500.0;388.0;488;767.0;627.0;495.0;621;45;74;50;3;1.0
2765;34.0;2.0;580.0;485.0;373.0;417;741.0;643.0;481.0;542;16;34;91;0;1.0
2768;34.0;2.0;426.0;349.0;297.0;357;546.0;442.0;383.0;455;17;24;13;2;1.0
2769;34.0;2.0;?;407.0;332.0;382;?;495.0;407.0;464;4;26;19;0;1.0
2772;34.0;2.0;524.0;399.0;341.0;416;640.0;493.0;423.0;511;53;38;48;6;1.0
2775;34.0;2.0;541.0;435.0;353.0;381;697.0;551.0;463.0;494;16;20;58;22;1.0
2777;34.0;2.0;435.0;371.0;276.0;349;525.0;446.0;322.0;418;11;16;13;2;1.0
2778;34.0;2.0;514.0;407.0;349.0;395;633.0;505.0;424.0;482;14;8;23;6;1.0
2779;34.0;2.0;513.0;428.0;343.0;430;634.0;533.0;425.0;532;37;33;35;0;1.0
2785;34.0;0.0;887.0;591.0;507.0;683;1172.0;785.0;674.0;905;532;337;252;42;0.0
2788;34.0;1.0;503.0;430.0;376.0;443;612.0;524.0;448.0;537;39;43;24;2;1.0
2791;34.0;1.0;685.0;513.0;436.0;576;851.0;643.0;556.0;720;187;124;77;3;0.0
2803;34.0;0.0;750.0;548.0;475.0;640;922.0;703.0;601.0;799;190;118;61;0;0.0
2806;34.0;1.0;568.0;476.0;417.0;466;710.0;603.0;527.0;587;182;215;179;13;0.0
2810;34.0;1.0;487.0;409.0;351.0;397;609.0;506.0;435.0;493;19;56;37;6;1.0
2813;34.0;2.0;623.0;478.0;398.0;541;779.0;610.0;495.0;677;39;14;13;0;1.0
2814;34.0;2.0;642.0;492.0;397.0;498;831.0;639.0;516.0;646;42;69;48;5;1.0
2816;34.0;2.0;515.0;429.0;357.0;434;667.0;567.0;474.0;570;52;53;49;1;1.0
2817;34.0;1.0;492.0;398.0;377.0;425;642.0;535.0;495.0;562;56;51;43;4;1.0
2820;34.0;2.0;543.0;466.0;350.0;446;689.0;607.0;457.0;573;22;14;14;7;1.0
2821;34.0;2.0;513.0;427.0;376.0;432;635.0;512.0;451.0;524;29;40;36;1;1.0
2825;34.0;2.0;495.0;398.0;349.0;372;584.0;478.0;419.0;446;12;15;46;8;1.0
2829;34.0;2.0;627.0;473.0;366.0;488;799.0;613.0;472.0;627;50;56;40;7;1.0
2832;34.0;2.0;510.0;408.0;374.0;419;617.0;526.0;454.0;515;18;16;26;3;1.0
2835;34.0;0.0;732.0;526.0;407.0;576;934.0;679.0;524.0;739;260;217;125;0;0.0
2836;34.0;0.0;705.0;511.0;407.0;555;902.0;665.0;528.0;716;172;175;82;0;0.0
2838;34.0;0.0;755.0;534.0;414.0;589;961.0;688.0;526.0;751;346;216;183;24;0.0
2841;34.0;1.0;603.0;501.0;397.0;492;778.0;651.0;509.0;636;87;107;88;0;0.0
2842;34.0;1.0;536.0;433.0;359.0;444;693.0;560.0;464.0;573;144;157;88;3;0.0
2843;34.0;1.0;530.0;411.0;341.0;432;691.0;537.0;439.0;563;85;76;66;0;1.0
2844;34.0;1.0;562.0;438.0;350.0;450;731.0;569.0;451.0;585;93;65;54;15;1.0
2845;34.0;1.0;541.0;411.0;348.0;405;704.0;536.0;448.0;525;48;78;79;23;1.0
2846;34.0;1.0;584.0;458.0;373.0;462;758.0;594.0;480.0;598;90;96;73;0;0.0
2847;34.0;1.0;539.0;428.0;362.0;440;705.0;557.0;467.0;571;93;78;81;1;0.0
2848;34.0;1.0;537.0;427.0;339.0;441;702.0;556.0;435.0;574;111;105;78;4;0.0
2849;34.0;1.0;538.0;435.0;343.0;445;701.0;566.0;441.0;578;107;76;71;1;0.0
2850;34.0;1.0;531.0;413.0;337.0;424;691.0;539.0;436.0;552;78;63;52;9;1.0
2882;34.0;0.0;648.0;475.0;394.0;526;851.0;645.0;528.0;701;371;301;205;10;0.0
2883;34.0;2.0;487.0;394.0;339.0;401;642.0;520.0;439.0;527;27;46;32;0;1.0
2889;34.0;1.0;638.0;508.0;399.0;512;841.0;677.0;501.0;667;60;50;54;9;1.0
2894;34.0;0.0;747.0;520.0;434.0;611;895.0;626.0;520.0;733;252;130;110;7;0.0
2895;34.0;2.0;674.0;517.0;408.0;523;879.0;669.0;512.0;674;70;60;66;9;1.0
2899;34.0;2.0;457.0;366.0;326.0;368;587.0;477.0;438.0;483;20;17;31;4;1.0
2901;34.0;2.0;464.0;373.0;318.0;396;568.0;454.0;389.0;484;21;10;14;0;1.0
4779;34.0;1.0;631.0;513.0;408.0;531;825.0;672.0;520.0;690;233;175;124;22;0.0
4804;34.0;1.0;569.0;492.0;410.0;491;726.0;642.0;546.0;639;68;106;43;11;1.0
6791;34.0;2.0;534.0;432.0;362.0;437;696.0;565.0;468.0;570;29;52;28;0;1.0
6792;34.0;1.0;536.0;457.0;414.0;444;701.0;591.0;529.0;573;8;48;19;8;1.0
7109;34.0;2.0;592.0;480.0;374.0;466;758.0;616.0;485.0;599;36;42;40;8;1.0
9554;34.0;0.0;762.0;548.0;423.0;601;970.0;704.0;534.0;767;400;338;218;9;0.0
10286;34.0;2.0;543.0;437.0;361.0;430;706.0;562.0;468.0;554;33;47;35;3;1.0
3011;35.0;2.0;?;286.0;?;304;?;354.0;?;371;5;6;5;1;1.0
3012;35.0;2.0;484.0;418.0;329.0;398;624.0;530.0;437.0;515;52;58;58;4;1.0
3014;35.0;2.0;530.0;431.0;360.0;464;662.0;552.0;464.0;587;74;39;35;0;1.0
3016;35.0;2.0;368.0;309.0;272.0;312;466.0;389.0;347.0;399;16;13;19;1;1.0
3018;35.0;0.0;620.0;481.0;394.0;483;817.0;644.0;530.0;643;226;212;180;65;0.0
3023;35.0;1.0;563.0;405.0;334.0;424;704.0;540.0;429.0;543;54;36;57;11;1.0
3024;35.0;0.0;754.0;518.0;470.0;585;948.0;663.0;600.0;744;213;133;126;58;0.0
3025;35.0;2.0;419.0;364.0;300.0;346;527.0;459.0;379.0;436;32;37;60;3;1.0
3032;35.0;1.0;611.0;459.0;390.0;486;750.0;575.0;495.0;606;166;223;128;14;0.0
3033;35.0;2.0;477.0;412.0;339.0;360;575.0;482.0;401.0;423;10;21;52;17;1.0
3036;35.0;2.0;445.0;362.0;300.0;349;580.0;440.0;405.0;449;15;32;34;2;1.0
3037;35.0;2.0;561.0;411.0;346.0;449;735.0;518.0;429.0;575;52;24;44;2;1.0
3038;35.0;2.0;476.0;394.0;325.0;399;609.0;508.0;412.0;509;25;21;17;7;1.0
3041;35.0;2.0;373.0;333.0;277.0;326;438.0;388.0;330.0;382;14;18;11;0;1.0
3042;35.0;2.0;558.0;414.0;346.0;445;757.0;528.0;439.0;584;58;32;55;0;1.0
3045;35.0;2.0;417.0;370.0;301.0;330;526.0;470.0;369.0;413;18;29;51;7;1.0
3046;35.0;2.0;?;?;?;345;?;?;?;438;0;0;0;0;1.0
3048;35.0;2.0;399.0;334.0;298.0;331;491.0;407.0;349.0;397;17;18;24;8;1.0
3049;35.0;2.0;468.0;367.0;302.0;373;602.0;469.0;379.0;474;28;22;20;11;1.0
3050;35.0;1.0;587.0;473.0;389.0;465;717.0;586.0;490.0;576;59;56;74;14;1.0
3051;35.0;0.0;654.0;473.0;389.0;502;810.0;602.0;505.0;636;221;244;203;14;0.0
3065;35.0;2.0;608.0;439.0;381.0;480;777.0;552.0;475.0;608;49;36;38;8;1.0
3069;35.0;2.0;?;330.0;283.0;280;?;413.0;371.0;361;2;8;15;22;1.0
3072;35.0;2.0;410.0;352.0;306.0;343;515.0;441.0;383.0;432;20;18;26;4;1.0
3073;35.0;2.0;445.0;366.0;298.0;370;569.0;464.0;367.0;470;27;18;19;5;1.0
3084;35.0;2.0;446.0;365.0;290.0;353;574.0;461.0;378.0;453;19;19;28;3;1.0
3085;35.0;2.0;?;294.0;269.0;290;?;346.0;318.0;340;5;9;15;0;1.0
3086;35.0;2.0;588.0;454.0;385.0;507;789.0;605.0;491.0;673;121;69;43;6;1.0
3089;35.0;2.0;511.0;431.0;371.0;437;639.0;546.0;465.0;550;55;53;39;8;1.0
3092;35.0;2.0;?;460.0;335.0;384;?;567.0;424.0;480;3;14;19;3;1.0
3093;35.0;2.0;?;396.0;350.0;375;?;494.0;441.0;470;2;19;18;2;1.0
3094;35.0;2.0;508.0;424.0;337.0;410;622.0;526.0;426.0;510;6;10;9;1;1.0
3095;35.0;2.0;?;417.0;353.0;392;?;518.0;445.0;489;4;13;17;2;1.0
3100;35.0;0.0;632.0;486.0;393.0;512;786.0;618.0;512.0;648;248;241;192;4;0.0
3109;35.0;2.0;541.0;395.0;354.0;453;726.0;584.0;500.0;626;67;25;42;2;1.0
3110;35.0;2.0;459.0;372.0;329.0;363;600.0;467.0;399.0;457;22;42;56;10;1.0
3121;35.0;2.0;485.0;379.0;334.0;379;593.0;470.0;410.0;466;6;7;14;0;1.0
3123;35.0;0.0;577.0;448.0;387.0;479;718.0;567.0;497.0;603;278;253;147;39;0.0
3125;35.0;0.0;666.0;483.0;393.0;535;856.0;622.0;506.0;688;447;410;244;12;0.0
3127;35.0;1.0;590.0;479.0;392.0;482;765.0;616.0;495.0;618;123;159;130;7;0.0
3131;35.0;0.0;608.0;457.0;379.0;486;750.0;572.0;481.0;607;217;152;167;20;0.0
3133;35.0;2.0;335.0;266.0;241.0;272;425.0;314.0;297.0;333;9;12;14;1;1.0
3134;35.0;2.0;413.0;350.0;297.0;306;476.0;410.0;361.0;363;8;10;20;24;1.0
3135;35.0;2.0;407.0;344.0;278.0;346;504.0;427.0;352.0;432;17;19;10;0;1.0
3142;35.0;2.0;407.0;357.0;303.0;335;481.0;430.0;364.0;401;10;18;32;1;1.0
3143;35.0;2.0;546.0;413.0;341.0;438;704.0;543.0;436.0;567;49;55;32;6;1.0
3144;35.0;1.0;571.0;473.0;378.0;449;712.0;586.0;467.0;557;58;75;78;19;1.0
3145;35.0;1.0;591.0;450.0;362.0;481;723.0;562.0;461.0;597;204;116;106;33;0.0
6883;35.0;0.0;703.0;491.0;415.0;555;846.0;603.0;516.0;676;758;679;443;30;0.0
7104;35.0;0.0;616.0;474.0;376.0;478;797.0;614.0;487.0;619;258;225;219;60;0.0
8795;35.0;1.0;441.0;348.0;300.0;316;571.0;457.0;398.0;418;30;15;17;3;1.0
9168;35.0;1.0;642.0;468.0;385.0;465;781.0;580.0;485.0;576;126;176;132;45;0.0
12748;35.0;2.0;510.0;439.0;368.0;411;658.0;563.0;502.0;537;15;54;35;15;1.0
3150;36.0;2.0;426.0;360.0;329.0;345;531.0;452.0;415.0;434;44;35;63;34;1.0
3151;36.0;2.0;?;?;?;264;?;?;?;358;0;0;0;0;1.0
3152;36.0;1.0;503.0;442.0;384.0;416;606.0;536.0;469.0;505;108;57;166;58;0.0
3154;36.0;2.0;453.0;407.0;352.0;378;538.0;488.0;429.0;456;39;31;64;23;1.0
3157;36.0;2.0;459.0;375.0;313.0;342;545.0;454.0;383.0;415;12;31;34;29;1.0
3161;36.0;2.0;455.0;374.0;348.0;377;554.0;462.0;431.0;464;80;49;71;52;1.0
3163;36.0;2.0;435.0;397.0;321.0;336;522.0;479.0;390.0;407;12;11;30;24;1.0
3164;36.0;2.0;379.0;335.0;282.0;317;467.0;420.0;359.0;399;22;33;42;5;1.0
3165;36.0;2.0;432.0;372.0;317.0;385;527.0;454.0;371.0;466;39;18;15;5;1.0
3167;36.0;2.0;427.0;369.0;336.0;362;528.0;459.0;434.0;454;13;18;11;10;1.0
3170;36.0;0.0;532.0;409.0;373.0;449;655.0;509.0;460.0;555;342;247;181;11;0.0
3174;36.0;2.0;427.0;360.0;311.0;346;515.0;444.0;386.0;425;15;14;14;11;1.0
3175;36.0;2.0;365.0;315.0;273.0;317;438.0;381.0;327.0;381;16;10;15;1;1.0
3179;36.0;1.0;464.0;407.0;348.0;363;558.0;493.0;425.0;440;33;17;61;37;1.0
3181;36.0;1.0;464.0;429.0;382.0;393;567.0;528.0;474.0;485;56;33;65;44;1.0
3184;36.0;0.0;600.0;445.0;368.0;470;752.0;563.0;468.0;593;286;225;236;24;0.0
3185;36.0;1.0;686.0;500.0;404.0;513;835.0;608.0;493.0;625;84;108;73;20;0.0
1339;37.0;2.0;?;308.0;252.0;285;?;451.0;340.0;388;3;7;7;5;1.0
3191;37.0;2.0;401.0;329.0;307.0;349;496.0;414.0;389.0;436;13;15;7;1;1.0
3193;37.0;2.0;470.0;363.0;309.0;373;612.0;482.0;412.0;492;20;23;17;5;1.0
3194;37.0;2.0;418.0;373.0;302.0;355;531.0;468.0;371.0;444;20;27;27;3;1.0
3197;37.0;1.0;601.0;442.0;362.0;477;749.0;570.0;440.0;598;74;36;47;6;1.0
3198;37.0;2.0;481.0;377.0;319.0;397;650.0;522.0;448.0;546;47;47;31;4;1.0
3208;37.0;2.0;?;?;?;292;?;?;?;409;4;5;2;0;1.0
3209;37.0;1.0;439.0;354.0;315.0;361;575.0;470.0;417.0;472;60;40;33;2;1.0
3210;37.0;0.0;597.0;473.0;400.0;475;762.0;615.0;522.0;615;206;209;133;46;0.0
3211;37.0;2.0;500.0;441.0;391.0;438;648.0;574.0;512.0;572;38;32;32;7;1.0
3212;37.0;1.0;441.0;381.0;341.0;370;561.0;469.0;421.0;461;28;32;41;7;1.0
3216;37.0;0.0;544.0;437.0;382.0;474;693.0;564.0;498.0;609;205;113;77;16;0.0
3217;37.0;2.0;596.0;442.0;378.0;495;729.0;545.0;463.0;607;47;20;31;0;1.0
3219;37.0;1.0;460.0;371.0;315.0;393;598.0;491.0;417.0;517;72;49;25;12;1.0
3223;37.0;0.0;597.0;446.0;375.0;459;762.0;579.0;488.0;594;240;182;152;89;0.0
3224;37.0;1.0;587.0;437.0;387.0;436;716.0;542.0;470.0;536;26;57;42;2;1.0
3225;37.0;2.0;?;279.0;216.0;269;?;340.0;262.0;328;4;14;8;0;1.0
3227;37.0;2.0;596.0;390.0;345.0;478;758.0;524.0;466.0;621;69;43;28;4;1.0
3229;38.0;2.0;488.0;396.0;359.0;430;648.0;514.0;451.0;562;39;21;15;3;1.0
3230;38.0;2.0;576.0;414.0;332.0;415;744.0;537.0;418.0;532;36;46;54;8;1.0
3233;38.0;2.0;402.0;315.0;295.0;303;506.0;370.0;347.0;361;7;12;30;11;1.0
3235;38.0;1.0;496.0;405.0;353.0;381;652.0;532.0;462.0;500;12;20;32;2;1.0
3237;38.0;1.0;620.0;466.0;379.0;511;767.0;605.0;478.0;639;65;23;20;3;1.0
3238;38.0;1.0;658.0;497.0;415.0;528;840.0;637.0;542.0;678;84;85;73;1;1.0
3241;38.0;2.0;471.0;?;354.0;398;597.0;?;448.0;503;15;5;18;3;1.0
3242;38.0;0.0;829.0;566.0;499.0;678;994.0;691.0;617.0;820;256;138;125;4;0.0
3243;38.0;2.0;475.0;392.0;318.0;375;591.0;495.0;392.0;468;14;17;29;0;1.0
3244;38.0;2.0;492.0;397.0;323.0;394;628.0;503.0;407.0;500;13;12;16;2;1.0
3245;38.0;2.0;?;322.0;277.0;311;?;400.0;348.0;391;5;10;18;4;1.0
3247;38.0;2.0;493.0;425.0;346.0;377;578.0;508.0;420.0;455;9;22;48;5;1.0
3252;38.0;2.0;504.0;411.0;347.0;379;649.0;511.0;426.0;473;10;27;21;15;1.0
3253;38.0;2.0;622.0;468.0;380.0;466;797.0;601.0;478.0;593;35;47;51;7;1.0
3256;38.0;0.0;674.0;496.0;459.0;568;843.0;619.0;570.0;709;153;114;73;0;0.0
3258;38.0;1.0;602.0;469.0;393.0;475;753.0;597.0;497.0;601;98;97;113;28;0.0
3259;38.0;1.0;442.0;342.0;329.0;363;636.0;413.0;398.0;473;19;17;17;4;1.0
3262;38.0;2.0;552.0;456.0;371.0;448;718.0;581.0;465.0;571;30;39;26;6;1.0
3265;38.0;2.0;675.0;481.0;387.0;517;902.0;653.0;519.0;694;56;43;44;9;1.0
3266;38.0;1.0;453.0;377.0;341.0;365;586.0;489.0;434.0;469;35;54;76;17;1.0
3267;38.0;2.0;416.0;366.0;312.0;366;527.0;475.0;402.0;469;17;17;16;0;1.0
3268;38.0;2.0;627.0;475.0;400.0;485;820.0;630.0;516.0;637;38;65;28;20;1.0
3270;38.0;2.0;356.0;316.0;269.0;280;428.0;383.0;330.0;341;13;18;51;16;1.0
3274;38.0;2.0;653.0;498.0;392.0;521;876.0;702.0;551.0;716;40;19;33;3;1.0
3275;38.0;2.0;480.0;395.0;335.0;364;599.0;504.0;432.0;465;12;14;33;16;1.0
3276;38.0;2.0;451.0;406.0;310.0;385;572.0;521.0;399.0;492;10;8;8;2;1.0
3277;38.0;1.0;675.0;541.0;425.0;546;859.0;708.0;571.0;711;243;201;173;41;0.0
3278;38.0;1.0;?;505.0;428.0;441;?;678.0;558.0;578;5;9;24;18;1.0
3279;38.0;2.0;488.0;391.0;316.0;419;634.0;497.0;427.0;545;36;20;16;2;1.0
3282;38.0;2.0;498.0;427.0;354.0;409;641.0;548.0;444.0;520;22;28;45;0;1.0
3284;38.0;2.0;686.0;517.0;419.0;506;873.0;668.0;536.0;647;37;62;71;8;1.0
3287;38.0;1.0;585.0;482.0;426.0;470;733.0;616.0;543.0;597;30;80;95;4;1.0
3288;38.0;2.0;472.0;401.0;362.0;419;593.0;512.0;466.0;531;28;21;17;1;1.0
3289;38.0;0.0;757.0;543.0;448.0;635;955.0;700.0;568.0;805;216;118;77;4;0.0
3290;38.0;2.0;516.0;400.0;348.0;393;628.0;492.0;433.0;486;22;26;18;12;1.0
3293;38.0;2.0;502.0;436.0;352.0;395;656.0;575.0;442.0;507;16;26;33;11;1.0
3296;38.0;1.0;514.0;429.0;356.0;412;635.0;524.0;443.0;508;25;41;52;3;1.0
3297;38.0;2.0;444.0;390.0;312.0;339;592.0;497.0;390.0;429;15;25;46;15;1.0
3298;38.0;2.0;481.0;400.0;351.0;393;621.0;514.0;446.0;505;34;37;45;15;1.0
3301;38.0;2.0;490.0;406.0;343.0;423;624.0;516.0;430.0;537;35;29;19;3;1.0
3303;38.0;2.0;497.0;383.0;314.0;359;623.0;490.0;397.0;454;8;18;20;7;1.0
3304;38.0;2.0;589.0;432.0;359.0;449;809.0;568.0;463.0;600;36;31;37;2;1.0
3313;38.0;1.0;670.0;556.0;439.0;529;870.0;714.0;567.0;683;60;136;88;18;0.0
3315;38.0;1.0;669.0;538.0;428.0;528;856.0;710.0;580.0;696;98;109;131;10;0.0
3316;38.0;1.0;674.0;541.0;436.0;549;850.0;700.0;578.0;708;112;108;64;25;0.0
3317;38.0;1.0;692.0;554.0;379.0;550;884.0;732.0;530.0;725;35;35;21;7;1.0
3320;38.0;1.0;676.0;531.0;415.0;526;858.0;696.0;556.0;686;95;72;85;20;0.0
3321;38.0;1.0;676.0;545.0;424.0;516;870.0;714.0;570.0;679;111;86;169;26;0.0
3322;38.0;1.0;669.0;544.0;418.0;528;847.0;707.0;558.0;685;119;117;122;25;0.0
3323;38.0;2.0;676.0;544.0;417.0;508;820.0;675.0;527.0;631;46;64;61;26;1.0
3324;38.0;2.0;665.0;532.0;428.0;516;839.0;690.0;568.0;670;47;60;58;14;1.0
3325;38.0;1.0;660.0;552.0;429.0;549;842.0;723.0;576.0;716;117;97;100;6;0.0
3326;38.0;1.0;673.0;545.0;425.0;573;848.0;706.0;567.0;735;148;67;83;3;0.0
3327;38.0;1.0;675.0;532.0;431.0;537;836.0;670.0;552.0;676;127;104;138;11;0.0
3328;38.0;1.0;667.0;540.0;431.0;533;821.0;680.0;554.0;671;136;163;176;8;0.0
3354;38.0;2.0;538.0;425.0;362.0;417;693.0;571.0;452.0;538;17;28;39;1;1.0
3357;38.0;2.0;411.0;331.0;290.0;357;519.0;430.0;363.0;452;33;19;17;1;1.0
3359;38.0;2.0;575.0;454.0;406.0;438;724.0;576.0;513.0;554;11;43;42;7;1.0
3362;38.0;2.0;489.0;380.0;329.0;368;575.0;479.0;403.0;453;7;23;24;1;1.0
3366;38.0;2.0;472.0;392.0;323.0;375;573.0;481.0;403.0;463;20;14;24;8;1.0
3367;38.0;1.0;594.0;484.0;427.0;487;764.0;628.0;539.0;623;39;50;63;2;1.0
3368;38.0;2.0;436.0;399.0;317.0;363;603.0;540.0;406.0;481;14;20;20;10;1.0
3369;38.0;2.0;534.0;420.0;359.0;422;661.0;519.0;443.0;521;25;26;33;5;1.0
3370;38.0;2.0;704.0;519.0;417.0;562;868.0;651.0;526.0;699;68;44;47;2;1.0
3371;38.0;0.0;736.0;579.0;454.0;606;913.0;724.0;568.0;755;490;332;291;37;0.0
3376;38.0;2.0;408.0;342.0;287.0;369;534.0;443.0;376.0;481;33;14;10;1;1.0
3378;38.0;0.0;881.0;622.0;532.0;744;1086.0;831.0;712.0;945;541;240;212;0;0.0
3379;38.0;0.0;736.0;516.0;421.0;547;910.0;653.0;537.0;688;427;402;373;63;0.0
3380;38.0;2.0;489.0;418.0;340.0;373;619.0;517.0;419.0;464;8;14;25;8;1.0
3381;38.0;2.0;478.0;401.0;314.0;369;602.0;507.0;401.0;467;9;23;14;10;1.0
3382;38.0;2.0;554.0;430.0;322.0;404;704.0;538.0;401.0;507;16;63;32;17;1.0
3384;38.0;1.0;565.0;479.0;437.0;475;736.0;632.0;571.0;621;51;86;95;5;1.0
3385;38.0;2.0;528.0;419.0;354.0;434;686.0;547.0;458.0;563;32;28;29;2;1.0
3388;38.0;1.0;726.0;535.0;438.0;536;912.0;698.0;586.0;698;133;143;206;21;0.0
3389;38.0;2.0;549.0;480.0;373.0;473;689.0;608.0;494.0;602;33;29;18;7;1.0
3391;38.0;2.0;407.0;332.0;297.0;333;541.0;453.0;399.0;451;20;11;22;11;1.0
3392;38.0;2.0;497.0;410.0;337.0;423;603.0;498.0;394.0;508;47;12;24;10;1.0
3394;38.0;1.0;499.0;430.0;338.0;409;612.0;534.0;408.0;502;31;53;53;0;1.0
3396;38.0;2.0;322.0;314.0;269.0;294;402.0;366.0;315.0;350;8;9;12;3;1.0
3399;38.0;2.0;615.0;512.0;414.0;464;809.0;664.0;537.0;603;13;32;67;1;1.0
3986;38.0;2.0;486.0;415.0;342.0;365;594.0;532.0;429.0;458;6;19;33;10;1.0
3987;38.0;2.0;433.0;364.0;302.0;351;518.0;438.0;355.0;419;11;12;21;0;1.0
3988;38.0;2.0;?;328.0;296.0;307;?;457.0;399.0;415;5;9;27;3;1.0
6965;38.0;0.0;721.0;509.0;417.0;522;887.0;642.0;525.0;652;622;449;427;160;0.0
9235;38.0;1.0;649.0;539.0;419.0;517;824.0;694.0;549.0;665;100;92;110;22;0.0
3401;39.0;0.0;752.0;515.0;433.0;625;956.0;659.0;554.0;797;286;100;111;0;0.0
3402;39.0;2.0;632.0;582.0;502.0;556;812.0;746.0;629.0;709;40;43;45;0;1.0
3406;39.0;1.0;633.0;526.0;418.0;489;827.0;712.0;544.0;646;43;68;93;15;1.0
3407;39.0;1.0;518.0;442.0;381.0;453;675.0;581.0;504.0;594;125;101;96;1;0.0
3409;39.0;2.0;558.0;427.0;351.0;444;739.0;576.0;484.0;598;35;49;34;0;1.0
3411;39.0;1.0;495.0;397.0;327.0;385;620.0;496.0;406.0;481;29;43;37;14;1.0
3414;39.0;0.0;630.0;473.0;416.0;541;813.0;622.0;548.0;703;334;187;135;3;0.0
4917;39.0;2.0;?;?;?;464;?;?;?;605;0;0;0;0;1.0
3419;40.0;2.0;429.0;356.0;299.0;327;518.0;430.0;359.0;395;12;20;29;6;1.0
3420;40.0;2.0;320.0;260.0;241.0;257;381.0;311.0;289.0;308;21;10;29;18;1.0
3422;40.0;2.0;293.0;247.0;214.0;264;366.0;311.0;261.0;329;20;7;9;0;1.0
3423;40.0;1.0;469.0;405.0;332.0;421;576.0;502.0;415.0;520;65;59;24;0;1.0
3425;40.0;0.0;602.0;441.0;375.0;466;728.0;544.0;465.0;571;296;224;191;42;0.0
3427;40.0;2.0;425.0;359.0;318.0;358;521.0;425.0;378.0;430;14;9;18;2;1.0
3428;40.0;1.0;475.0;410.0;320.0;374;581.0;505.0;399.0;462;68;102;118;32;0.0
3430;40.0;2.0;415.0;355.0;330.0;358;515.0;441.0;402.0;442;23;25;15;9;1.0
3431;40.0;2.0;467.0;384.0;317.0;372;582.0;495.0;402.0;473;12;31;23;3;1.0
3432;40.0;2.0;420.0;?;297.0;355;527.0;?;366.0;444;19;5;14;2;1.0
3434;40.0;2.0;551.0;414.0;343.0;453;719.0;530.0;430.0;583;86;39;54;6;1.0
3435;40.0;2.0;453.0;381.0;343.0;380;557.0;472.0;427.0;470;34;31;41;4;1.0
3436;40.0;2.0;277.0;282.0;250.0;264;319.0;328.0;287.0;303;7;8;11;2;1.0
3439;40.0;2.0;?;278.0;252.0;269;?;314.0;285.0;303;5;16;21;4;1.0
3440;40.0;2.0;351.0;290.0;243.0;287;411.0;344.0;290.0;339;11;19;11;5;1.0
3445;40.0;2.0;503.0;376.0;316.0;397;637.0;478.0;395.0;501;26;22;22;5;1.0
3446;40.0;2.0;458.0;379.0;307.0;350;561.0;467.0;382.0;432;59;58;77;36;1.0
3448;40.0;0.0;585.0;436.0;385.0;475;705.0;532.0;472.0;577;417;335;194;60;0.0
3449;40.0;2.0;461.0;392.0;317.0;374;563.0;481.0;392.0;457;30;39;36;12;1.0
3451;40.0;2.0;437.0;377.0;314.0;340;535.0;464.0;389.0;419;23;43;49;28;1.0
3455;40.0;2.0;?;?;254.0;233;?;?;287.0;265;1;3;12;14;1.0
3456;40.0;1.0;464.0;378.0;327.0;378;578.0;474.0;413.0;474;73;78;70;19;1.0
3457;40.0;2.0;537.0;413.0;367.0;448;662.0;519.0;469.0;560;24;27;11;2;1.0
6951;40.0;2.0;433.0;368.0;303.0;366;529.0;452.0;376.0;450;49;43;16;21;1.0
9226;40.0;2.0;476.0;394.0;328.0;387;585.0;488.0;410.0;480;64;37;40;25;1.0
3458;41.0;2.0;434.0;382.0;322.0;364;576.0;519.0;429.0;487;34;22;45;7;1.0
3459;41.0;2.0;410.0;341.0;303.0;329;487.0;409.0;366.0;396;24;13;50;11;1.0
3461;41.0;2.0;?;290.0;246.0;257;?;356.0;302.0;317;4;11;13;7;1.0
3463;41.0;2.0;469.0;357.0;349.0;351;554.0;427.0;419.0;420;9;11;24;12;1.0
3466;41.0;1.0;417.0;333.0;297.0;337;498.0;402.0;362.0;407;27;30;35;12;1.0
3469;41.0;2.0;376.0;308.0;289.0;311;463.0;388.0;364.0;391;7;12;15;2;1.0
3470;41.0;1.0;473.0;414.0;362.0;419;562.0;495.0;435.0;500;45;28;26;5;1.0
3471;41.0;1.0;440.0;368.0;326.0;368;521.0;440.0;392.0;440;132;67;122;44;0.0
10300;41.0;0.0;480.0;364.0;340.0;362;570.0;438.0;410.0;436;88;75;134;55;0.0
3478;42.0;1.0;482.0;362.0;314.0;374;581.0;445.0;390.0;458;86;47;102;17;1.0
3479;42.0;1.0;484.0;372.0;315.0;382;573.0;445.0;377.0;455;42;54;45;7;1.0
3480;42.0;2.0;287.0;?;255.0;262;345.0;?;307.0;323;9;4;9;5;1.0
3481;42.0;2.0;393.0;334.0;286.0;324;475.0;405.0;339.0;390;32;33;41;11;1.0
3482;42.0;2.0;414.0;347.0;312.0;345;509.0;435.0;395.0;432;22;28;32;4;1.0
3486;42.0;2.0;453.0;374.0;308.0;365;561.0;473.0;374.0;451;33;22;25;17;1.0
3487;42.0;1.0;519.0;449.0;358.0;411;629.0;548.0;441.0;504;129;124;165;68;0.0
3490;42.0;2.0;383.0;369.0;269.0;319;451.0;437.0;314.0;375;17;19;17;2;1.0
3492;42.0;2.0;382.0;326.0;271.0;305;454.0;401.0;346.0;374;16;23;20;9;1.0
3498;42.0;2.0;316.0;288.0;283.0;294;405.0;380.0;363.0;379;15;9;16;2;1.0
3500;42.0;2.0;350.0;320.0;284.0;297;431.0;407.0;334.0;360;12;20;29;13;1.0
3505;42.0;2.0;429.0;351.0;289.0;338;520.0;419.0;348.0;406;12;14;19;4;1.0
3509;42.0;0.0;558.0;425.0;376.0;443;674.0;522.0;464.0;542;264;194;193;71;0.0
3510;42.0;1.0;542.0;418.0;336.0;410;654.0;511.0;416.0;501;202;167;224;76;0.0
3511;42.0;2.0;398.0;334.0;291.0;347;465.0;404.0;337.0;410;21;16;15;0;1.0
3518;42.0;2.0;270.0;261.0;249.0;260;348.0;331.0;322.0;334;34;32;19;5;1.0
3519;42.0;2.0;575.0;446.0;353.0;430;741.0;566.0;428.0;538;23;37;46;4;1.0
3522;42.0;1.0;477.0;418.0;330.0;407;595.0;524.0;420.0;512;111;78;71;28;0.0
3523;42.0;1.0;547.0;424.0;346.0;436;664.0;527.0;439.0;540;146;98;100;32;0.0
3527;42.0;2.0;353.0;327.0;290.0;314;426.0;396.0;340.0;373;6;7;14;0;1.0
3528;42.0;2.0;396.0;361.0;318.0;332;496.0;454.0;396.0;414;18;22;52;20;1.0
3529;42.0;1.0;494.0;420.0;365.0;428;628.0;525.0;452.0;538;113;60;79;11;0.0
3530;42.0;0.0;600.0;454.0;402.0;501;756.0;570.0;500.0;630;535;325;202;65;0.0
3531;42.0;1.0;473.0;409.0;337.0;413;615.0;509.0;426.0;527;103;57;48;17;1.0
3534;42.0;2.0;578.0;427.0;347.0;485;759.0;571.0;447.0;636;53;20;18;6;1.0
3535;42.0;0.0;807.0;522.0;432.0;612;988.0;651.0;538.0;756;289;160;177;9;0.0
6725;42.0;0.0;605.0;461.0;403.0;486;757.0;576.0;502.0;607;53;60;40;11;1.0
3537;43.0;1.0;424.0;375.0;339.0;376;555.0;491.0;418.0;494;68;42;36;14;1.0
3541;43.0;2.0;485.0;425.0;369.0;398;618.0;549.0;484.0;517;68;27;40;45;1.0
3543;43.0;2.0;508.0;394.0;320.0;418;629.0;500.0;390.0;518;37;20;23;4;1.0
3564;43.0;2.0;377.0;318.0;325.0;329;460.0;409.0;403.0;409;19;9;17;10;1.0
3565;43.0;1.0;494.0;378.0;351.0;418;625.0;487.0;456.0;536;107;66;58;13;1.0
3571;43.0;1.0;378.0;311.0;295.0;330;457.0;380.0;357.0;400;39;11;25;9;1.0
3576;43.0;1.0;408.0;363.0;314.0;345;507.0;456.0;397.0;434;34;19;43;15;1.0
3581;43.0;1.0;482.0;382.0;334.0;361;591.0;475.0;417.0;447;82;81;91;64;0.0
3584;43.0;2.0;404.0;343.0;319.0;349;525.0;431.0;428.0;449;15;18;11;6;1.0
3592;43.0;1.0;491.0;418.0;362.0;399;613.0;528.0;463.0;505;42;45;54;20;1.0
3594;43.0;0.0;551.0;443.0;382.0;448;674.0;550.0;479.0;555;249;203;234;5;0.0
3598;43.0;1.0;499.0;405.0;346.0;379;577.0;469.0;399.0;437;24;25;30;21;1.0
3599;43.0;1.0;503.0;426.0;343.0;367;625.0;536.0;439.0;467;63;85;109;109;0.0
3604;43.0;0.0;809.0;548.0;481.0;663;992.0;682.0;593.0;816;224;89;91;8;0.0
3606;43.0;1.0;497.0;403.0;341.0;408;633.0;523.0;451.0;529;147;63;116;10;0.0
3610;43.0;2.0;354.0;300.0;257.0;282;425.0;363.0;313.0;343;12;8;8;12;1.0
3613;43.0;0.0;733.0;505.0;463.0;550;918.0;636.0;570.0;687;158;154;135;5;0.0
3615;43.0;1.0;495.0;410.0;328.0;385;619.0;521.0;426.0;492;209;135;204;53;0.0
3620;43.0;2.0;627.0;470.0;373.0;478;763.0;581.0;465.0;590;22;33;25;3;1.0
3621;43.0;2.0;469.0;385.0;331.0;380;552.0;454.0;392.0;448;12;45;24;2;1.0
3623;43.0;1.0;652.0;474.0;383.0;502;744.0;560.0;452.0;585;58;57;49;5;1.0
3624;43.0;1.0;473.0;379.0;338.0;380;582.0;478.0;434.0;481;138;74;114;37;0.0
3625;43.0;2.0;440.0;368.0;310.0;354;562.0;474.0;410.0;462;34;15;24;8;1.0
3630;43.0;1.0;485.0;421.0;347.0;369;616.0;542.0;455.0;481;34;58;64;73;1.0
3631;43.0;1.0;446.0;399.0;347.0;354;570.0;516.0;455.0;462;42;48;48;62;1.0
3636;43.0;0.0;654.0;477.0;423.0;511;811.0;599.0;518.0;632;107;109;99;9;0.0
3639;43.0;1.0;467.0;393.0;348.0;386;589.0;502.0;450.0;494;72;51;41;12;1.0
3641;43.0;2.0;458.0;370.0;313.0;365;564.0;456.0;386.0;449;20;13;20;8;1.0
3642;43.0;0.0;551.0;455.0;366.0;423;684.0;573.0;469.0;535;83;82;104;50;0.0
3644;43.0;0.0;610.0;429.0;363.0;468;762.0;550.0;472.0;595;270;216;220;14;0.0
3645;43.0;2.0;456.0;536.0;298.0;439;570.0;656.0;370.0;544;42;30;15;9;1.0
3646;43.0;0.0;499.0;401.0;342.0;396;623.0;507.0;438.0;501;93;107;101;40;0.0
3647;43.0;1.0;696.0;477.0;389.0;548;860.0;610.0;497.0;686;95;61;57;3;1.0
3651;43.0;1.0;474.0;432.0;364.0;395;578.0;550.0;446.0;489;23;35;25;1;1.0
3652;43.0;0.0;681.0;462.0;398.0;520;836.0;585.0;510.0;651;341;288;238;24;0.0
3656;43.0;0.0;581.0;438.0;395.0;455;724.0;557.0;506.0;577;185;224;137;0;0.0
3658;43.0;0.0;732.0;476.0;432.0;577;888.0;599.0;548.0;713;997;439;480;30;0.0
3661;43.0;1.0;522.0;417.0;365.0;404;679.0;552.0;488.0;535;101;122;142;10;0.0
3663;43.0;2.0;433.0;278.0;252.0;311;502.0;338.0;362.0;387;18;19;15;10;1.0
3665;43.0;1.0;467.0;358.0;326.0;340;583.0;457.0;419.0;435;65;35;58;58;1.0
6967;43.0;0.0;619.0;474.0;397.0;476;791.0;610.0;504.0;607;226;131;103;7;0.0
9651;43.0;2.0;445.0;432.0;380.0;404;570.0;554.0;494.0;522;10;16;18;4;1.0
9741;43.0;0.0;661.0;505.0;451.0;557;810.0;634.0;571.0;692;89;58;59;1;1.0
9930;43.0;2.0;457.0;393.0;348.0;384;576.0;501.0;449.0;491;21;18;26;6;1.0
10115;43.0;1.0;546.0;441.0;379.0;429;685.0;562.0;489.0;548;61;120;108;6;0.0
10298;43.0;2.0;570.0;368.0;376.0;393;714.0;475.0;482.0;503;15;15;8;0;1.0
10366;43.0;0.0;645.0;460.0;394.0;505;798.0;587.0;509.0;637;652;424;305;2;0.0
11161;43.0;1.0;475.0;396.0;334.0;400;604.0;513.0;440.0;517;49;44;45;4;1.0
11163;43.0;1.0;522.0;421.0;359.0;409;666.0;548.0;496.0;538;39;37;24;0;1.0
11711;43.0;1.0;558.0;479.0;409.0;467;696.0;605.0;520.0;590;48;65;45;4;1.0
11854;43.0;2.0;?;321.0;279.0;302;?;392.0;350.0;368;2;7;8;2;1.0
12826;43.0;2.0;503.0;404.0;336.0;365;628.0;507.0;429.0;463;20;53;44;1;1.0
13231;43.0;2.0;?;389.0;319.0;355;?;498.0;411.0;456;5;11;11;2;1.0
29269;43.0;2.0;480.0;373.0;?;429;616.0;490.0;?;556;20;6;2;4;1.0
3670;44.0;0.0;661.0;504.0;431.0;543;851.0;668.0;577.0;711;577;382;304;49;0.0
3675;44.0;0.0;615.0;432.0;383.0;498;792.0;574.0;514.0;652;388;231;216;25;0.0
3677;44.0;0.0;518.0;403.0;364.0;420;688.0;546.0;497.0;567;199;165;158;20;0.0
3678;44.0;2.0;421.0;349.0;290.0;335;546.0;473.0;413.0;459;33;48;55;11;1.0
3680;44.0;2.0;483.0;388.0;341.0;389;633.0;522.0;458.0;518;160;97;124;61;0.0
3681;44.0;2.0;445.0;367.0;325.0;359;578.0;459.0;399.0;448;15;25;35;4;1.0
3702;45.0;2.0;372.0;319.0;281.0;328;454.0;395.0;342.0;400;19;15;11;3;1.0
3704;45.0;2.0;450.0;390.0;332.0;383;563.0;483.0;417.0;479;22;15;21;4;1.0
3705;45.0;0.0;679.0;499.0;382.0;525;827.0;621.0;484.0;650;185;132;123;30;0.0
3706;45.0;2.0;509.0;442.0;363.0;412;632.0;553.0;458.0;515;39;44;68;15;1.0
3708;45.0;2.0;387.0;335.0;286.0;325;480.0;411.0;355.0;402;26;13;15;13;1.0
3709;45.0;2.0;440.0;358.0;296.0;363;531.0;439.0;351.0;438;18;19;14;3;1.0
3711;45.0;2.0;415.0;342.0;299.0;353;508.0;417.0;362.0;431;27;21;16;5;1.0
3713;45.0;2.0;529.0;397.0;338.0;417;631.0;481.0;419.0;502;28;28;13;0;1.0
3714;45.0;1.0;494.0;377.0;323.0;359;568.0;440.0;374.0;415;45;86;134;13;0.0
3715;45.0;2.0;498.0;398.0;306.0;388;609.0;512.0;374.0;484;18;27;23;3;1.0
3719;45.0;2.0;487.0;420.0;336.0;393;611.0;529.0;431.0;497;33;50;50;17;1.0
3720;45.0;1.0;465.0;392.0;317.0;395;567.0;484.0;396.0;486;49;36;37;3;1.0
3721;45.0;1.0;521.0;447.0;366.0;441;647.0;560.0;466.0;553;187;151;131;39;0.0
3723;45.0;2.0;457.0;370.0;311.0;362;551.0;457.0;380.0;443;13;31;25;2;1.0
3724;45.0;1.0;524.0;418.0;369.0;448;616.0;493.0;434.0;528;48;30;34;0;1.0
3728;45.0;0.0;595.0;451.0;370.0;446;731.0;564.0;468.0;557;165;228;156;52;0.0
3732;45.0;1.0;499.0;393.0;354.0;407;613.0;488.0;443.0;505;137;119;92;43;0.0
3733;45.0;2.0;522.0;395.0;313.0;399;632.0;484.0;385.0;488;22;30;21;6;1.0
3734;45.0;2.0;495.0;411.0;337.0;409;623.0;512.0;424.0;512;17;28;18;2;1.0
3735;45.0;0.0;610.0;492.0;404.0;491;753.0;611.0;501.0;609;220;310;211;43;0.0
3736;45.0;2.0;494.0;408.0;338.0;412;624.0;523.0;422.0;522;27;37;28;0;1.0
3737;45.0;2.0;463.0;387.0;330.0;392;554.0;464.0;394.0;469;32;26;25;6;1.0
3739;45.0;2.0;319.0;309.0;275.0;290;399.0;368.0;341.0;357;8;9;8;8;1.0
3742;45.0;2.0;539.0;433.0;372.0;468;666.0;524.0;445.0;572;28;26;11;0;1.0
3744;45.0;1.0;711.0;550.0;418.0;565;883.0;686.0;512.0;700;80;70;72;0;1.0
3746;45.0;2.0;475.0;397.0;325.0;401;602.0;507.0;421.0;513;59;43;48;0;1.0
3747;45.0;2.0;445.0;352.0;313.0;350;552.0;442.0;397.0;440;17;14;18;4;1.0
3749;45.0;0.0;753.0;524.0;445.0;568;909.0;650.0;550.0;696;210;266;156;43;0.0
3752;45.0;2.0;332.0;318.0;279.0;307;392.0;373.0;333.0;363;7;15;12;0;1.0
3753;45.0;2.0;532.0;446.0;364.0;467;668.0;573.0;465.0;590;52;14;24;2;1.0
3754;45.0;0.0;655.0;467.0;404.0;519;802.0;582.0;506.0;641;598;526;270;91;0.0
3764;45.0;1.0;453.0;416.0;375.0;398;554.0;510.0;462.0;489;55;49;59;28;1.0
3765;45.0;1.0;492.0;429.0;355.0;406;618.0;545.0;456.0;516;83;88;92;30;0.0
3766;45.0;2.0;401.0;351.0;264.0;283;459.0;404.0;302.0;324;8;15;37;8;1.0
3767;45.0;2.0;527.0;432.0;356.0;436;643.0;534.0;447.0;538;28;11;24;9;1.0
3768;45.0;2.0;685.0;487.0;397.0;592;842.0;605.0;480.0;728;84;30;24;0;1.0
6968;45.0;0.0;777.0;517.0;430.0;610;953.0;653.0;545.0;757;445;277;201;18;0.0
10392;45.0;1.0;401.0;341.0;279.0;327;458.0;389.0;322.0;375;44;56;51;17;1.0
29261;45.0;2.0;?;?;279.0;320;?;?;336.0;396;1;5;7;0;1.0
3682;46.0;2.0;?;?;?;373;?;?;?;449;0;0;0;0;1.0
3683;46.0;2.0;432.0;355.0;302.0;355;580.0;484.0;410.0;480;26;27;34;3;1.0
3687;46.0;2.0;416.0;355.0;309.0;342;518.0;448.0;390.0;430;9;11;10;5;1.0
3688;46.0;2.0;423.0;349.0;303.0;342;550.0;478.0;429.0;469;14;21;29;2;1.0
3689;46.0;2.0;433.0;366.0;293.0;366;584.0;501.0;411.0;500;18;22;17;0;1.0
3691;46.0;2.0;678.0;469.0;398.0;512;878.0;599.0;493.0;651;68;33;56;14;1.0
3692;46.0;1.0;423.0;356.0;297.0;371;545.0;468.0;394.0;484;62;51;32;1;1.0
3694;46.0;2.0;501.0;414.0;344.0;404;675.0;548.0;457.0;540;33;38;46;0;1.0
3695;46.0;2.0;364.0;340.0;299.0;325;432.0;407.0;365.0;392;6;20;11;1;1.0
3696;46.0;0.0;606.0;450.0;370.0;458;770.0;586.0;486.0;592;175;174;115;0;0.0
3771;47.0;1.0;483.0;355.0;292.0;401;596.0;447.0;374.0;501;172;80;72;0;0.0
3775;47.0;1.0;480.0;406.0;352.0;425;601.0;514.0;451.0;537;181;79;74;14;0.0
3777;47.0;2.0;?;359.0;319.0;322;?;437.0;392.0;395;4;7;9;8;1.0
3778;47.0;1.0;616.0;428.0;345.0;420;741.0;527.0;432.0;518;49;83;96;23;1.0
3785;47.0;1.0;494.0;409.0;351.0;422;617.0;513.0;434.0;527;78;88;63;0;1.0
3788;47.0;1.0;457.0;388.0;335.0;390;563.0;485.0;422.0;485;50;48;34;7;1.0
3790;47.0;1.0;565.0;476.0;408.0;458;674.0;572.0;495.0;551;53;88;69;14;1.0
3794;47.0;2.0;378.0;347.0;303.0;325;441.0;418.0;360.0;386;7;14;28;1;1.0
3797;47.0;2.0;623.0;469.0;389.0;516;788.0;599.0;495.0;655;80;44;51;0;1.0
3798;47.0;0.0;683.0;485.0;421.0;555;838.0;606.0;524.0;687;893;472;352;11;0.0
3799;47.0;2.0;333.0;314.0;300.0;312;403.0;382.0;367.0;379;45;20;36;13;1.0
3800;47.0;0.0;597.0;447.0;393.0;470;734.0;559.0;488.0;584;337;281;279;62;0.0
3802;47.0;1.0;537.0;444.0;371.0;462;665.0;553.0;461.0;573;153;141;67;6;0.0
3803;47.0;2.0;568.0;451.0;372.0;476;717.0;571.0;468.0;602;37;32;23;1;1.0
3804;47.0;2.0;426.0;349.0;279.0;345;513.0;426.0;345.0;420;26;39;18;10;1.0
8155;47.0;2.0;?;?;?;430;?;?;?;541;0;0;0;0;1.0
3832;48.0;2.0;438.0;352.0;282.0;314;511.0;411.0;332.0;368;9;31;74;0;1.0
3835;48.0;2.0;521.0;409.0;357.0;453;660.0;512.0;428.0;565;42;15;22;1;1.0
3839;48.0;2.0;434.0;374.0;319.0;371;556.0;485.0;406.0;475;28;18;35;0;1.0
3842;48.0;2.0;416.0;391.0;340.0;348;507.0;509.0;434.0;443;10;14;35;1;1.0
3854;48.0;2.0;406.0;?;321.0;329;489.0;?;384.0;393;11;3;19;8;1.0
3856;48.0;2.0;570.0;425.0;364.0;462;691.0;521.0;439.0;561;42;28;31;3;1.0
3861;48.0;2.0;440.0;371.0;302.0;334;548.0;464.0;373.0;414;9;17;41;4;1.0
3863;48.0;0.0;705.0;521.0;426.0;527;884.0;662.0;525.0;662;94;238;151;0;0.0
3868;48.0;2.0;484.0;411.0;353.0;439;609.0;522.0;427.0;551;56;27;20;0;1.0
3869;48.0;2.0;393.0;327.0;282.0;312;493.0;393.0;327.0;371;8;19;19;6;1.0
3875;48.0;2.0;375.0;296.0;271.0;325;458.0;354.0;344.0;397;19;15;7;2;1.0
3884;48.0;2.0;491.0;380.0;320.0;409;619.0;479.0;401.0;515;28;23;17;1;1.0
3892;48.0;2.0;546.0;445.0;353.0;415;712.0;585.0;457.0;541;15;45;42;7;1.0
3895;48.0;0.0;666.0;498.0;439.0;573;831.0;628.0;566.0;721;918;287;360;30;0.0
3896;48.0;0.0;604.0;465.0;421.0;495;761.0;598.0;544.0;632;267;306;192;2;0.0
3899;48.0;1.0;498.0;417.0;356.0;419;638.0;541.0;468.0;543;52;55;35;3;1.0
3911;48.0;2.0;448.0;366.0;316.0;344;553.0;441.0;395.0;423;10;23;28;10;1.0
3915;48.0;1.0;502.0;394.0;349.0;412;642.0;513.0;460.0;536;121;71;69;6;0.0
3917;48.0;1.0;489.0;410.0;372.0;428;627.0;533.0;487.0;555;167;126;112;12;0.0
3919;48.0;1.0;511.0;424.0;384.0;430;653.0;549.0;502.0;556;128;103;90;8;0.0
3921;48.0;1.0;517.0;417.0;357.0;437;661.0;542.0;470.0;565;94;57;58;0;1.0
3923;48.0;1.0;485.0;399.0;340.0;420;622.0;519.0;449.0;545;112;57;57;2;1.0
3924;48.0;1.0;516.0;423.0;353.0;437;658.0;548.0;464.0;565;138;104;84;5;0.0
3925;48.0;1.0;501.0;410.0;348.0;432;642.0;533.0;459.0;561;42;26;19;5;1.0
3926;48.0;1.0;525.0;434.0;368.0;432;670.0;562.0;483.0;559;127;103;99;5;0.0
5015;48.0;1.0;535.0;427.0;391.0;434;680.0;553.0;510.0;561;49;58;37;1;1.0
9630;48.0;1.0;541.0;435.0;374.0;439;688.0;562.0;490.0;567;104;108;130;4;0.0
3806;49.0;2.0;385.0;315.0;272.0;299;507.0;402.0;349.0;386;9;18;25;11;1.0
3808;49.0;2.0;397.0;348.0;286.0;340;501.0;485.0;358.0;433;21;6;23;0;1.0
3809;49.0;2.0;409.0;315.0;268.0;310;483.0;388.0;341.0;384;23;22;34;12;1.0
3810;49.0;2.0;400.0;342.0;284.0;325;505.0;438.0;372.0;420;29;18;35;12;1.0
3811;49.0;2.0;373.0;305.0;259.0;299;480.0;388.0;339.0;386;14;10;14;7;1.0
3812;49.0;2.0;432.0;362.0;317.0;361;526.0;446.0;394.0;445;57;44;45;27;1.0
3813;49.0;2.0;396.0;325.0;274.0;298;484.0;405.0;341.0;371;12;17;28;16;1.0
3815;49.0;1.0;477.0;390.0;309.0;390;576.0;478.0;384.0;477;144;121;102;30;0.0
3818;49.0;2.0;385.0;347.0;324.0;333;484.0;440.0;413.0;423;10;21;21;15;1.0
3820;49.0;2.0;422.0;353.0;305.0;306;509.0;429.0;368.0;369;6;11;17;16;1.0
3822;50.0;3.0;415.0;348.0;312.0;342;508.0;421.0;383.0;418;27;31;33;14;1.0
3823;49.0;2.0;417.0;327.0;235.0;337;513.0;404.0;294.0;417;42;62;18;7;1.0
3825;49.0;2.0;408.0;340.0;297.0;349;502.0;419.0;369.0;431;54;43;29;11;1.0
3827;49.0;0.0;535.0;431.0;361.0;439;642.0;521.0;438.0;529;335;237;272;22;0.0
3830;49.0;2.0;441.0;383.0;339.0;383;572.0;494.0;434.0;495;25;22;24;3;1.0
3831;49.0;2.0;403.0;348.0;282.0;315;486.0;416.0;348.0;381;8;20;25;12;1.0
3932;51.0;0.0;539.0;410.0;374.0;445;658.0;507.0;464.0;549;241;154;164;2;0.0
