company1,company2,company3,company4,company5,company6,company7,company8,company9,outcome
17.219,50.5,18.75,43.0,60.875,26.375,67.75,19.0,?,1
17.891,51.375,19.625,44.0,62.0,26.125,68.125,19.125,48.75,1
?,50.875,19.875,43.875,61.875,27.25,68.5,18.25,49.0,1
?,51.5,20.0,44.0,?,?,69.375,18.375,49.625,1
?,49.0,20.0,41.375,59.75,?,?,16.5,?,1
?,49.0,19.5,41.875,59.625,26.625,66.25,17.125,?,1
?,49.375,19.125,?,60.75,27.25,65.75,16.875,47.875,1
18.672,50.125,19.25,?,61.75,?,66.0,16.875,47.25,1
18.563,49.75,19.0,43.25,61.75,29.0,?,?,?,1
?,50.5,19.125,43.875,?,29.625,66.875,?,47.375,1
?,50.25,?,44.0,62.125,30.0,?,?,47.75,1
19.063,49.75,20.0,44.375,61.25,?,66.5,16.875,?,1
?,?,?,43.5,?,29.0,?,16.5,?,1
18.438,49.25,18.375,43.375,60.375,29.0,?,16.5,47.5,1
19.063,50.25,18.375,43.5,60.375,29.125,?,16.375,47.875,1
20.0,?,18.125,44.0,60.75,30.0,67.0,16.75,49.0,1
?,50.125,?,44.625,60.875,30.0,66.25,17.0,48.125,1
?,50.125,18.625,46.0,61.25,29.75,66.5,16.875,48.75,1
19.891,51.0,18.75,46.5,61.875,31.375,67.375,17.625,49.0,1
?,52.25,18.875,?,63.5,32.125,?,17.875,?,1
?,52.625,18.875,46.5,?,32.125,67.0,?,49.0,1
20.438,53.25,?,46.125,63.625,?,66.375,18.25,?,1
20.5,53.75,19.25,46.0,63.25,30.75,?,18.0,?,1
?,53.75,19.125,45.75,63.25,?,?,18.25,?,1
?,53.5,19.0,45.5,62.375,30.0,?,18.375,46.0,1
?,52.875,18.875,45.0,61.375,29.25,67.375,17.625,44.5,1
?,52.5,19.0,?,61.625,29.25,67.5,18.0,46.0,1
20.891,52.75,19.25,45.25,?,29.5,?,?,46.75,1
20.891,52.125,19.0,?,62.0,?,68.5,17.625,47.0,1
21.063,52.5,19.125,?,62.25,?,68.875,?,47.25,1
?,52.75,19.125,46.875,62.0,?,69.25,18.25,?,1
?,53.375,18.875,46.125,?,28.875,69.0,18.25,47.75,1
?,52.375,18.625,46.375,?,28.875,68.375,17.75,?,1
21.281,52.75,19.0,46.125,62.25,?,69.75,18.375,47.375,1
21.328000000000007,53.0,19.125,46.375,63.0,29.125,70.5,18.875,48.25,1
?,53.125,20.0,46.875,?,?,70.0,18.625,48.0,1
?,52.625,?,46.75,63.5,?,69.875,18.125,?,1
21.328000000000007,52.25,19.25,46.375,63.25,27.625,69.5,18.125,?,1
?,52.25,19.375,?,63.375,27.5,69.625,18.375,49.5,1
21.109,52.5,19.25,46.875,63.5,28.125,70.625,18.625,49.875,1
?,52.75,19.625,46.75,63.25,?,70.625,18.375,?,1
?,?,19.5,46.875,62.875,29.5,?,18.125,47.75,1
?,53.375,19.5,47.0,63.0,?,?,18.0,48.375,1
?,?,19.375,47.0,63.25,?,69.75,18.25,?,1
?,54.5,19.25,?,63.25,?,68.75,18.875,48.625,1
?,54.0,?,46.375,?,?,68.75,?,49.5,1
21.109,53.125,19.875,?,63.125,?,68.0,18.75,?,1
21.172,53.0,19.25,45.0,62.5,29.875,?,18.875,?,1
?,53.0,19.25,45.875,62.0,30.25,67.125,19.0,50.0,1
21.281,53.75,?,45.625,62.125,?,67.5,19.375,?,1
21.672,54.0,20.625,45.625,62.375,?,67.375,?,50.75,1
?,55.0,21.125,46.625,62.75,29.875,?,20.0,?,1
21.719,55.75,23.125,47.25,63.625,?,69.75,20.125,52.125,1
22.0,?,25.0,?,63.75,31.0,69.625,20.0,?,1
?,58.125,25.125,47.75,63.125,?,69.125,20.125,?,1
?,58.5,23.875,47.875,63.625,31.625,69.125,21.5,?,1
?,57.75,23.625,47.75,63.625,31.375,?,20.875,?,1
20.609,56.125,22.875,47.25,63.75,30.25,?,20.125,?,1
20.891,54.875,22.625,46.25,62.375,?,?,?,?,1
20.781,55.0,24.0,45.375,61.625,?,66.375,20.125,49.5,1
?,54.25,?,44.75,61.875,30.0,?,20.0,50.25,1
?,53.375,23.375,44.0,61.5,30.0,66.25,19.875,?,1
20.672,53.0,23.25,44.5,?,29.875,?,19.75,?,1
?,52.375,23.125,?,61.875,?,65.25,19.25,48.75,1
20.438,52.5,23.125,45.0,62.625,29.625,65.875,?,48.5,1
?,54.125,24.0,45.875,64.25,31.5,65.625,19.75,?,1
20.781,54.625,23.75,45.5,?,?,65.875,19.875,48.5,1
21.063,55.5,23.625,?,?,?,66.125,20.25,?,1
?,?,23.875,45.5,65.625,30.75,67.375,20.0,48.5,1
?,54.5,23.875,45.25,65.375,?,?,19.875,48.125,1
?,54.875,23.5,45.25,65.75,30.0,68.625,20.0,48.125,1
?,54.125,22.0,?,63.875,28.5,66.5,18.125,45.25,1
20.5,53.625,22.0,42.875,?,28.375,66.625,18.375,45.125,1
?,53.5,21.875,42.625,?,?,?,18.125,44.75,1
20.0,53.5,21.75,42.75,64.0,27.75,66.375,18.125,44.25,1
?,53.625,21.5,42.625,?,27.375,65.375,18.5,44.25,1
?,53.0,21.25,42.625,63.875,27.75,?,18.125,44.25,1
20.281,54.25,21.75,43.125,64.0,28.625,66.125,19.125,?,1
20.891,54.5,21.625,43.5,64.25,?,66.5,19.0,?,1
?,54.75,21.625,43.125,?,28.875,66.375,18.875,43.125,1
?,54.75,?,42.875,?,28.375,66.25,18.875,43.5,1
21.438,54.75,21.5,42.625,64.125,28.25,?,18.75,?,1
21.328000000000007,?,21.0,42.5,?,28.75,66.75,18.25,43.25,1
21.438,55.25,21.125,43.25,?,29.0,?,18.25,44.0,1
?,56.625,21.375,43.75,64.25,?,67.75,18.375,44.375,1
?,55.25,21.125,44.0,?,?,?,18.375,?,1
?,55.375,20.625,43.125,?,?,67.0,18.125,?,1
?,55.0,?,?,62.75,28.875,66.75,18.625,?,1
21.609,55.125,20.625,43.625,62.875,28.625,?,18.75,42.25,1
?,55.375,20.5,43.75,64.125,?,66.75,18.625,?,1
21.5,54.625,20.375,43.375,63.75,28.25,65.5,18.5,43.0,1
?,53.625,?,42.625,?,28.25,65.625,18.125,43.0,1
22.109,54.375,20.375,42.5,?,?,?,18.25,?,1
?,55.0,20.625,?,63.125,29.25,66.0,18.625,44.5,1
?,54.25,20.375,42.5,62.5,28.375,65.25,18.5,44.625,1
?,53.125,19.75,42.375,62.0,?,?,18.25,44.5,1
21.781,53.5,19.625,41.75,61.75,28.875,63.25,18.5,44.5,1
22.438,54.5,19.875,41.875,61.5,29.125,62.875,18.5,44.75,1
23.0,53.875,19.625,41.625,60.25,?,?,18.0,?,1
23.938,53.625,19.875,42.375,60.625,28.875,?,18.5,44.875,1
23.828000000000007,53.625,19.875,41.875,?,?,62.5,18.75,45.0,1
?,53.0,20.25,40.75,?,29.0,61.75,18.75,45.25,1
?,53.0,19.875,?,59.5,28.75,?,18.625,45.0,1
?,54.125,?,41.0,59.5,?,62.5,?,46.0,1
24.5,?,20.0,?,59.75,?,62.0,19.375,47.0,1
24.438,52.875,20.0,?,59.625,?,63.125,19.375,?,1
24.5,52.75,19.75,41.875,?,28.875,63.75,19.5,?,1
24.672,53.375,?,?,?,?,64.125,19.75,46.5,1
?,52.75,20.75,41.25,61.0,29.0,?,19.25,?,1
24.391,54.0,20.75,42.875,?,?,64.75,19.5,47.75,1
?,?,20.5,42.875,61.25,?,?,19.75,?,1
24.828000000000007,54.5,20.625,43.625,61.875,29.375,?,20.0,?,1
?,54.25,21.125,43.875,62.25,29.5,?,20.25,46.25,1
?,55.0,21.125,44.75,63.25,29.875,65.75,20.875,?,1
?,55.25,21.25,45.0,63.5,30.25,66.5,21.125,?,1
?,55.0,20.75,45.0,62.75,29.625,?,20.125,?,1
24.391,?,?,45.125,62.75,29.375,?,21.0,?,1
24.281,54.0,21.5,44.25,62.375,29.125,65.5,20.375,47.625,1
24.938,54.5,22.375,44.25,?,?,64.625,21.25,48.25,1
25.719,54.75,23.0,45.125,64.0,29.5,65.25,21.5,?,1
?,53.625,23.125,44.5,?,29.125,65.5,21.375,48.875,1
25.672,53.125,22.75,44.25,64.125,?,65.875,21.25,?,1
25.672,53.625,22.375,43.25,63.5,?,65.125,20.75,48.0,1
25.672,53.625,22.5,43.75,63.875,29.125,65.625,20.75,?,1
25.828000000000007,?,?,44.0,64.0,?,?,20.375,?,1
26.109,53.0,21.75,44.75,64.125,?,?,21.125,49.0,1
?,53.0,22.625,43.75,64.25,29.375,66.0,21.25,?,1
26.281,52.75,23.0,43.5,64.875,30.25,66.5,?,47.875,1
?,52.75,22.25,43.125,64.375,30.125,65.625,21.25,?,1
26.219,52.75,22.5,43.875,?,29.875,65.375,20.875,?,1
?,53.0,22.5,?,64.375,30.0,?,20.875,46.375,1
26.219,53.25,22.75,44.125,?,?,65.125,21.0,47.5,1
26.063,52.625,22.375,43.25,64.0,?,?,20.625,?,1
26.438,53.0,22.5,43.875,64.5,31.5,65.375,21.125,?,1
?,53.375,22.625,43.625,65.0,?,66.0,21.125,?,1
26.281,53.75,22.5,43.5,65.375,31.625,66.125,21.5,?,1
25.781,53.25,22.25,43.125,65.0,31.5,66.375,21.25,47.25,1
?,53.25,22.125,42.625,64.75,?,65.625,?,46.375,1
25.828000000000007,53.875,22.125,43.25,65.125,?,66.625,21.5,46.75,1
25.609,53.75,21.75,42.75,?,?,65.75,21.0,?,1
25.563,53.375,21.25,41.25,63.75,?,65.25,20.25,45.0,1
?,53.0,21.5,41.375,64.25,?,65.25,20.5,45.5,1
?,53.0,21.0,41.5,64.125,30.375,65.625,20.375,45.25,1
25.828000000000007,?,21.0,40.75,64.25,30.375,?,19.875,?,1
26.5,52.25,21.125,41.25,64.875,?,?,20.875,?,1
?,52.875,22.125,41.25,66.125,31.25,66.5,21.875,?,1
?,53.0,21.75,?,?,31.125,67.5,?,?,1
?,53.125,21.75,41.125,65.375,31.0,67.5,21.5,46.75,1
27.781,52.875,?,?,65.625,31.125,67.75,20.875,46.25,1
?,52.5,21.375,41.375,65.125,31.0,67.5,20.875,45.625,1
27.672,52.5,21.5,41.75,65.0,30.875,66.75,20.875,45.375,1
?,51.75,21.5,40.875,64.875,30.5,68.0,?,44.625,1
27.109,51.125,21.25,?,?,30.0,67.125,20.125,44.0,1
?,50.875,?,39.0,63.125,?,65.375,19.75,43.125,1
26.5,51.0,20.75,39.25,63.125,?,?,?,43.125,1
?,50.5,20.75,40.375,63.0,30.0,?,19.875,42.75,1
?,49.875,20.75,40.0,62.625,29.625,64.75,19.625,41.0,1
26.0,49.5,21.5,39.0,63.0,?,64.25,19.75,41.75,1
26.281,50.25,21.75,39.0,62.75,29.625,65.125,19.875,41.75,1
26.063,49.875,21.875,38.875,?,29.625,64.75,?,41.5,1
?,?,?,39.125,64.5,30.0,64.125,19.5,41.125,1
?,49.375,21.25,39.0,63.875,?,63.5,19.625,40.75,1
?,49.125,21.125,38.75,63.0,29.5,?,19.75,41.0,1
26.109,49.625,21.5,39.125,62.25,29.75,64.75,19.875,41.75,1
?,49.625,21.25,39.25,63.0,29.5,64.5,19.875,42.125,1
?,49.75,21.125,39.375,62.625,29.25,64.875,19.875,42.125,1
?,49.75,21.375,39.625,62.5,?,65.5,20.125,?,1
?,49.25,22.5,39.5,?,29.5,65.75,20.125,42.0,1
?,49.5,22.25,39.0,62.0,?,66.0,20.375,42.25,1
?,49.75,?,39.125,61.0,?,64.5,19.875,42.25,1
?,51.75,22.125,40.0,?,?,65.25,20.875,42.125,1
26.438,51.375,22.125,40.125,64.0,30.0,?,21.0,41.875,1
26.563,?,22.125,40.625,64.0,29.875,?,20.875,41.625,1
?,51.5,22.125,40.625,64.375,29.875,66.875,?,42.125,1
?,51.5,22.0,?,63.75,?,67.375,20.75,42.75,1
27.0,51.25,22.0,40.375,63.875,30.25,?,20.625,42.75,1
27.672,51.375,22.125,40.625,?,30.25,68.75,20.375,42.75,1
27.781,?,22.125,41.0,64.875,30.375,68.75,20.25,43.75,1
27.563,51.0,22.0,40.625,64.625,?,?,20.0,43.5,1
27.328000000000007,51.25,21.875,40.625,65.25,30.25,69.625,21.125,43.875,1
27.281,50.75,21.875,40.625,64.625,?,?,21.0,43.375,1
27.109,50.625,21.875,40.375,?,30.625,70.125,21.375,43.625,1
27.063,50.75,21.75,40.625,65.0,30.25,70.0,21.375,43.75,1
?,50.75,?,40.5,65.875,30.375,69.375,21.375,43.875,1
27.281,?,21.0,40.875,66.375,30.375,69.5,21.625,44.25,1
?,50.125,21.25,41.0,66.875,?,69.625,21.625,44.25,1
?,50.25,21.75,41.5,67.0,30.25,69.375,21.75,44.25,1
27.672,50.25,21.5,?,67.75,?,69.625,21.875,44.25,1
28.281,50.0,21.625,42.125,69.0,?,?,21.75,44.375,1
?,50.5,21.625,42.875,?,?,71.5,22.25,?,1
?,50.625,21.5,42.5,70.125,31.625,71.375,22.375,46.0,1
28.328000000000007,?,?,41.625,71.375,31.5,71.5,21.875,?,1
?,50.625,22.25,42.0,72.0,31.625,71.625,22.0,46.375,1
?,50.375,22.75,42.125,?,31.5,72.25,21.875,46.5,1
29.219,?,22.875,42.75,74.0,32.625,73.75,?,47.625,1
?,51.125,22.625,43.125,74.5,?,73.5,23.0,46.75,1
?,51.625,22.75,43.0,?,33.125,?,?,46.5,1
?,50.75,22.375,42.125,73.0,32.875,73.0,?,45.625,1
?,50.75,?,42.625,73.25,?,72.875,21.875,45.875,1
28.891,50.75,22.25,42.75,73.25,32.875,72.25,21.5,45.875,1
?,51.25,22.875,42.75,72.5,?,72.125,21.75,?,1
?,?,22.625,43.0,74.5,?,72.75,22.0,45.25,1
?,51.25,22.25,42.25,75.375,?,71.875,21.0,?,1
?,51.75,22.25,43.375,?,?,?,22.25,45.75,1
?,53.375,22.5,44.0,77.875,33.25,73.25,22.5,46.0,1
?,?,22.375,43.0,77.875,32.875,72.875,21.75,45.0,1
29.281,52.625,22.25,43.75,77.0,33.0,73.0,21.625,45.125,1
29.172,52.625,22.125,43.875,75.75,?,73.0,?,44.75,1
28.828000000000007,52.0,22.75,43.75,75.0,?,72.25,20.375,44.125,1
?,52.875,22.625,?,75.75,33.375,72.5,?,44.0,1
?,?,23.25,44.375,76.375,?,72.0,21.75,44.0,1
28.828000000000007,54.25,23.625,44.375,77.25,?,71.625,22.0,44.875,1
?,54.25,23.0,?,78.375,?,72.125,21.625,44.25,1
28.891,54.0,23.125,43.625,79.0,35.125,72.125,21.625,44.0,1
28.5,53.125,22.75,43.375,78.5,?,?,21.25,43.0,1
?,?,22.5,42.875,78.125,34.5,70.5,20.625,42.25,1
28.438,52.75,22.375,?,78.0,35.0,70.375,?,?,1
?,52.125,21.375,43.375,77.75,35.125,69.625,19.875,42.75,1
28.063,52.125,21.375,43.375,77.75,34.875,70.0,20.125,42.5,1
27.391,51.125,20.75,42.5,?,?,?,18.875,?,1
?,51.25,20.75,42.375,76.5,?,68.5,19.625,41.125,1
27.391,51.0,21.0,41.875,76.75,33.125,?,19.5,41.25,1
?,50.25,20.25,41.625,76.0,?,?,18.875,41.25,1
?,49.875,20.125,41.375,76.5,32.5,68.75,19.25,41.625,1
27.672,?,?,41.375,75.75,?,69.375,19.625,41.75,1
27.5,50.25,?,?,76.125,?,69.125,19.875,42.375,1
?,50.5,21.0,41.75,75.875,?,69.5,19.75,?,1
?,50.125,21.125,41.75,76.0,?,?,19.875,41.375,1
27.563,50.125,?,40.75,75.75,31.875,?,19.375,41.25,1
?,50.125,20.5,41.625,?,?,?,19.625,?,1
?,50.0,20.5,41.5,75.375,32.5,?,19.875,42.125,1
27.563,50.5,21.0,41.875,76.875,32.5,70.875,20.5,42.25,1
27.438,49.875,?,42.125,77.25,?,70.25,?,42.25,1
27.719,49.375,21.0,41.75,77.375,?,70.5,20.25,?,1
?,50.125,21.25,42.0,77.875,31.875,70.25,20.75,42.0,1
?,50.875,?,41.875,78.0,?,70.75,21.0,42.75,1
?,50.125,21.125,?,77.375,30.75,71.625,21.125,?,1
?,50.0,20.75,40.0,76.625,?,?,20.75,42.875,1
27.891,50.375,20.75,39.875,76.5,?,?,?,42.125,1
27.563,?,20.875,39.875,?,28.5,71.0,20.625,42.0,1
27.391,50.625,20.5,40.125,76.75,?,71.0,21.125,41.5,1
27.391,?,?,40.25,76.5,?,70.75,21.0,41.875,1
?,51.0,?,39.75,76.625,28.25,70.375,20.875,42.625,1
27.172,?,20.375,40.0,76.25,28.5,70.125,20.875,43.75,1
?,50.875,20.125,40.375,76.0,27.25,?,21.5,43.375,1
26.719,50.75,19.875,40.0,?,?,?,21.5,42.25,1
?,50.5,19.375,39.75,74.75,25.75,69.875,21.0,41.625,1
26.281,50.75,19.5,39.5,75.0,25.625,68.875,20.625,41.0,1
26.563,50.875,19.5,39.75,74.875,25.5,?,21.125,41.375,1
?,50.75,19.375,40.0,74.5,25.75,68.375,21.0,?,1
26.563,50.25,19.625,40.0,75.125,?,68.0,21.625,41.25,1
27.109,50.375,20.0,40.5,75.375,?,68.0,22.0,41.75,1
26.938,50.75,19.75,40.5,75.25,27.75,67.0,21.75,41.625,1
?,50.625,19.625,39.625,75.25,?,66.75,21.875,41.5,1
?,50.875,?,40.25,76.75,?,67.5,22.0,42.25,1
26.719,50.875,20.125,40.75,77.125,27.875,67.375,?,42.25,1
27.0,50.875,20.125,40.875,77.375,?,67.75,21.625,42.375,1
26.672,52.0,19.875,40.875,77.625,28.25,67.0,20.875,?,1
26.5,51.625,20.125,40.5,78.0,?,66.375,21.125,42.0,1
26.719,51.375,?,40.5,78.875,?,?,21.375,42.5,1
27.328000000000007,50.25,?,40.75,79.5,28.125,67.125,21.75,42.25,1
27.172,50.875,19.75,40.625,79.375,?,67.5,21.875,42.5,1
27.172,51.375,19.875,40.375,80.0,26.625,?,21.625,41.75,1
?,51.125,19.875,?,79.75,26.5,67.0,22.0,42.375,1
27.281,51.25,20.0,40.0,81.0,26.375,?,21.875,42.5,1
?,51.25,?,40.375,82.5,26.25,66.875,21.75,42.75,1
?,50.875,20.125,40.25,82.25,26.5,67.125,?,42.5,1
26.0,50.25,19.875,40.125,?,26.125,?,21.25,42.875,1
26.438,?,20.125,40.625,83.5,26.75,67.5,21.75,?,1
27.172,50.125,20.0,41.125,84.0,26.25,68.75,?,44.0,1
28.0,49.875,19.875,42.25,84.625,26.125,70.25,21.625,44.0,1
28.109,50.875,20.0,42.625,86.0,?,?,21.625,?,1
27.938,51.25,20.125,42.5,85.625,26.75,70.5,21.625,?,1
28.172,51.25,?,42.25,86.375,?,71.5,22.0,?,1
28.391,50.0,20.375,42.25,86.875,?,71.75,22.125,44.375,1
?,51.0,20.5,42.0,86.75,27.375,71.0,22.125,44.375,1
?,50.875,20.125,41.75,87.0,?,71.25,22.0,44.625,1
28.109,51.0,19.875,42.125,88.125,27.875,71.125,22.5,45.125,1
28.281,51.5,20.125,43.625,89.0,28.0,71.25,22.875,45.875,1
28.063,51.5,?,44.375,91.25,?,71.125,22.25,44.75,1
?,50.75,20.0,?,90.0,27.5,?,21.75,45.5,1
27.781,50.125,20.0,43.25,88.875,27.0,69.875,22.0,45.0,1
27.5,50.375,20.125,43.375,88.75,27.375,68.75,22.0,45.25,1
?,49.875,20.0,43.875,89.0,27.375,68.25,21.75,?,1
?,49.75,?,43.875,89.125,26.875,?,22.0,45.0,1
27.609,50.5,20.125,?,89.625,?,?,22.0,44.875,1
27.938,50.625,20.0,44.125,90.25,28.125,?,22.25,?,1
28.281,50.875,20.0,43.75,89.75,27.625,68.0,22.375,45.375,1
27.781,50.625,20.0,43.0,88.375,27.5,67.75,21.625,45.125,1
?,50.625,20.0,43.0,88.625,?,?,21.375,?,1
27.172,50.25,20.0,42.0,86.75,27.5,?,21.0,44.875,1
27.109,50.75,20.125,42.375,86.375,27.75,66.5,21.125,44.375,1
?,50.75,20.25,43.125,87.375,28.0,67.25,21.5,44.75,1
?,50.375,?,42.625,87.375,28.0,66.25,21.25,44.5,1
?,50.875,20.625,43.375,88.5,?,66.75,22.0,44.75,1
28.938,?,20.75,?,88.75,?,68.0,22.125,45.0,1
29.063,50.75,21.625,43.875,90.0,?,?,?,45.375,1
?,50.875,21.375,43.875,89.75,?,68.625,?,45.25,1
28.891,53.25,21.5,44.125,89.5,?,?,22.0,45.125,1
28.938,52.875,21.625,?,89.75,29.375,68.0,21.875,?,1
29.563,52.75,21.5,44.875,90.0,29.0,?,21.625,44.625,1
29.719,53.0,21.75,45.75,90.75,29.0,?,22.125,?,1
29.781,53.0,21.625,?,91.25,28.5,?,21.875,44.875,1
30.281,53.5,21.75,45.875,92.25,28.0,68.625,22.0,44.875,1
30.781,54.0,22.125,45.875,92.625,?,69.0,22.5,45.25,1
30.109,53.375,?,44.875,89.375,27.5,67.5,22.25,?,1
29.391,53.125,21.5,?,89.5,27.125,66.75,21.5,44.0,1
29.328000000000007,53.375,21.625,45.125,90.375,27.25,66.125,21.5,43.75,1
29.109,53.75,21.875,45.375,90.75,27.5,66.125,21.5,43.5,1
28.891,53.5,22.0,?,90.875,27.0,?,21.125,42.75,1
?,53.625,21.875,45.0,?,26.75,66.375,?,43.375,1
?,54.0,21.75,45.375,90.25,?,66.875,21.0,43.75,1
29.938,?,22.0,45.0,91.125,27.125,?,20.875,44.0,1
30.219,53.75,22.375,45.625,92.5,27.0,67.375,22.0,44.125,1
?,?,22.0,45.5,91.875,?,?,22.25,?,1
30.063,54.25,21.875,?,91.625,?,?,22.0,?,1
30.5,53.875,21.375,?,91.875,27.25,69.0,22.0,45.125,1
30.891,53.5,21.25,?,91.625,?,67.875,?,?,1
30.781,53.25,20.875,45.0,91.75,27.5,67.75,21.375,44.75,1
30.719,53.75,21.125,45.0,91.125,?,67.875,21.875,44.5,1
30.781,54.0,20.75,?,91.25,?,?,?,44.125,1
31.063,54.5,?,45.125,91.375,28.5,67.75,21.5,44.375,1
31.172,55.0,21.375,45.125,92.5,27.75,?,21.875,44.75,1
30.938,54.375,21.0,44.75,92.5,?,67.0,21.5,44.375,1
31.781,55.0,21.375,45.625,92.0,27.75,67.625,22.0,?,1
?,55.125,21.25,45.75,93.0,27.5,?,21.875,45.0,1
32.5,56.0,21.25,46.375,?,27.625,68.0,22.0,44.875,0
32.563,56.375,20.875,46.375,93.875,26.875,?,22.0,45.0,0
?,56.5,21.0,46.125,93.75,?,68.875,22.125,44.875,0
32.438,56.875,21.25,?,88.125,27.375,68.625,22.5,?,0
?,56.375,20.75,45.75,85.125,?,68.75,22.125,?,0
32.109,56.625,20.625,?,85.875,26.75,69.0,22.0,?,0
32.891,56.375,20.25,45.25,84.125,?,69.375,21.875,45.25,0
33.672,56.25,20.625,45.875,84.375,?,?,21.75,45.125,0
33.719,55.875,20.5,45.25,84.75,26.875,69.875,22.125,?,0
34.281,56.75,20.625,45.25,84.5,27.125,69.625,22.125,44.75,0
34.828,56.875,20.75,?,83.5,26.75,69.875,22.0,?,0
34.563,56.625,20.625,45.0,82.0,26.75,70.0,?,44.25,0
34.0,56.0,?,44.875,80.625,26.625,69.625,22.0,44.75,0
34.063,56.875,20.625,44.0,80.375,26.75,?,22.0,44.75,0
?,57.0,20.375,43.75,78.75,26.25,68.875,21.875,43.875,0
33.609,56.375,20.625,43.875,78.75,26.375,68.375,21.875,43.25,0
33.5,56.25,20.75,43.5,78.625,26.25,68.375,21.875,42.875,0
34.5,56.25,20.625,?,79.125,26.25,68.375,21.875,42.875,0
35.563,56.5,20.875,44.125,79.375,?,68.875,22.125,43.5,0
36.281,56.5,20.875,45.125,78.875,26.25,69.25,22.25,44.0,0
36.609,56.75,20.875,45.625,78.625,26.125,69.625,22.25,43.75,0
35.938,57.0,21.0,45.875,?,?,70.125,22.0,?,0
35.781,57.25,21.125,46.125,78.875,26.125,?,22.0,44.25,0
35.719,57.75,21.25,46.0,79.0,26.125,71.125,22.125,45.0,0
35.563,57.75,21.375,46.5,78.75,26.0,71.375,?,45.625,0
35.063,57.75,21.5,45.875,78.625,25.875,71.125,22.125,45.75,0
?,58.0,21.875,46.0,80.125,25.875,71.75,?,46.25,0
35.219,?,22.0,45.625,80.5,25.875,71.625,?,45.75,0
35.563,58.5,22.375,46.0,80.25,25.375,71.75,22.375,?,0
36.0,?,22.0,45.5,79.5,25.125,?,22.25,44.75,0
35.719,57.375,22.25,?,79.625,24.75,71.25,22.375,?,0
35.563,57.5,22.5,45.25,79.75,?,71.25,22.375,45.0,0
35.0,58.25,22.375,?,79.375,25.375,71.375,22.0,46.0,0
?,57.125,22.0,44.875,78.875,?,72.0,21.875,45.125,0
34.109,57.0,21.75,45.0,78.75,24.625,?,22.0,44.875,0
34.438,57.625,21.875,45.0,78.75,25.125,72.5,22.0,45.125,0
34.391,58.0,21.75,?,78.375,25.625,73.5,22.125,45.375,0
?,58.0,21.75,44.875,79.0,25.5,73.375,22.125,45.25,0
34.672,57.625,21.875,44.875,79.0,26.0,?,22.25,45.5,0
34.172,57.125,21.5,44.875,79.0,25.625,73.375,22.25,45.5,0
?,57.0,21.75,45.375,79.375,26.375,74.5,22.375,45.5,0
?,56.75,21.5,44.875,79.0,26.375,73.0,22.25,45.375,0
33.5,57.25,21.625,45.375,78.875,26.625,73.125,22.125,45.25,0
33.922,57.5,21.5,?,79.125,26.5,?,22.25,45.125,0
?,?,21.375,45.5,78.625,?,74.25,22.125,45.125,0
33.172,57.625,21.875,46.25,78.5,26.25,73.5,22.25,45.0,0
34.0,57.125,21.75,46.875,78.125,?,73.75,22.5,45.125,0
34.5,57.5,21.75,?,77.375,27.125,74.0,?,?,0
?,57.875,21.5,48.125,75.625,27.0,74.625,22.375,45.25,0
34.172,58.125,21.375,48.125,75.5,27.25,?,?,?,0
?,?,21.25,47.75,73.25,?,74.125,22.5,44.875,0
32.422,57.875,?,46.75,?,26.0,73.5,?,43.875,0
32.0,58.25,20.5,?,73.625,26.125,72.625,22.0,43.0,0
?,58.625,20.5,?,?,26.125,72.75,?,?,0
?,58.375,20.375,?,75.25,?,72.75,22.125,44.75,0
32.422,58.5,20.5,47.25,75.5,26.125,73.875,22.0,45.75,0
33.078,59.0,20.625,?,76.25,26.0,75.875,22.0,?,0
33.172,59.75,21.0,?,77.25,26.25,75.875,22.25,46.375,0
33.578,59.75,21.125,48.0,78.125,?,77.0,?,46.375,0
?,60.25,21.5,?,79.25,?,77.0,22.125,46.125,0
33.75,59.875,21.625,?,78.75,26.0,76.625,22.125,46.875,0
?,60.0,21.875,47.75,79.625,?,76.875,22.375,48.0,0
34.078,60.0,22.25,?,77.75,?,76.5,22.25,47.875,0
33.578,60.125,22.375,46.375,77.375,?,75.375,21.875,?,0
?,59.375,22.5,?,72.0,26.75,75.75,22.375,48.625,0
?,58.75,22.25,46.0,71.375,25.5,75.5,22.375,48.25,0
35.0,58.25,?,45.75,72.25,25.75,75.75,22.5,?,0
35.0,57.625,21.75,?,72.375,25.75,75.5,22.625,48.5,0
34.75,57.5,21.75,46.25,73.25,25.75,75.875,?,?,0
34.25,57.125,?,47.0,73.375,?,77.25,?,48.5,0
34.672,57.125,21.125,?,72.875,25.125,77.75,22.875,48.375,0
35.0,57.375,21.25,48.125,?,25.25,79.5,22.5,48.375,0
34.922,58.375,?,48.5,74.75,25.875,79.25,22.875,?,0
34.0,58.75,21.0,48.125,74.375,?,78.125,22.75,?,0
33.672,58.625,20.375,48.125,73.875,25.5,78.0,22.875,48.625,0
?,58.125,19.875,?,73.0,25.5,77.875,22.75,?,0
33.5,57.75,?,47.375,73.0,25.375,78.0,?,?,0
34.25,58.25,?,48.25,73.875,25.75,79.0,23.625,49.0,0
35.922,58.375,20.375,?,?,25.625,79.5,23.25,?,0
35.5,57.75,20.125,?,73.875,25.625,78.875,22.875,48.5,0
35.422,?,20.125,?,73.875,25.5,79.125,22.75,48.5,0
34.828,58.0,19.75,48.625,73.5,25.375,77.875,22.75,48.25,0
?,58.375,20.25,48.375,73.25,25.5,79.25,22.5,?,0
35.328,58.625,20.125,48.75,73.25,25.25,79.0,23.0,47.875,0
35.422,59.25,20.25,?,73.125,25.25,79.625,22.75,?,0
?,59.125,20.0,48.0,72.75,25.5,?,22.75,48.0,0
35.672,59.125,20.125,49.375,73.25,?,79.5,23.0,48.0,0
35.828,57.625,20.125,48.875,72.25,25.125,77.875,22.25,47.75,0
35.172,57.5,19.75,?,71.75,24.625,78.375,22.5,47.5,0
35.422,57.375,20.0,48.625,70.625,24.875,78.25,22.625,47.625,0
36.828,57.625,20.375,49.5,71.25,25.25,80.5,23.0,48.125,0
36.75,57.5,?,49.625,71.5,25.0,79.875,22.875,48.25,0
36.828,58.0,20.375,?,70.75,25.0,80.375,23.375,?,0
35.672,58.0,20.125,50.125,70.75,24.625,80.125,?,?,0
36.172,58.0,20.0,?,70.75,24.125,80.0,?,47.875,0
?,58.0,20.125,51.875,71.0,24.25,80.0,23.625,?,0
?,58.25,20.0,51.5,72.375,24.375,80.75,?,48.375,0
37.672,57.75,?,51.25,72.25,?,80.0,24.0,47.625,0
?,57.5,20.75,50.875,?,23.625,79.5,23.625,?,0
36.672,58.0,20.875,?,71.875,23.625,79.0,24.0,47.5,0
37.078,57.0,20.5,50.0,72.25,23.375,78.75,24.5,47.75,0
36.078,56.875,?,49.75,72.75,23.75,78.5,?,46.875,0
37.0,57.25,?,49.75,73.0,23.625,79.0,24.5,47.125,0
37.422,57.125,21.0,?,72.625,23.75,78.25,24.375,?,0
37.078,56.625,20.875,?,72.75,23.375,77.625,?,?,0
37.672,57.375,?,49.75,72.75,23.625,78.375,?,?,0
38.078,57.375,22.0,?,72.625,23.75,78.875,25.0,?,0
?,57.0,21.5,?,72.5,?,78.875,24.625,?,0
?,57.375,21.5,50.75,72.25,?,78.75,24.625,47.5,0
39.0,57.375,21.0,?,72.625,?,79.125,24.25,?,0
39.25,57.625,21.125,?,72.625,?,78.75,24.125,?,0
?,?,20.875,50.375,72.125,23.0,?,23.75,47.0,0
38.328,57.25,?,50.75,72.125,?,78.625,?,?,0
?,57.5,?,?,71.25,22.375,78.625,23.75,?,0
38.25,58.0,20.625,51.375,?,23.0,79.0,23.75,46.75,0
38.0,58.125,20.625,52.75,70.375,23.0,79.25,23.375,46.5,0
37.75,58.25,20.625,?,69.625,22.875,80.0,23.5,?,0
39.828,58.625,20.5,?,?,22.5,81.0,?,47.625,0
39.672,58.75,20.375,?,70.5,22.125,82.25,24.5,47.5,0
?,59.0,20.5,52.75,70.5,21.25,82.5,?,47.625,0
39.172,58.75,?,?,70.875,21.75,82.5,24.5,47.625,0
39.0,58.25,20.625,?,71.5,21.625,83.625,24.625,47.875,0
38.922,58.375,20.375,52.5,71.0,21.625,84.25,24.75,48.375,0
39.672,58.75,20.125,?,?,22.125,84.125,24.5,48.125,0
40.922,58.875,?,?,70.5,22.125,83.5,24.5,?,0
38.25,55.5,19.5,?,69.625,21.5,81.25,22.375,45.5,0
39.5,54.0,?,49.5,68.5,?,80.875,?,?,0
39.0,54.375,19.375,?,68.75,21.375,80.625,23.25,46.875,0
?,54.875,?,?,68.75,21.125,80.75,23.375,?,0
39.078,54.875,?,51.5,68.625,?,82.875,23.75,?,0
39.0,54.875,19.625,?,68.75,21.125,85.0,24.625,47.375,0
38.422,54.25,?,50.125,?,21.375,83.125,24.375,47.5,0
38.422,53.625,19.0,?,?,?,81.875,27.125,?,0
38.328,53.125,19.0,49.875,67.125,21.0,82.625,25.0,46.75,0
?,52.5,19.125,?,67.125,?,81.375,25.125,46.5,0
36.422,52.25,18.875,?,66.5,20.25,80.5,25.25,46.875,0
?,52.25,18.75,48.5,67.875,19.625,80.375,?,46.5,0
37.5,?,18.375,48.875,68.625,19.75,80.75,24.25,46.875,0
37.422,?,18.25,48.75,?,?,81.875,24.25,?,0
37.578,?,18.75,?,68.625,19.25,80.5,?,46.875,0
37.828,52.75,19.0,?,69.5,18.875,81.125,23.25,47.25,0
36.328,52.125,?,47.375,68.375,?,79.625,23.25,?,0
?,52.25,18.625,47.5,68.625,18.375,79.75,24.25,?,0
36.5,52.25,18.625,48.0,?,18.875,80.875,24.125,46.875,0
36.922,52.25,18.5,47.875,68.25,18.75,?,?,?,0
37.328,52.0,18.375,47.875,68.625,18.75,80.625,24.375,47.125,0
37.25,?,18.25,47.375,69.125,18.75,80.25,23.875,46.875,0
36.922,51.0,?,47.25,69.25,18.5,78.0,23.625,47.0,0
37.422,?,18.25,45.875,69.125,18.625,?,23.25,47.125,0
?,50.375,18.25,45.25,69.25,18.875,76.5,22.875,47.0,0
38.672,49.0,18.125,44.0,69.375,18.875,75.375,22.875,46.875,0
39.672,44.125,17.125,?,68.25,17.625,68.625,21.375,?,0
38.5,?,17.0,38.5,67.625,?,68.5,21.0,44.5,0
38.922,43.25,17.125,39.75,67.5,16.0,69.25,20.875,44.375,0
?,43.25,?,40.125,67.75,16.375,68.5,21.125,45.25,0
39.172,44.0,17.25,39.5,67.0,16.625,68.625,20.875,45.5,0
39.828,44.0,?,39.875,65.5,17.25,?,21.125,45.5,0
39.828,43.5,17.125,40.375,63.5,17.625,66.75,21.125,45.5,0
40.0,43.625,17.125,40.0,62.75,17.25,65.5,21.125,45.875,0
41.0,43.5,?,40.125,63.125,17.375,?,20.875,?,0
40.422,?,16.75,?,62.875,17.125,?,20.75,47.0,0
40.828,43.625,16.375,39.875,62.75,17.125,65.5,20.75,?,0
40.5,43.75,16.375,39.125,61.625,17.25,65.125,20.125,48.125,0
40.328,44.75,16.125,39.125,61.375,16.875,66.25,20.25,48.25,0
40.0,44.625,?,40.25,62.0,17.125,67.375,21.125,49.25,0
?,45.125,16.125,39.75,61.5,17.5,68.625,21.0,?,0
39.172,45.25,16.125,?,61.875,17.5,69.625,21.0,?,0
39.25,45.375,?,40.0,62.0,17.5,69.375,21.5,49.25,0
38.922,46.0,16.25,40.0,?,?,69.5,22.125,49.0,0
?,?,?,40.0,?,18.5,68.875,22.5,49.5,0
?,46.125,15.625,40.125,60.875,17.75,66.875,23.0,49.25,0
38.328,45.5,14.875,40.125,60.125,17.0,66.0,?,48.75,0
38.0,45.5,15.125,41.0,?,17.0,?,21.75,?,0
39.0,46.25,15.25,?,60.25,17.375,67.25,21.625,48.375,0
38.328,?,?,41.875,60.75,17.25,67.375,22.375,48.75,0
38.922,?,15.625,42.625,?,17.125,66.875,22.5,48.625,0
38.0,44.875,15.5,44.25,61.5,17.25,68.875,?,?,0
38.672,44.625,15.375,44.0,61.75,17.5,?,23.25,?,0
39.578,44.875,?,44.375,61.25,17.5,69.5,23.75,?,0
?,45.375,16.125,44.25,61.75,18.0,69.75,24.25,49.875,0
42.0,46.125,?,45.25,63.375,18.0,?,23.375,51.25,0
41.828,45.875,?,?,63.0,17.875,?,22.875,50.75,0
41.25,45.5,?,45.875,62.5,18.0,70.0,23.25,?,0
41.75,?,?,46.375,62.875,18.5,69.875,23.375,?,0
41.25,44.125,15.125,?,62.625,17.875,68.25,22.5,?,0
41.422,42.75,?,45.125,62.25,?,67.25,22.25,?,0
40.828,42.25,?,43.875,?,18.0,67.25,22.625,49.375,0
40.0,41.625,?,42.75,61.5,17.625,?,?,48.375,0
39.578,?,15.25,43.25,62.25,18.0,66.625,21.875,48.0,0
39.922,41.5,15.375,43.0,63.0,18.125,?,22.5,?,0
40.172,41.125,?,42.375,?,17.625,67.5,22.5,47.875,0
40.0,41.375,14.875,42.625,62.75,18.0,?,23.375,?,0
40.578,41.5,14.375,42.375,62.25,18.25,68.25,23.875,48.375,0
39.5,40.75,13.875,41.75,60.25,17.375,?,22.875,47.5,0
39.328,40.5,?,41.625,?,17.75,66.625,23.125,47.625,0
39.672,40.375,13.375,41.75,59.875,17.625,?,23.0,47.0,0
?,39.25,13.25,42.0,?,17.5,65.0,?,?,0
38.578,39.875,?,41.625,57.625,18.0,?,?,?,0
38.25,39.375,?,41.5,54.875,17.75,65.125,22.25,46.0,0
38.828,40.0,?,40.75,?,18.375,?,22.375,46.5,0
39.5,40.625,?,41.125,50.375,18.125,66.0,23.0,47.875,0
40.828,40.125,?,?,50.625,17.875,65.75,22.25,48.25,0
?,39.75,?,40.75,50.875,17.625,64.125,22.25,?,0
42.078,39.375,?,39.625,52.5,17.5,?,22.125,47.625,0
42.328,38.0,12.875,39.25,52.125,17.0,62.625,?,47.625,0
42.328,38.125,?,39.5,?,?,?,21.5,?,0
41.672,?,?,?,54.875,17.625,?,21.0,?,0
41.578,?,?,39.75,?,17.75,61.0,21.25,48.375,0
?,36.25,?,39.625,?,17.875,60.125,21.125,47.375,0
41.422,36.25,?,39.75,?,17.875,60.625,21.5,47.875,0
42.328,36.875,?,39.75,?,17.625,?,?,?,0
42.328,37.0,13.25,39.75,53.75,17.625,?,22.0,46.875,0
?,36.75,?,39.75,54.5,17.5,62.125,21.625,47.375,0
41.0,36.625,?,39.375,55.125,17.0,?,21.125,46.875,0
40.328,36.5,?,38.75,?,17.0,61.375,21.25,47.125,0
40.422,36.375,14.5,38.875,?,16.5,60.75,21.0,?,0
40.0,?,14.75,38.25,54.25,16.25,61.125,20.875,47.375,0
40.75,36.5,14.875,?,?,15.625,61.25,?,48.25,0
41.078,?,14.125,38.625,54.5,15.75,61.5,?,49.0,0
42.578,37.25,?,39.375,54.5,16.125,?,21.625,?,0
43.328,?,13.875,38.75,54.5,16.25,?,21.25,50.0,0
43.25,38.0,13.75,38.75,54.5,16.25,?,21.5,50.5,0
?,37.625,13.5,39.5,54.625,16.25,61.625,21.0,?,0
?,?,?,40.25,?,17.0,62.0,21.5,49.75,0
44.078,?,?,40.75,55.25,17.0,61.125,?,49.75,0
44.75,38.0,?,42.75,56.625,17.625,61.875,21.625,50.5,0
45.172,37.75,14.5,43.0,58.0,17.125,62.0,21.75,49.625,0
44.672,?,14.375,?,57.25,17.125,?,21.625,50.25,0
?,37.125,14.125,42.625,55.875,16.875,?,21.5,49.75,0
45.0,?,14.25,?,56.0,16.875,?,21.75,?,0
44.922,37.5,?,41.375,56.0,17.0,61.875,21.875,?,0
46.5,?,?,41.625,56.75,16.625,62.625,22.375,50.5,0
47.672,37.5,?,41.875,56.5,?,?,22.25,?,0
47.0,37.0,?,41.25,?,15.875,63.5,22.0,?,0
47.422,37.125,15.5,41.875,56.0,16.0,63.875,21.875,?,0
47.5,?,15.5,42.375,55.375,16.375,62.625,22.25,50.375,0
48.828,37.625,?,?,55.375,15.875,?,22.25,?,0
48.0,38.0,15.625,42.75,?,15.75,63.5,22.375,?,0
48.5,38.875,16.25,43.75,56.125,15.375,64.125,22.75,50.875,0
?,38.5,16.375,43.125,56.0,15.0,63.625,22.5,?,0
48.25,37.75,?,43.375,56.125,14.875,?,22.375,51.125,0
47.828,37.5,?,42.625,55.5,14.75,64.375,22.25,51.25,0
47.578,?,16.0,42.0,55.375,14.75,63.375,22.25,?,0
48.828,37.375,16.125,42.5,55.875,15.0,64.5,22.5,?,0
48.0,37.25,15.75,42.0,57.125,15.0,65.125,22.125,?,0
48.578,37.25,15.5,42.0,57.0,15.625,65.375,22.25,51.0,0
48.578,37.75,?,42.5,56.5,16.25,65.375,22.25,50.25,0
48.25,38.125,15.375,43.375,?,16.75,?,22.25,?,0
?,?,15.625,43.5,?,17.0,64.875,22.5,?,0
48.328,37.25,?,42.75,56.375,?,65.0,?,?,0
48.75,37.375,?,43.25,?,16.625,?,23.375,48.875,0
48.828,37.5,15.125,43.375,?,16.375,65.5,23.625,?,0
?,37.375,15.125,?,56.875,16.75,?,24.0,48.125,0
47.672,37.375,15.125,42.75,56.5,16.75,65.375,24.125,47.625,0
47.422,37.375,14.875,42.25,?,16.5,65.125,24.0,48.0,0
47.0,37.25,14.0,?,55.125,16.875,?,24.0,46.875,0
46.672,36.5,?,40.75,?,16.125,?,24.0,46.75,0
46.578,36.75,?,40.5,50.0,15.625,?,23.75,46.5,0
46.578,36.625,?,40.75,?,16.0,64.0,24.0,46.75,0
46.672,36.25,?,?,51.125,?,?,24.25,47.125,0
45.828,?,13.625,40.625,47.625,15.25,?,24.0,46.75,0
46.5,?,13.875,40.25,?,15.375,62.5,24.625,?,0
48.172,?,?,40.875,47.0,15.5,?,?,47.0,0
48.672,34.75,13.875,41.25,48.875,15.625,62.25,25.0,?,0
49.0,34.5,13.75,41.0,47.625,16.25,63.125,?,48.625,0
49.328,34.5,?,42.5,?,16.75,64.125,24.875,49.0,0
48.922,34.25,?,42.625,48.125,17.125,64.125,25.0,48.625,0
49.172,34.0,?,43.625,47.875,17.25,?,25.125,?,0
49.172,33.375,13.75,43.75,47.625,17.5,64.0,24.875,49.25,0
50.25,?,13.75,43.125,?,17.375,64.0,24.625,?,0
52.0,33.5,13.875,44.75,48.875,17.75,64.625,25.0,50.875,0
52.0,?,14.0,44.625,?,17.5,64.75,25.375,51.0,0
51.328,34.125,14.125,?,46.0,17.375,64.25,25.25,50.0,0
51.0,?,14.25,43.875,?,17.5,?,?,?,0
51.422,?,?,?,45.125,17.375,64.75,?,?,0
51.922,34.625,14.75,?,45.375,?,64.75,25.875,49.75,0
52.75,?,?,43.375,45.75,18.0,64.625,25.75,50.0,0
53.078,34.375,14.75,43.125,46.0,?,64.125,?,49.625,0
54.078,?,?,43.0,?,17.75,63.875,26.375,49.875,0
55.078,34.375,?,42.0,?,?,62.875,26.5,49.75,0
54.5,?,15.375,43.0,?,17.5,?,?,?,0
54.578,35.0,15.625,42.5,45.75,18.125,63.5,?,50.0,0
54.672,?,?,42.625,45.625,?,63.75,27.5,?,0
55.078,?,15.5,42.625,45.375,17.875,63.0,?,?,0
56.5,?,?,42.875,45.75,17.75,62.25,27.375,50.0,0
57.578,35.375,15.75,43.125,46.125,17.75,?,27.375,50.0,0
56.828,35.75,?,43.0,45.875,17.75,62.25,?,49.875,0
56.672,35.625,16.125,43.125,?,18.0,63.125,27.625,49.875,0
55.922,35.875,16.125,43.0,45.75,17.875,63.375,27.625,49.875,0
55.0,36.0,?,42.625,?,17.625,64.5,?,49.625,0
58.5,35.875,15.875,?,?,17.875,64.25,?,50.0,0
58.875,?,16.125,44.5,44.125,18.125,64.375,?,50.75,0
59.75,?,?,43.75,?,18.375,?,27.875,50.375,0
60.125,35.5,16.0,45.0,?,19.375,?,?,?,0
60.125,?,16.125,?,?,18.875,65.0,?,?,0
59.0,35.125,?,?,?,18.875,64.75,27.375,49.75,0
58.625,?,15.75,45.375,38.625,19.625,65.0,?,?,0
58.125,?,?,45.625,?,19.75,64.75,?,?,0
59.0,?,16.375,43.875,?,19.75,64.5,?,49.25,0
57.375,?,?,?,34.5,18.875,62.5,26.875,?,0
57.25,?,16.375,41.5,?,18.0,61.875,?,47.625,0
57.625,?,?,?,34.875,18.25,62.125,?,?,0
58.75,32.75,16.375,42.75,35.25,18.5,62.125,27.125,47.375,0
59.0,32.125,?,?,?,18.875,?,27.5,47.0,0
58.5,?,?,42.875,36.5,18.5,62.375,27.375,46.5,0
59.125,?,18.0,?,38.125,18.25,61.875,27.625,45.625,0
59.75,?,?,41.625,?,18.5,61.625,27.625,45.125,0
59.25,?,?,40.625,?,17.75,61.125,27.25,44.75,0
60.5,?,16.25,?,?,17.875,?,27.625,?,0
60.375,?,16.5,40.25,?,17.875,?,27.625,?,0
60.0,?,?,39.875,?,17.875,?,27.25,47.125,0
61.5,31.875,?,40.5,43.5,18.125,60.875,?,47.625,0
61.125,?,16.375,40.75,43.625,18.125,?,27.5,?,0
61.125,31.625,16.0,41.625,?,18.0,63.625,28.125,?,0
61.125,?,?,41.625,?,?,64.0,28.125,?,0
60.25,31.625,?,41.625,41.25,18.0,?,?,?,0
59.5,31.5,15.25,?,?,18.625,?,?,45.625,0
59.0,?,?,41.125,42.5,18.0,?,28.375,?,0
58.0,31.75,14.75,40.875,42.25,17.875,63.5,28.0,?,0
55.875,30.5,?,39.875,?,17.0,?,27.5,42.875,0
56.875,?,14.25,39.75,?,17.0,61.0,?,44.25,0
58.25,30.0,14.75,39.875,42.25,16.375,59.875,26.5,42.75,0
59.125,29.5,?,?,42.625,15.5,58.5,26.25,?,0
59.25,?,?,38.25,42.75,?,?,26.375,42.75,0
58.625,26.75,16.0,38.5,?,14.125,?,?,43.625,0
57.75,26.75,?,38.125,43.375,14.375,?,26.625,43.75,0
55.75,?,?,38.0,43.0,14.25,?,26.625,42.75,0
53.5,?,16.25,38.625,44.0,14.625,?,?,41.875,0
54.0,29.0,?,38.25,?,15.125,?,?,42.0,0
?,?,15.5,38.125,?,15.375,?,?,?,0
52.0,?,?,37.0,42.375,15.375,?,25.5,40.5,0
53.0,?,?,36.875,43.0,15.25,?,26.0,40.25,0
54.5,?,?,37.125,?,15.0,?,26.125,40.125,0
53.25,27.5,14.625,37.125,?,14.75,?,25.875,39.75,0
52.625,?,?,36.5,43.75,14.75,62.0,26.0,40.25,0
52.0,26.875,15.75,35.75,?,15.0,?,26.5,40.375,0
52.375,?,?,36.0,43.5,15.0,?,25.875,41.75,0
50.625,?,?,35.75,?,14.875,60.375,23.875,39.75,0
48.5,26.125,15.375,35.125,?,15.125,60.0,22.875,39.5,0
48.5,?,?,35.875,44.875,15.75,61.375,22.375,39.5,0
46.125,27.25,?,35.5,44.375,16.0,?,21.0,38.0,0
45.0,27.5,15.625,35.375,?,16.5,?,21.625,37.625,0
?,?,15.25,34.625,41.25,16.375,62.375,21.5,?,1
45.875,?,?,34.375,41.0,16.5,?,21.375,37.0,0
48.375,?,15.125,34.75,41.0,16.25,62.125,?,38.0,0
47.875,26.375,?,34.5,40.75,16.125,?,23.0,38.5,0
48.75,26.25,15.0,34.625,?,17.0,61.75,23.5,39.0,0
48.25,25.25,14.5,34.5,?,?,?,23.375,38.25,0
48.25,24.875,14.5,34.375,42.625,16.75,60.625,23.875,39.0,0
48.625,?,?,34.75,?,17.0,61.75,24.5,38.625,0
48.75,25.5,15.25,35.25,?,17.125,62.625,23.875,38.625,0
47.25,?,?,35.125,45.5,16.5,63.125,24.0,38.5,0
47.0,?,?,36.125,47.625,16.75,?,24.625,39.0,0
47.375,25.25,?,36.375,48.75,16.75,63.5,24.875,39.25,0
47.625,?,?,36.625,?,17.25,63.625,25.25,39.5,0
47.625,?,15.5,37.125,50.875,17.25,64.0,25.5,39.5,0
46.875,25.375,15.875,37.625,53.75,17.25,?,25.375,39.0,0
46.125,?,16.0,37.75,?,16.75,64.5,?,39.0,0
45.625,25.125,16.5,37.75,50.0,16.5,?,25.25,39.0,1
45.25,25.0,16.5,37.375,?,16.375,64.0,?,39.0,1
?,25.25,?,38.0,?,16.5,?,25.5,39.0,0
43.875,?,15.5,38.5,47.5,16.125,?,25.0,38.25,1
43.25,?,?,38.75,46.375,16.125,?,?,38.0,1
40.375,25.875,15.75,38.5,?,15.875,63.25,?,37.125,1
40.75,24.25,15.75,38.375,?,15.875,64.625,24.375,37.625,1
40.875,24.125,15.375,38.0,46.625,15.75,66.5,24.5,37.375,1
39.625,?,15.0,37.625,45.875,?,66.625,?,37.0,1
?,23.625,?,37.375,46.5,15.5,67.75,?,36.875,1
44.25,23.0,?,38.375,47.25,16.375,65.875,25.0,38.25,1
43.25,?,15.0,37.75,?,16.625,?,25.0,37.75,1
?,?,15.125,37.25,47.625,16.5,67.25,25.25,37.375,1
?,?,?,38.25,47.5,16.875,66.875,25.375,37.375,1
?,?,15.125,38.125,48.625,?,?,25.375,38.25,1
43.875,25.0,15.375,39.375,50.375,16.875,66.5,25.625,38.375,1
44.375,?,?,39.25,51.0,16.375,?,?,36.75,1
43.875,?,14.75,40.25,50.875,16.0,?,?,35.875,1
?,?,?,39.5,49.5,15.875,?,?,34.875,1
44.5,22.875,14.625,39.25,48.875,15.875,64.75,23.625,36.0,1
46.0,?,?,39.0,49.625,15.375,?,23.5,35.25,1
45.375,21.0,14.25,38.125,?,15.0,64.375,?,33.25,1
46.0,?,14.125,38.125,48.875,15.125,?,22.375,31.5,1
?,?,?,38.5,?,15.75,65.625,22.75,32.25,0
48.5,20.75,?,39.25,?,16.25,67.375,?,31.875,0
48.5,20.625,15.0,39.875,?,16.125,?,25.375,32.25,0
47.375,?,15.0,?,?,15.875,66.25,25.0,32.375,0
47.125,20.0,15.25,38.625,?,15.625,66.375,?,34.25,0
47.875,22.125,?,?,51.625,15.5,66.75,24.75,33.5,0
46.125,?,15.125,38.875,50.625,15.375,66.0,24.5,33.375,1
46.125,?,15.25,38.0,?,15.125,?,24.25,33.125,1
44.5,?,15.5,38.25,49.375,15.125,?,24.625,32.75,1
44.75,?,?,37.75,48.75,14.875,?,?,32.625,1
44.25,23.375,17.0,38.25,47.25,15.125,?,25.375,32.75,1
46.0,?,?,38.125,48.625,15.0,68.75,25.25,33.375,1
46.125,?,?,38.125,49.625,14.625,69.75,24.5,33.0,1
45.375,23.125,?,38.625,?,14.75,?,25.125,31.75,1
44.5,23.625,17.0,39.25,?,14.875,?,24.375,32.875,1
?,?,16.75,39.875,?,14.875,?,?,32.25,1
44.875,23.875,16.75,40.75,?,15.125,69.0,25.5,33.875,1
45.75,?,?,40.5,50.75,?,?,25.125,35.375,1
46.375,?,?,40.5,?,15.625,69.375,24.875,35.0,1
?,?,17.0,40.875,51.375,16.125,?,24.875,34.875,1
46.5,?,17.0,41.875,50.875,?,70.5,24.875,34.875,1
?,?,17.25,41.0,51.75,?,70.125,?,35.125,1
47.25,?,17.875,?,?,16.625,69.5,?,35.375,1
42.625,?,17.625,41.875,49.875,16.5,67.0,?,35.0,1
44.25,23.125,17.375,42.0,?,16.75,?,?,34.625,1
44.625,23.0,17.375,42.5,49.375,17.125,67.75,?,34.375,1
43.625,23.125,17.625,42.0,48.875,?,?,?,34.5,1
43.875,?,17.875,42.125,48.125,16.75,?,26.5,34.25,1
42.875,?,18.0,41.75,?,16.75,68.625,?,34.375,1
43.0,?,17.875,42.0,?,17.125,?,26.25,34.25,1
44.25,?,?,42.875,43.375,17.0,69.5,26.875,34.125,1
45.0,?,17.75,42.25,42.25,17.25,68.375,26.875,33.125,1
45.5,23.125,?,?,42.5,18.0,67.875,?,33.875,0
?,23.625,?,43.375,?,18.5,?,27.125,33.5,0
46.125,23.75,19.125,43.75,?,17.75,?,?,34.0,0
?,24.625,19.875,45.125,?,18.0,66.5,?,34.125,0
44.875,?,20.375,44.625,43.625,18.75,67.0,27.0,34.0,0
45.125,?,20.5,44.75,43.75,18.5,66.75,26.25,35.0,1
45.75,24.375,19.875,45.875,?,18.875,67.25,?,35.125,0
45.125,?,19.75,46.25,43.625,18.625,67.5,?,36.125,0
44.875,?,19.25,46.0,43.75,18.875,68.0,26.625,36.5,0
44.5,25.75,19.375,46.5,?,19.0,68.0,?,35.5,0
44.875,26.125,19.625,?,?,?,68.0,?,35.0,0
45.25,25.75,19.625,47.0,42.5,18.5,68.0,?,35.75,0
45.875,?,19.125,46.125,?,18.75,?,?,36.625,0
?,?,19.875,45.625,42.5,18.875,68.875,?,37.75,0
46.125,?,19.5,?,42.25,19.25,?,27.625,37.5,0
46.25,25.125,20.25,?,40.875,19.25,69.75,27.625,38.5,1
45.875,25.0,?,43.75,40.25,?,70.0,27.75,37.25,0
45.875,?,19.625,44.0,40.0,19.25,?,?,37.5,0
45.375,?,19.625,44.0,38.875,17.375,70.125,?,37.875,0
44.875,25.375,18.625,43.875,37.625,18.0,69.0,?,36.25,0
44.75,25.0,18.375,?,?,17.375,?,26.625,35.5,0
46.375,25.375,?,43.75,39.75,17.5,66.5,26.625,35.5,0
44.625,?,18.375,43.25,38.75,?,?,25.5,35.5,1
44.0,?,19.375,43.25,?,17.75,67.375,?,36.125,1
43.75,?,19.375,42.75,?,17.125,67.0,23.25,35.875,1
45.0,21.25,19.5,42.75,?,16.625,67.25,23.375,35.0,1
45.125,20.875,20.25,44.125,29.0,17.0,?,24.125,?,1
44.375,20.625,20.25,44.75,29.375,17.375,?,23.75,35.5,1
44.25,?,19.875,45.375,?,18.125,69.75,?,36.0,1
45.375,?,19.875,45.5,29.125,18.375,69.75,?,35.875,1
48.25,?,20.0,45.625,?,19.0,?,26.375,37.0,0
?,?,19.75,46.375,31.875,19.375,70.125,?,40.0,0
48.5,29.25,20.5,50.0,?,20.625,74.625,27.0,38.625,1
47.125,30.625,20.75,?,?,19.875,76.375,?,38.375,1
47.125,?,?,49.5,36.5,20.375,75.875,?,38.125,1
48.75,29.0,20.125,?,35.125,20.125,76.375,28.0,38.5,1
49.125,?,?,51.875,36.0,20.125,76.25,27.875,38.625,1
46.875,?,19.375,52.75,37.25,?,74.5,?,39.25,1
47.25,28.875,19.5,52.75,?,21.0,75.0,?,38.75,1
47.875,29.875,19.75,51.75,?,21.0,75.25,28.125,38.875,0
49.375,?,19.375,?,?,21.375,75.0,?,39.75,0
49.75,?,18.375,50.625,?,?,73.875,?,39.25,0
51.625,?,16.875,51.375,?,24.125,75.0,?,38.75,0
51.125,?,?,50.375,40.125,25.125,76.0,29.25,38.375,0
52.0,28.0,17.25,52.625,45.5,?,77.75,?,40.875,0
51.0,27.0,?,52.0,43.875,23.125,76.0,27.5,41.5,0
52.25,?,17.375,?,43.375,22.875,75.0,?,40.625,0
51.375,26.5,?,?,47.0,24.5,76.875,?,41.875,0
48.25,?,18.125,52.375,?,?,75.875,?,?,0
?,27.0,?,51.5,?,25.25,76.5,?,41.75,0
48.0,?,18.875,?,?,?,77.0,27.625,41.25,1
49.0,?,18.0,51.0,?,?,77.25,?,?,0
49.375,25.375,17.75,50.0,45.125,25.0,76.625,27.625,42.5,0
48.0,?,17.75,49.625,?,25.0,75.125,27.375,42.375,0
47.5,25.5,?,49.75,43.5,?,75.75,?,42.375,0
?,?,16.0,?,41.5,25.0,75.0,26.25,40.375,0
46.875,26.25,16.125,49.125,42.75,25.0,74.25,?,40.375,0
46.125,?,?,?,?,?,74.125,?,40.375,0
47.25,?,14.875,?,40.625,25.0,75.0,27.375,40.25,0
48.25,25.0,14.5,46.375,?,?,75.5,?,40.5,0
49.25,24.5,14.5,?,41.0,25.75,75.25,27.5,40.75,0
49.5,24.375,?,46.875,?,?,?,?,41.125,0
50.25,?,?,49.375,40.75,26.75,76.375,27.875,?,0
50.25,24.5,?,48.875,?,27.25,77.0,28.25,42.0,0
50.25,?,?,?,?,26.75,76.5,28.25,?,0
49.5,?,15.375,49.125,?,?,77.75,?,41.25,0
48.375,?,?,49.375,40.5,26.125,77.875,28.875,40.875,0
47.75,23.75,?,49.375,?,?,79.375,?,?,0
48.375,?,15.625,50.25,39.75,26.125,79.25,27.875,39.75,0
48.375,?,15.5,50.125,?,26.375,78.75,?,?,0
48.0,28.875,15.75,51.0,?,26.25,79.5,27.875,39.75,0
48.0,?,15.875,52.25,39.0,26.5,79.75,27.875,40.25,0
47.125,?,?,52.125,38.375,26.25,79.25,?,39.625,0
47.25,?,15.375,52.875,?,?,79.75,?,39.25,0
47.125,?,?,?,36.25,?,80.625,?,38.625,0
47.75,?,?,54.25,?,?,81.0,27.0,39.125,0
47.625,31.5,?,?,?,28.375,82.75,?,39.625,0
48.125,?,15.875,?,?,?,83.375,?,40.375,0
47.625,?,16.0,57.875,?,29.25,83.375,?,40.875,0
47.0,?,16.0,?,?,28.875,81.875,27.75,?,0
46.875,?,16.25,?,37.75,28.125,80.5,?,39.5,0
47.25,34.375,16.25,?,40.5,?,81.75,?,39.25,0
47.625,?,?,?,41.0,?,82.5,?,37.75,0
49.125,33.375,16.25,56.75,?,?,82.25,27.875,38.0,0
48.875,32.0,15.75,?,41.125,?,80.75,?,?,0
48.875,32.5,15.5,?,40.625,28.5,80.75,?,38.875,0
47.75,?,?,54.125,40.75,28.0,81.0,26.25,39.625,0
47.375,32.625,15.25,?,41.5,27.875,81.125,26.875,39.5,0
47.0,?,?,?,42.75,27.75,80.5,27.5,39.75,0
46.875,?,?,?,43.125,28.25,80.875,?,39.875,0
46.625,?,?,55.125,?,27.625,82.0,?,40.75,0
46.5,33.375,15.875,?,43.375,28.0,82.0,?,40.5,1
47.0,?,16.25,?,44.125,28.875,81.25,?,39.625,1
47.25,?,16.125,?,47.25,28.25,80.75,?,39.375,1
46.75,35.25,15.75,57.5,49.0,27.375,80.125,?,39.75,1
?,35.0,16.0,55.0,50.125,?,?,27.625,39.5,1
47.5,?,?,?,50.375,27.0,79.125,27.875,39.625,1
47.75,37.5,?,56.875,46.75,23.75,80.25,27.875,39.625,1
47.625,37.0,?,55.0,47.25,23.0,79.0,27.375,39.125,1
46.125,36.5,15.625,55.125,48.75,23.625,79.25,?,39.125,1
45.875,37.25,15.875,54.5,47.75,24.0,?,?,39.25,1
45.75,37.625,16.125,?,48.75,24.5,79.25,?,39.625,1
45.5,39.0,17.5,?,48.25,24.375,80.75,?,?,1
45.875,38.375,17.5,54.875,47.25,24.0,81.25,27.125,40.75,1
46.625,?,?,?,?,?,81.375,?,40.625,1
47.0,?,?,?,48.75,23.5,81.25,26.625,40.0,1
?,?,16.5,56.375,48.75,22.75,80.875,26.375,40.0,1
47.125,40.0,?,?,49.125,22.875,?,25.875,39.875,1
48.125,39.625,?,?,?,22.5,82.125,?,40.0,1
47.0,38.5,?,?,?,22.5,80.25,?,39.75,1
47.0,39.0,?,56.0,50.125,22.75,81.625,?,39.625,1
46.75,39.125,?,56.0,49.375,22.125,81.625,?,40.0,1
?,38.875,15.75,?,49.25,22.25,80.875,?,39.5,1
?,38.875,15.75,57.5,?,22.75,81.0,?,39.375,1
46.0,?,?,?,50.75,22.75,81.875,?,?,1
46.0,39.25,16.125,59.25,51.0,?,81.5,27.375,39.75,1
46.25,39.625,?,?,?,?,82.0,?,40.125,1
?,39.625,?,56.875,?,22.75,82.375,?,40.0,1
46.0,38.875,?,?,50.0,22.5,81.625,26.125,39.875,1
46.375,39.0,16.5,?,?,?,81.625,26.875,40.125,1
46.75,39.25,?,?,51.375,22.75,82.125,?,39.875,1
46.875,38.75,16.75,?,51.25,23.0,82.375,?,40.0,1
48.375,38.125,17.375,?,51.375,?,83.25,27.75,41.125,1
48.875,38.375,17.75,?,52.875,24.625,84.75,28.0,42.0,1
48.375,39.75,?,?,54.375,25.125,85.125,27.75,43.25,1
48.25,39.875,17.625,?,56.375,25.25,85.0,?,43.25,0
48.125,39.875,17.125,?,?,?,85.25,?,42.5,0
47.75,?,17.5,?,53.5,25.875,84.0,27.5,?,1
48.0,39.25,?,56.375,52.5,26.5,81.75,26.75,41.5,1
47.75,?,17.75,?,?,26.25,81.125,26.375,41.625,1
48.125,38.875,17.875,?,?,27.0,80.875,?,41.75,1
47.875,38.5,?,56.5,53.75,27.0,80.875,?,41.375,1
48.375,38.25,17.625,?,?,26.375,82.0,26.5,41.375,1
49.375,38.75,17.75,?,54.25,26.25,82.625,?,41.25,1
49.0,?,17.75,57.0,54.625,?,83.0,26.375,41.875,1
49.5,40.0,17.75,56.5,53.75,25.75,82.125,?,41.0,1
48.5,40.0,?,56.5,?,25.5,81.0,27.125,41.0,1
48.75,41.25,?,56.5,?,25.25,80.25,?,41.5,1
46.875,41.625,17.5,?,51.0,?,80.5,?,42.5,1
?,41.625,17.5,55.625,50.0,25.0,79.625,26.875,41.375,1
45.75,40.25,?,55.25,?,25.25,80.0,27.125,42.25,1
45.375,40.875,18.125,55.625,?,25.875,80.25,?,41.5,1
45.5,?,17.75,?,52.0,25.5,80.0,?,42.375,1
?,41.875,17.875,55.875,50.375,25.375,?,27.875,42.125,1
46.0,42.75,18.0,56.375,52.625,25.5,79.75,27.625,42.375,1
?,42.5,17.875,?,53.375,25.375,?,?,42.0,1
45.0,42.125,?,?,53.75,?,79.375,27.5,41.75,1
44.625,42.25,17.625,?,54.0,?,80.125,27.75,42.25,1
?,42.875,18.375,56.5,?,?,79.5,?,42.125,1
44.375,41.75,18.25,56.125,?,?,79.75,?,42.5,1
45.125,42.0,17.75,56.375,?,26.125,?,26.875,42.125,1
45.5,42.25,17.875,?,?,?,81.75,?,?,1
?,43.75,18.0,57.0,58.5,?,84.0,?,44.0,1
45.625,44.125,?,?,59.5,27.25,82.875,?,?,1
45.625,?,18.0,?,?,27.625,84.25,?,?,1
45.25,44.0,?,?,?,?,83.5,?,44.25,1
44.875,?,18.5,?,59.0,?,84.0,27.25,?,0
43.75,44.375,18.75,?,57.25,29.75,84.25,27.375,?,0
43.25,44.5,19.25,?,?,?,84.375,27.0,44.0,0
43.75,44.125,19.0,?,53.0,?,84.25,26.875,44.5,0
43.875,44.5,19.125,?,50.875,29.375,83.5,26.625,44.5,0
44.0,44.5,19.125,?,?,?,84.25,26.75,45.125,0
43.625,?,19.125,?,?,?,83.5,26.125,45.125,0
44.375,43.0,?,?,55.0,29.875,82.875,?,?,0
46.5,44.625,19.75,?,57.0,30.0,85.0,26.625,?,0
46.375,45.0,19.75,?,57.125,?,84.75,27.125,45.625,1
45.25,44.0,19.5,?,56.375,29.0,84.75,?,44.75,0
45.5,44.0,19.5,56.75,54.25,?,84.875,27.125,44.875,1
45.5,43.625,?,55.625,54.0,?,84.375,27.5,44.375,1
46.25,43.5,?,?,53.625,29.5,84.125,27.5,44.25,1
46.5,43.75,19.5,?,53.75,29.375,83.0,27.0,?,1
46.75,44.0,19.625,?,?,29.25,?,26.25,44.875,1
46.375,44.125,19.75,?,52.75,29.25,84.0,26.25,?,1
?,?,?,57.0,53.375,29.0,84.625,?,45.0,1
46.25,?,20.0,?,?,29.0,84.375,26.875,44.125,1
46.75,44.25,?,57.375,?,?,?,26.375,?,1
47.5,?,19.625,?,?,?,85.75,26.25,43.25,1
46.25,44.25,19.0,?,48.75,?,86.5,?,43.25,1
45.375,44.25,18.125,?,51.25,?,87.0,?,42.5,1
45.875,46.75,19.0,58.625,?,?,87.25,25.5,42.75,1
48.25,44.125,?,57.5,54.0,?,85.875,26.0,42.75,0
48.625,42.375,19.125,?,?,?,85.375,26.625,?,0
48.625,42.375,19.0,?,?,?,84.625,26.75,44.125,0
48.75,41.75,?,?,51.125,?,83.5,26.5,43.625,0
49.0,?,18.875,?,51.0,28.0,83.375,?,42.875,0
50.125,?,18.875,?,?,27.75,83.625,26.25,?,0
50.0,41.0,18.375,53.25,55.25,?,?,26.5,43.5,0
49.75,42.5,18.375,?,55.625,28.0,82.0,?,43.375,0
49.625,42.5,18.5,?,?,27.5,80.25,?,43.0,0
50.5,?,18.625,?,56.125,27.625,80.125,26.375,43.5,0
52.125,42.125,19.125,?,57.75,27.375,?,26.375,43.25,0
52.375,42.25,?,54.0,59.75,27.0,81.25,?,43.625,1
51.75,?,19.125,?,57.875,?,81.375,?,43.25,1
51.125,41.875,?,52.625,56.125,?,80.875,26.375,?,1
?,41.125,19.125,51.75,54.125,26.875,81.0,?,42.125,1
49.875,41.125,?,52.0,54.75,?,80.375,27.125,42.375,1
48.625,40.75,19.0,?,?,22.875,80.75,?,42.375,1
?,?,19.375,?,55.125,22.0,?,26.875,42.875,1
49.375,?,19.5,51.875,55.875,21.75,81.5,?,?,0
49.0,41.125,19.75,53.0,57.625,?,81.875,?,42.375,0
50.0,40.75,19.75,?,58.625,22.5,80.0,26.0,42.25,1
?,40.875,?,52.75,57.625,?,?,?,42.375,1
49.75,41.75,20.125,52.75,57.125,23.125,78.375,26.5,41.75,1
50.25,?,19.75,52.5,59.125,24.0,79.0,26.75,42.25,1
50.875,49.5,19.75,?,59.5,24.75,80.0,26.625,42.0,1
50.625,48.75,20.0,?,62.0,24.5,79.5,26.5,42.375,1
50.375,46.25,19.375,52.25,61.875,23.5,78.625,26.625,41.875,1
50.75,46.375,19.625,50.875,64.625,23.25,?,?,40.75,1
50.625,46.625,19.625,?,64.625,?,75.0,26.25,41.25,1
50.125,47.0,?,?,62.75,22.875,74.5,?,40.625,1
?,47.0,19.5,49.5,60.875,?,75.625,25.5,40.5,1
