Team;League;Year;outcome;RA;W;OBP;SLG;BA;Playoffs;RankSeason;RankPlayoffs;G;OOBP;OSLG
1.0;1.0;2012;734;688;81;0.32799999999999996;0.418;0.259;0;?;?;162;0.317;0.415
2.0;1.0;2012;700;600;94;0.32;0.389;0.247;1;4.0;5.0;162;0.306;0.37799999999999995
3.0;0.0;2012;712;705;93;0.311;0.41700000000000004;0.247;1;5.0;4.0;162;0.315;0.40299999999999997
4.0;0.0;2012;734;806;69;0.315;0.415;0.26;0;?;?;162;0.331;0.428
6.0;1.0;2012;613;759;61;0.302;0.37799999999999995;0.24;0;?;?;162;0.335;0.424
7.0;0.0;2012;748;676;85;0.318;0.42200000000000004;0.255;0;?;?;162;0.319;0.405
8.0;1.0;2012;669;588;97;0.315;0.41100000000000003;0.251;1;2.0;4.0;162;0.305;0.39
9.0;0.0;2012;667;845;68;0.324;0.381;0.251;0;?;?;162;0.336;0.43
10.0;1.0;2012;758;890;64;0.33;0.436;0.27399999999999997;0;?;?;162;0.35700000000000004;0.47
11.0;0.0;2012;726;670;88;0.335;0.42200000000000004;0.268;1;6.0;2.0;162;0.314;0.402
13.0;1.0;2012;583;794;55;0.302;0.371;0.23600000000000002;0;?;?;162;0.337;0.42700000000000005
15.0;0.0;2012;676;746;72;0.317;0.4;0.265;0;?;?;162;0.33899999999999997;0.423
16.0;0.0;2012;767;699;89;0.332;0.433;0.27399999999999997;0;?;?;162;0.31;0.40299999999999997
17.0;1.0;2012;637;597;86;0.317;0.374;0.252;0;?;?;162;0.31;0.364
18.0;1.0;2012;609;724;69;0.308;0.382;0.244;0;?;?;162;0.327;0.39899999999999997
19.0;1.0;2012;776;733;83;0.325;0.43700000000000006;0.259;0;?;?;162;0.326;0.414
20.0;0.0;2012;701;832;66;0.325;0.39;0.26;0;?;?;162;0.33299999999999996;0.442
23.0;1.0;2012;650;709;74;0.316;0.386;0.249;0;?;?;162;0.315;0.401
24.0;0.0;2012;804;668;95;0.337;0.45299999999999996;0.265;1;3.0;3.0;162;0.311;0.419
25.0;0.0;2012;713;614;94;0.31;0.40399999999999997;0.23800000000000002;1;4.0;4.0;162;0.306;0.37799999999999995
26.0;1.0;2012;684;680;81;0.317;0.4;0.255;0;?;?;162;0.306;0.40700000000000003
27.0;1.0;2012;651;674;79;0.304;0.395;0.243;0;?;?;162;0.314;0.39
28.0;1.0;2012;651;710;76;0.319;0.38;0.247;0;?;?;162;0.319;0.39799999999999996
29.0;0.0;2012;619;651;75;0.29600000000000004;0.369;0.23399999999999999;0;?;?;162;0.308;0.39399999999999996
31.0;1.0;2012;718;649;94;0.327;0.397;0.26899999999999996;1;4.0;1.0;162;0.313;0.39299999999999996
32.0;1.0;2012;765;648;88;0.33799999999999997;0.42100000000000004;0.271;1;6.0;3.0;162;0.313;0.387
34.0;0.0;2012;697;577;90;0.317;0.39399999999999996;0.24;0;?;?;162;0.294;0.35200000000000004
35.0;0.0;2012;808;707;93;0.33399999999999996;0.446;0.273;1;5.0;5.0;162;0.309;0.408
36.0;0.0;2012;716;784;73;0.309;0.40700000000000003;0.245;0;?;?;162;0.335;0.43799999999999994
38.0;1.0;2012;731;594;98;0.322;0.428;0.261;1;1.0;4.0;162;0.303;0.373
1.0;1.0;2011;731;662;94;0.322;0.413;0.25;1;5.0;4.0;162;0.316;0.409
2.0;1.0;2011;641;605;89;0.308;0.387;0.243;0;?;?;162;0.31;0.361
3.0;0.0;2011;708;860;69;0.316;0.413;0.257;0;?;?;162;0.341;0.46
4.0;0.0;2011;875;737;90;0.349;0.461;0.28;0;?;?;162;0.322;0.392
6.0;1.0;2011;654;756;71;0.314;0.401;0.256;0;?;?;162;0.335;0.413
7.0;0.0;2011;654;706;79;0.319;0.38799999999999996;0.252;0;?;?;162;0.317;0.397
8.0;1.0;2011;735;720;79;0.326;0.408;0.256;0;?;?;162;0.325;0.415
9.0;0.0;2011;704;760;80;0.317;0.396;0.25;0;?;?;162;0.32299999999999995;0.413
10.0;1.0;2011;735;774;73;0.32899999999999996;0.41;0.258;0;?;?;162;0.331;0.431
11.0;0.0;2011;787;711;95;0.34;0.434;0.27699999999999997;1;4.0;3.0;162;0.321;0.396
12.0;1.0;2011;625;702;72;0.318;0.38799999999999996;0.247;0;?;?;162;0.316;0.401
13.0;1.0;2011;615;796;56;0.311;0.374;0.258;0;?;?;162;0.337;0.43200000000000005
15.0;0.0;2011;730;762;71;0.32899999999999996;0.415;0.275;0;?;?;162;0.337;0.425
16.0;0.0;2011;667;633;86;0.313;0.402;0.253;0;?;?;162;0.313;0.38799999999999996
17.0;1.0;2011;644;612;82;0.322;0.375;0.257;0;?;?;161;0.31;0.371
19.0;1.0;2011;721;638;96;0.325;0.425;0.261;1;3.0;3.0;162;0.304;0.385
20.0;0.0;2011;619;804;63;0.306;0.36;0.247;0;?;?;162;0.34;0.435
23.0;1.0;2011;718;742;77;0.335;0.391;0.264;0;?;?;162;0.332;0.41100000000000003
24.0;0.0;2011;867;657;97;0.34299999999999997;0.444;0.263;1;2.0;4.0;162;0.322;0.39899999999999997
25.0;0.0;2011;645;679;74;0.311;0.369;0.244;0;?;?;162;0.317;0.37799999999999995
26.0;1.0;2011;713;529;102;0.32299999999999995;0.395;0.253;1;1.0;4.0;162;0.29600000000000004;0.361
27.0;1.0;2011;610;712;72;0.309;0.368;0.244;0;?;?;162;0.33799999999999997;0.409
28.0;1.0;2011;593;611;71;0.305;0.349;0.237;0;?;?;162;0.314;0.375
29.0;0.0;2011;556;675;67;0.292;0.348;0.233;0;?;?;162;0.31;0.386
31.0;1.0;2011;570;578;86;0.303;0.368;0.242;0;?;?;162;0.309;0.34600000000000003
32.0;1.0;2011;762;692;90;0.341;0.425;0.273;1;7.0;1.0;162;0.319;0.39799999999999996
34.0;0.0;2011;707;614;91;0.322;0.402;0.244;1;6.0;4.0;162;0.303;0.38299999999999995
35.0;0.0;2011;855;677;96;0.34;0.46;0.28300000000000003;1;3.0;2.0;162;0.307;0.392
36.0;0.0;2011;743;761;81;0.317;0.413;0.249;0;?;?;162;0.32799999999999996;0.419
38.0;1.0;2011;624;643;80;0.309;0.38299999999999995;0.242;0;?;?;161;0.319;0.382
1.0;1.0;2010;713;836;65;0.325;0.41600000000000004;0.25;0;?;?;162;0.34;0.44799999999999995
2.0;1.0;2010;738;629;91;0.33899999999999997;0.401;0.258;1;6.0;4.0;162;0.314;0.376
3.0;0.0;2010;613;785;66;0.316;0.386;0.259;0;?;?;162;0.336;0.434
4.0;0.0;2010;818;744;89;0.33899999999999997;0.451;0.268;0;?;?;162;0.327;0.39899999999999997
6.0;1.0;2010;685;767;75;0.32;0.401;0.257;0;?;?;162;0.33399999999999996;0.39799999999999996
7.0;0.0;2010;752;704;88;0.332;0.42;0.268;0;?;?;162;0.325;0.395
8.0;1.0;2010;790;685;91;0.33799999999999997;0.436;0.272;1;6.0;4.0;162;0.32299999999999995;0.396
9.0;0.0;2010;646;752;69;0.322;0.37799999999999995;0.248;0;?;?;162;0.342;0.41600000000000004
10.0;1.0;2010;770;717;83;0.336;0.425;0.263;0;?;?;162;0.326;0.397
11.0;0.0;2010;751;743;81;0.335;0.415;0.268;0;?;?;162;0.332;0.4
12.0;1.0;2010;719;717;80;0.321;0.40299999999999997;0.254;0;?;?;162;0.331;0.39799999999999996
13.0;1.0;2010;611;729;76;0.303;0.36200000000000004;0.247;0;?;?;162;0.33;0.402
15.0;0.0;2010;676;845;67;0.331;0.39899999999999997;0.27399999999999997;0;?;?;162;0.342;0.435
16.0;0.0;2010;681;702;80;0.311;0.39;0.248;0;?;?;162;0.327;0.40299999999999997
17.0;1.0;2010;667;692;80;0.322;0.379;0.252;0;?;?;162;0.316;0.37799999999999995
19.0;1.0;2010;750;804;77;0.335;0.424;0.262;0;?;?;162;0.33799999999999997;0.42700000000000005
20.0;0.0;2010;781;671;94;0.341;0.42200000000000004;0.273;1;4.0;4.0;162;0.317;0.41700000000000004
23.0;1.0;2010;656;652;79;0.314;0.38299999999999995;0.249;0;?;?;162;0.33;0.39399999999999996
24.0;0.0;2010;859;693;95;0.35;0.436;0.267;1;3.0;3.0;162;0.322;0.39899999999999997
25.0;0.0;2010;663;626;81;0.324;0.37799999999999995;0.256;0;?;?;162;0.313;0.379
26.0;1.0;2010;772;640;97;0.332;0.413;0.26;1;1.0;3.0;162;0.311;0.405
27.0;1.0;2010;587;866;57;0.304;0.373;0.242;0;?;?;162;0.348;0.449
28.0;1.0;2010;665;581;90;0.317;0.371;0.24600000000000002;0;?;?;162;0.308;0.368
29.0;0.0;2010;513;698;61;0.298;0.33899999999999997;0.23600000000000002;0;?;?;162;0.313;0.401
31.0;1.0;2010;697;583;92;0.321;0.408;0.257;1;5.0;1.0;162;0.313;0.37
32.0;1.0;2010;736;641;86;0.332;0.402;0.263;0;?;?;162;0.319;0.387
34.0;0.0;2010;802;649;96;0.33299999999999996;0.40299999999999997;0.247;1;2.0;4.0;162;0.308;0.40399999999999997
35.0;0.0;2010;787;687;90;0.33799999999999997;0.419;0.276;1;7.0;2.0;162;0.319;0.39
36.0;0.0;2010;755;728;85;0.312;0.45399999999999996;0.248;0;?;?;162;0.326;0.405
38.0;1.0;2010;655;742;69;0.318;0.39;0.25;0;?;?;162;0.33;0.41
1.0;1.0;2009;720;782;70;0.324;0.418;0.253;0;?;?;162;0.33;0.419
2.0;1.0;2009;735;641;86;0.33899999999999997;0.405;0.263;0;?;?;162;0.32299999999999995;0.39
3.0;0.0;2009;741;876;64;0.332;0.415;0.268;0;?;?;162;0.353;0.47600000000000003
4.0;0.0;2009;872;736;95;0.35200000000000004;0.45399999999999996;0.27;1;3.0;4.0;162;0.335;0.42200000000000004
6.0;1.0;2009;707;672;83;0.332;0.40700000000000003;0.255;0;?;?;161;0.324;0.391
7.0;0.0;2009;724;732;79;0.32899999999999996;0.41100000000000003;0.258;0;?;?;162;0.325;0.414
8.0;1.0;2009;673;723;78;0.318;0.39399999999999996;0.247;0;?;?;162;0.33299999999999996;0.418
9.0;0.0;2009;773;865;65;0.33899999999999997;0.41700000000000004;0.264;0;?;?;162;0.35100000000000003;0.44299999999999995
10.0;1.0;2009;804;715;92;0.34299999999999997;0.441;0.261;1;5.0;4.0;162;0.32799999999999996;0.405
11.0;0.0;2009;743;745;86;0.331;0.41600000000000004;0.26;0;?;?;163;0.336;0.42200000000000004
12.0;1.0;2009;772;766;87;0.34;0.41600000000000004;0.268;0;?;?;162;0.33299999999999996;0.408
13.0;1.0;2009;643;770;74;0.319;0.4;0.26;0;?;?;162;0.344;0.44
15.0;0.0;2009;686;842;65;0.318;0.405;0.259;0;?;?;162;0.34299999999999997;0.42200000000000004
16.0;0.0;2009;883;761;97;0.35;0.441;0.285;1;2.0;3.0;162;0.33799999999999997;0.43200000000000005
17.0;1.0;2009;780;611;95;0.34600000000000003;0.41200000000000003;0.27;1;3.0;3.0;162;0.312;0.361
19.0;1.0;2009;785;818;80;0.341;0.426;0.263;0;?;?;162;0.345;0.45
20.0;0.0;2009;817;765;87;0.345;0.429;0.27399999999999997;1;7.0;4.0;163;0.331;0.431
23.0;1.0;2009;671;757;70;0.335;0.39399999999999996;0.27;0;?;?;162;0.342;0.418
24.0;0.0;2009;915;753;103;0.36200000000000004;0.478;0.28300000000000003;1;1.0;1.0;162;0.327;0.408
25.0;0.0;2009;759;761;75;0.32799999999999996;0.397;0.262;0;?;?;162;0.32899999999999996;0.413
26.0;1.0;2009;820;709;93;0.33399999999999996;0.447;0.258;1;4.0;2.0;162;0.32899999999999996;0.42700000000000005
27.0;1.0;2009;636;768;62;0.318;0.387;0.252;0;?;?;161;0.34600000000000003;0.442
28.0;1.0;2009;638;769;75;0.321;0.381;0.242;0;?;?;162;0.33299999999999996;0.406
29.0;0.0;2009;640;692;85;0.314;0.402;0.258;0;?;?;162;0.316;0.39399999999999996
31.0;1.0;2009;657;611;88;0.309;0.389;0.257;0;?;?;162;0.314;0.37200000000000005
32.0;1.0;2009;730;640;91;0.332;0.415;0.263;1;6.0;4.0;162;0.319;0.386
34.0;0.0;2009;803;754;84;0.34299999999999997;0.439;0.263;0;?;?;162;0.324;0.41700000000000004
35.0;0.0;2009;784;740;87;0.32;0.445;0.26;0;?;?;162;0.331;0.41600000000000004
36.0;0.0;2009;798;771;75;0.33299999999999996;0.44;0.266;0;?;?;162;0.33899999999999997;0.434
38.0;1.0;2009;710;874;59;0.337;0.406;0.258;0;?;?;162;0.35200000000000004;0.45
1.0;1.0;2008;720;706;82;0.327;0.415;0.251;0;?;?;162;0.318;0.39799999999999996
2.0;1.0;2008;753;778;72;0.345;0.408;0.27;0;?;?;162;0.336;0.423
3.0;0.0;2008;782;869;68;0.33299999999999996;0.429;0.267;0;?;?;161;0.361;0.435
4.0;0.0;2008;845;694;95;0.358;0.447;0.28;1;3.0;3.0;162;0.32299999999999995;0.39
6.0;1.0;2008;855;671;97;0.354;0.44299999999999995;0.278;1;2.0;4.0;161;0.316;0.395
7.0;0.0;2008;811;729;89;0.332;0.44799999999999995;0.263;1;6.0;4.0;163;0.32;0.41
8.0;1.0;2008;704;800;74;0.321;0.408;0.247;0;?;?;162;0.345;0.45
9.0;0.0;2008;805;761;81;0.33899999999999997;0.424;0.262;0;?;?;162;0.33;0.424
10.0;1.0;2008;747;822;74;0.336;0.415;0.263;0;?;?;162;0.344;0.431
11.0;0.0;2008;821;857;74;0.34;0.444;0.271;0;?;?;162;0.353;0.43700000000000006
12.0;1.0;2008;770;767;84;0.326;0.433;0.254;0;?;?;161;0.33299999999999996;0.40700000000000003
13.0;1.0;2008;712;743;86;0.32299999999999995;0.415;0.263;0;?;?;161;0.32799999999999996;0.44
15.0;0.0;2008;691;781;75;0.32;0.397;0.26899999999999996;0;?;?;162;0.32799999999999996;0.415
16.0;0.0;2008;765;697;100;0.33;0.413;0.268;1;1.0;4.0;162;0.32299999999999995;0.406
17.0;1.0;2008;700;648;84;0.33299999999999996;0.39899999999999997;0.264;1;7.0;3.0;162;0.315;0.376
19.0;1.0;2008;750;689;90;0.325;0.431;0.253;1;5.0;4.0;162;0.32299999999999995;0.406
20.0;0.0;2008;829;745;88;0.34;0.408;0.27899999999999997;0;?;?;163;0.324;0.431
23.0;1.0;2008;799;715;89;0.34;0.42;0.266;0;?;?;162;0.331;0.397
24.0;0.0;2008;789;727;89;0.342;0.42700000000000005;0.271;0;?;?;162;0.32899999999999996;0.405
25.0;0.0;2008;646;690;75;0.318;0.369;0.242;0;?;?;161;0.32799999999999996;0.392
26.0;1.0;2008;799;680;92;0.332;0.43799999999999994;0.255;1;4.0;1.0;162;0.32899999999999996;0.41
27.0;1.0;2008;735;884;67;0.32;0.40299999999999997;0.258;0;?;?;162;0.36200000000000004;0.45399999999999996
28.0;1.0;2008;637;764;63;0.317;0.39;0.25;0;?;?;162;0.332;0.409
29.0;0.0;2008;671;811;61;0.318;0.389;0.265;0;?;?;162;0.35100000000000003;0.433
31.0;1.0;2008;640;759;72;0.321;0.382;0.262;0;?;?;162;0.341;0.40399999999999997
32.0;1.0;2008;779;725;86;0.35;0.433;0.281;0;?;?;162;0.332;0.431
34.0;0.0;2008;774;671;97;0.34;0.42200000000000004;0.26;1;2.0;2.0;162;0.314;0.4
35.0;0.0;2008;901;967;79;0.354;0.462;0.28300000000000003;0;?;?;162;0.36200000000000004;0.455
36.0;0.0;2008;714;610;86;0.331;0.39899999999999997;0.264;0;?;?;162;0.309;0.38
38.0;1.0;2008;641;825;59;0.32299999999999995;0.373;0.251;0;?;?;161;0.34299999999999997;0.436
1.0;1.0;2007;712;732;90;0.321;0.413;0.25;1;3.0;3.0;162;0.33399999999999996;0.42
2.0;1.0;2007;810;733;84;0.33899999999999997;0.435;0.275;0;?;?;162;0.327;0.415
3.0;0.0;2007;756;868;69;0.33299999999999996;0.41200000000000003;0.272;0;?;?;162;0.354;0.41200000000000003
4.0;0.0;2007;867;657;96;0.36200000000000004;0.444;0.27899999999999997;1;1.0;1.0;162;0.314;0.392
6.0;1.0;2007;752;690;85;0.33299999999999996;0.42200000000000004;0.271;1;5.0;4.0;162;0.322;0.39899999999999997
7.0;0.0;2007;693;839;72;0.318;0.40399999999999997;0.24600000000000002;0;?;?;162;0.33799999999999997;0.435
8.0;1.0;2007;783;853;72;0.335;0.436;0.267;0;?;?;162;0.34299999999999997;0.456
9.0;0.0;2007;811;704;96;0.34299999999999997;0.428;0.268;1;1.0;3.0;162;0.322;0.40700000000000003
10.0;1.0;2007;860;758;90;0.354;0.43700000000000006;0.28;1;3.0;2.0;163;0.33;0.423
11.0;0.0;2007;887;797;88;0.345;0.45799999999999996;0.287;0;?;?;162;0.33799999999999997;0.42700000000000005
12.0;1.0;2007;790;891;71;0.336;0.44799999999999995;0.267;0;?;?;162;0.364;0.442
13.0;1.0;2007;723;813;73;0.33;0.41200000000000003;0.26;0;?;?;162;0.337;0.45399999999999996
15.0;0.0;2007;706;778;69;0.322;0.38799999999999996;0.261;0;?;?;162;0.33899999999999997;0.445
16.0;0.0;2007;822;731;94;0.345;0.41700000000000004;0.284;1;2.0;4.0;162;0.32799999999999996;0.41200000000000003
17.0;1.0;2007;735;727;82;0.337;0.406;0.275;0;?;?;162;0.326;0.39899999999999997
19.0;1.0;2007;801;776;83;0.32899999999999996;0.456;0.262;0;?;?;162;0.33299999999999996;0.42200000000000004
20.0;0.0;2007;718;725;79;0.33;0.391;0.264;0;?;?;162;0.324;0.431
23.0;1.0;2007;804;750;88;0.342;0.43200000000000005;0.275;0;?;?;162;0.32899999999999996;0.409
24.0;0.0;2007;968;777;94;0.366;0.46299999999999997;0.29;1;2.0;4.0;162;0.34;0.41700000000000004
25.0;0.0;2007;741;758;76;0.33799999999999997;0.40700000000000003;0.256;0;?;?;162;0.32899999999999996;0.40399999999999997
26.0;1.0;2007;892;821;89;0.354;0.45799999999999996;0.27399999999999997;1;4.0;4.0;162;0.34600000000000003;0.451
27.0;1.0;2007;724;846;68;0.325;0.41100000000000003;0.263;0;?;?;162;0.35200000000000004;0.447
28.0;1.0;2007;741;666;89;0.322;0.41100000000000003;0.251;0;?;?;163;0.311;0.374
29.0;0.0;2007;794;813;88;0.337;0.425;0.287;0;?;?;162;0.349;0.431
31.0;1.0;2007;683;720;71;0.322;0.387;0.254;0;?;?;162;0.33399999999999996;0.405
32.0;1.0;2007;725;829;78;0.337;0.405;0.27399999999999997;0;?;?;162;0.336;0.431
33.0;0.0;2007;782;944;66;0.336;0.433;0.268;0;?;?;162;0.358;0.467
35.0;0.0;2007;816;844;75;0.32799999999999996;0.426;0.263;0;?;?;162;0.35600000000000004;0.423
36.0;0.0;2007;753;699;83;0.327;0.419;0.259;0;?;?;162;0.315;0.391
38.0;1.0;2007;673;783;73;0.325;0.39;0.256;0;?;?;162;0.33899999999999997;0.433
1.0;1.0;2006;773;788;76;0.331;0.424;0.267;0;?;?;162;0.335;0.431
2.0;1.0;2006;849;805;79;0.337;0.455;0.27;0;?;?;162;0.34299999999999997;0.43799999999999994
3.0;0.0;2006;768;899;70;0.33899999999999997;0.424;0.27699999999999997;0;?;?;162;0.35700000000000004;0.462
4.0;0.0;2006;820;825;86;0.35100000000000003;0.435;0.26899999999999996;0;?;?;162;0.34299999999999997;0.447
6.0;1.0;2006;716;834;66;0.319;0.42200000000000004;0.268;0;?;?;162;0.342;0.431
7.0;0.0;2006;868;794;90;0.342;0.46399999999999997;0.28;0;?;?;162;0.326;0.44
8.0;1.0;2006;749;801;80;0.336;0.43200000000000005;0.257;0;?;?;162;0.337;0.457
9.0;0.0;2006;870;782;78;0.349;0.457;0.28;0;?;?;162;0.335;0.431
10.0;1.0;2006;813;812;76;0.341;0.433;0.27;0;?;?;162;0.34600000000000003;0.43799999999999994
11.0;0.0;2006;822;675;95;0.32899999999999996;0.449;0.27399999999999997;1;3.0;2.0;162;0.321;0.405
12.0;1.0;2006;758;772;78;0.331;0.435;0.264;0;?;?;162;0.34700000000000003;0.423
13.0;1.0;2006;735;719;82;0.332;0.409;0.255;0;?;?;162;0.319;0.42100000000000004
15.0;0.0;2006;757;971;62;0.332;0.41100000000000003;0.271;0;?;?;162;0.36700000000000005;0.47600000000000003
16.0;0.0;2006;766;732;89;0.33399999999999996;0.425;0.27399999999999997;0;?;?;162;0.316;0.402
17.0;1.0;2006;820;751;88;0.348;0.43200000000000005;0.276;1;5.0;4.0;162;0.33;0.418
19.0;1.0;2006;730;833;75;0.327;0.42;0.258;0;?;?;162;0.33299999999999996;0.43799999999999994
20.0;0.0;2006;801;683;96;0.34700000000000003;0.425;0.287;1;2.0;4.0;162;0.312;0.423
23.0;1.0;2006;834;731;97;0.33399999999999996;0.445;0.264;1;1.0;3.0;162;0.32299999999999995;0.40700000000000003
24.0;0.0;2006;930;767;97;0.363;0.461;0.285;1;1.0;4.0;162;0.326;0.413
25.0;0.0;2006;771;727;93;0.34;0.41200000000000003;0.26;1;4.0;3.0;162;0.33799999999999997;0.42200000000000004
26.0;1.0;2006;865;812;85;0.34700000000000003;0.447;0.267;0;?;?;162;0.33899999999999997;0.46
27.0;1.0;2006;691;797;67;0.327;0.397;0.263;0;?;?;162;0.35700000000000004;0.431
28.0;1.0;2006;731;679;88;0.332;0.41600000000000004;0.263;1;5.0;4.0;162;0.312;0.40399999999999997
29.0;0.0;2006;756;792;78;0.325;0.424;0.272;0;?;?;162;0.337;0.43200000000000005
31.0;1.0;2006;746;790;76;0.324;0.42200000000000004;0.259;0;?;?;161;0.337;0.415
32.0;1.0;2006;781;762;83;0.337;0.431;0.26899999999999996;1;6.0;1.0;161;0.337;0.44299999999999995
33.0;0.0;2006;689;856;61;0.314;0.42;0.255;0;?;?;162;0.358;0.452
35.0;0.0;2006;835;784;80;0.33799999999999997;0.446;0.278;0;?;?;162;0.341;0.424
36.0;0.0;2006;809;754;87;0.348;0.46299999999999997;0.284;0;?;?;162;0.32799999999999996;0.42200000000000004
38.0;1.0;2006;746;872;71;0.33799999999999997;0.418;0.262;0;?;?;162;0.349;0.447
1.0;1.0;2005;696;856;77;0.332;0.42100000000000004;0.256;0;?;?;162;0.345;0.455
2.0;1.0;2005;769;674;90;0.33299999999999996;0.435;0.265;1;4.0;4.0;162;0.33299999999999996;0.406
3.0;0.0;2005;729;800;74;0.327;0.434;0.26899999999999996;0;?;?;162;0.336;0.41600000000000004
4.0;0.0;2005;910;805;95;0.35700000000000004;0.45399999999999996;0.281;1;3.0;4.0;162;0.335;0.441
6.0;1.0;2005;703;714;79;0.324;0.44;0.27;0;?;?;162;0.325;0.40700000000000003
7.0;0.0;2005;741;645;99;0.322;0.425;0.262;1;2.0;1.0;162;0.31;0.397
8.0;1.0;2005;820;889;73;0.33899999999999997;0.446;0.261;0;?;?;163;0.35200000000000004;0.483
9.0;0.0;2005;790;642;93;0.33399999999999996;0.45299999999999996;0.271;0;?;?;162;0.302;0.387
10.0;1.0;2005;740;862;67;0.33299999999999996;0.41100000000000003;0.267;0;?;?;162;0.36200000000000004;0.457
11.0;0.0;2005;723;787;71;0.321;0.428;0.272;0;?;?;162;0.33;0.436
12.0;1.0;2005;717;732;83;0.33899999999999997;0.409;0.272;0;?;?;162;0.33899999999999997;0.402
13.0;1.0;2005;693;609;89;0.322;0.408;0.256;1;5.0;2.0;163;0.308;0.389
15.0;0.0;2005;701;935;56;0.32;0.396;0.263;0;?;?;162;0.36200000000000004;0.46299999999999997
16.0;0.0;2005;761;643;95;0.325;0.409;0.27;1;3.0;3.0;162;0.312;0.401
17.0;1.0;2005;685;755;71;0.326;0.395;0.253;0;?;?;162;0.327;0.429
19.0;1.0;2005;726;697;81;0.331;0.423;0.259;0;?;?;162;0.324;0.408
20.0;0.0;2005;688;662;83;0.32299999999999995;0.391;0.259;0;?;?;162;0.307;0.408
23.0;1.0;2005;722;648;83;0.322;0.41600000000000004;0.258;0;?;?;162;0.321;0.387
24.0;0.0;2005;886;789;95;0.355;0.45;0.276;1;3.0;4.0;162;0.332;0.42200000000000004
25.0;0.0;2005;772;658;88;0.33;0.40700000000000003;0.262;0;?;?;162;0.311;0.382
26.0;1.0;2005;807;726;88;0.348;0.423;0.27;0;?;?;162;0.32;0.426
27.0;1.0;2005;680;769;67;0.322;0.4;0.259;0;?;?;162;0.344;0.424
28.0;1.0;2005;684;726;82;0.33299999999999996;0.391;0.257;1;6.0;4.0;162;0.322;0.408
29.0;0.0;2005;699;751;69;0.317;0.391;0.256;0;?;?;162;0.332;0.42200000000000004
31.0;1.0;2005;649;745;75;0.319;0.396;0.261;0;?;?;162;0.336;0.41200000000000003
32.0;1.0;2005;805;634;100;0.33899999999999997;0.423;0.27;1;1.0;3.0;162;0.318;0.39799999999999996
33.0;0.0;2005;750;936;67;0.32899999999999996;0.425;0.27399999999999997;0;?;?;162;0.355;0.455
35.0;0.0;2005;865;858;79;0.32899999999999996;0.46799999999999997;0.267;0;?;?;162;0.34299999999999997;0.428
36.0;0.0;2005;775;705;80;0.331;0.40700000000000003;0.265;0;?;?;162;0.324;0.418
38.0;1.0;2005;639;673;81;0.322;0.386;0.252;0;?;?;162;0.33299999999999996;0.396
0.0;0.0;2004;836;734;92;0.341;0.429;0.282;1;6.0;4.0;162;0.326;0.415
1.0;1.0;2004;615;899;51;0.31;0.39299999999999996;0.253;0;?;?;162;0.35;0.439
2.0;1.0;2004;803;668;96;0.34299999999999997;0.434;0.27;1;4.0;4.0;162;0.32899999999999996;0.4
3.0;0.0;2004;842;830;78;0.345;0.43200000000000005;0.281;0;?;?;162;0.348;0.40399999999999997
4.0;0.0;2004;949;768;98;0.36;0.47200000000000003;0.282;1;3.0;1.0;162;0.318;0.408
6.0;1.0;2004;789;665;89;0.32799999999999996;0.45799999999999996;0.268;0;?;?;162;0.321;0.395
7.0;0.0;2004;865;831;83;0.33299999999999996;0.457;0.268;0;?;?;162;0.33799999999999997;0.45299999999999996
8.0;1.0;2004;750;907;76;0.331;0.418;0.25;0;?;?;162;0.348;0.48100000000000004
9.0;0.0;2004;858;857;80;0.35100000000000003;0.444;0.276;0;?;?;162;0.342;0.445
10.0;1.0;2004;833;923;68;0.345;0.455;0.275;0;?;?;162;0.37200000000000005;0.47100000000000003
11.0;0.0;2004;827;844;72;0.337;0.449;0.272;0;?;?;162;0.34;0.441
12.0;1.0;2004;718;700;83;0.32899999999999996;0.406;0.264;0;?;?;162;0.324;0.41200000000000003
13.0;1.0;2004;803;698;92;0.342;0.436;0.267;1;6.0;3.0;162;0.32799999999999996;0.41700000000000004
15.0;0.0;2004;720;905;58;0.322;0.397;0.259;0;?;?;162;0.35200000000000004;0.47600000000000003
17.0;1.0;2004;761;684;93;0.332;0.423;0.262;1;5.0;4.0;162;0.32299999999999995;0.408
19.0;1.0;2004;634;757;67;0.321;0.387;0.248;0;?;?;161;0.32;0.41700000000000004
20.0;0.0;2004;780;715;92;0.332;0.431;0.266;1;6.0;4.0;162;0.32299999999999995;0.406
22.0;1.0;2004;635;769;67;0.313;0.392;0.249;0;?;?;162;0.342;0.431
23.0;1.0;2004;684;731;71;0.317;0.409;0.249;0;?;?;162;0.335;0.405
24.0;0.0;2004;897;808;101;0.353;0.45799999999999996;0.268;1;2.0;3.0;162;0.32799999999999996;0.43200000000000005
25.0;0.0;2004;793;742;91;0.34299999999999997;0.433;0.27;0;?;?;162;0.332;0.409
26.0;1.0;2004;840;781;86;0.345;0.44299999999999995;0.267;0;?;?;162;0.33;0.44799999999999995
27.0;1.0;2004;680;744;72;0.321;0.401;0.26;0;?;?;161;0.342;0.41600000000000004
28.0;1.0;2004;768;705;87;0.342;0.414;0.273;0;?;?;162;0.318;0.431
29.0;0.0;2004;698;823;63;0.331;0.396;0.27;0;?;?;162;0.33799999999999997;0.441
31.0;1.0;2004;850;770;91;0.35700000000000004;0.43799999999999994;0.27;0;?;?;162;0.332;0.423
32.0;1.0;2004;855;659;105;0.344;0.46;0.278;1;1.0;2.0;162;0.313;0.40299999999999997
33.0;0.0;2004;714;842;70;0.32;0.405;0.258;0;?;?;161;0.342;0.43799999999999994
35.0;0.0;2004;860;794;89;0.32899999999999996;0.457;0.266;0;?;?;162;0.344;0.43200000000000005
36.0;0.0;2004;719;823;67;0.32799999999999996;0.40299999999999997;0.26;0;?;?;161;0.348;0.434
0.0;0.0;2003;736;743;77;0.33;0.413;0.268;0;?;?;162;0.327;0.42100000000000004
1.0;1.0;2003;717;685;84;0.33;0.41700000000000004;0.263;0;?;?;162;0.322;0.38799999999999996
2.0;1.0;2003;907;740;101;0.349;0.475;0.284;1;1.0;4.0;162;0.327;0.401
3.0;0.0;2003;743;820;71;0.32299999999999995;0.405;0.268;0;?;?;163;0.34600000000000003;0.446
4.0;0.0;2003;961;809;95;0.36;0.491;0.289;1;4.0;3.0;162;0.327;0.415
6.0;1.0;2003;724;683;88;0.32299999999999995;0.41600000000000004;0.259;1;7.0;3.0;162;0.324;0.37200000000000005
7.0;0.0;2003;791;715;86;0.331;0.446;0.263;0;?;?;162;0.322;0.40399999999999997
8.0;1.0;2003;694;886;69;0.318;0.395;0.245;0;?;?;162;0.349;0.46299999999999997
9.0;0.0;2003;699;778;68;0.316;0.401;0.254;0;?;?;162;0.32899999999999996;0.426
10.0;1.0;2003;853;892;74;0.344;0.445;0.267;0;?;?;162;0.359;0.47
11.0;0.0;2003;591;928;43;0.3;0.375;0.24;0;?;?;162;0.35200000000000004;0.461
12.0;1.0;2003;751;692;91;0.33299999999999996;0.42100000000000004;0.266;1;5.0;1.0;162;0.325;0.396
13.0;1.0;2003;805;677;87;0.336;0.431;0.263;0;?;?;162;0.326;0.397
15.0;0.0;2003;836;867;83;0.336;0.42700000000000005;0.27399999999999997;0;?;?;162;0.348;0.45
17.0;1.0;2003;574;556;85;0.303;0.368;0.243;0;?;?;162;0.306;0.354
19.0;1.0;2003;714;873;68;0.32899999999999996;0.419;0.256;0;?;?;162;0.348;0.462
20.0;0.0;2003;801;758;90;0.341;0.431;0.27699999999999997;1;6.0;4.0;162;0.319;0.428
22.0;1.0;2003;711;716;83;0.326;0.401;0.258;0;?;?;162;0.327;0.423
23.0;1.0;2003;642;754;66;0.314;0.374;0.247;0;?;?;161;0.345;0.43799999999999994
24.0;0.0;2003;877;716;101;0.35600000000000004;0.45299999999999996;0.271;1;1.0;2.0;163;0.314;0.40700000000000003
25.0;0.0;2003;768;643;96;0.327;0.41700000000000004;0.254;1;3.0;4.0;162;0.314;0.376
26.0;1.0;2003;791;697;86;0.34299999999999997;0.419;0.261;0;?;?;162;0.327;0.401
27.0;1.0;2003;753;801;75;0.33799999999999997;0.42;0.267;0;?;?;162;0.336;0.431
28.0;1.0;2003;678;831;64;0.33299999999999996;0.38799999999999996;0.261;0;?;?;162;0.341;0.43700000000000006
29.0;0.0;2003;795;637;93;0.344;0.41;0.271;0;?;?;162;0.311;0.38799999999999996
31.0;1.0;2003;755;638;100;0.33799999999999997;0.425;0.264;1;2.0;4.0;161;0.321;0.386
32.0;1.0;2003;876;796;85;0.35;0.45399999999999996;0.27899999999999997;0;?;?;162;0.336;0.452
33.0;0.0;2003;715;852;63;0.32;0.40399999999999997;0.265;0;?;?;162;0.34700000000000003;0.44
35.0;0.0;2003;826;969;71;0.33;0.45399999999999996;0.266;0;?;?;162;0.36;0.473
36.0;0.0;2003;894;826;86;0.349;0.455;0.27899999999999997;0;?;?;162;0.337;0.441
0.0;0.0;2002;851;644;99;0.341;0.433;0.282;1;3.0;1.0;162;0.314;0.392
1.0;1.0;2002;819;674;98;0.34600000000000003;0.423;0.267;1;4.0;4.0;162;0.305;0.397
2.0;1.0;2002;708;565;101;0.331;0.409;0.26;1;2.0;4.0;161;0.313;0.364
3.0;0.0;2002;667;773;67;0.309;0.40299999999999997;0.24600000000000002;0;?;?;162;0.336;0.435
4.0;0.0;2002;859;665;93;0.345;0.444;0.27699999999999997;0;?;?;162;0.308;0.385
6.0;1.0;2002;706;759;67;0.321;0.413;0.24600000000000002;0;?;?;162;0.331;0.40700000000000003
7.0;0.0;2002;856;798;81;0.33799999999999997;0.449;0.268;0;?;?;162;0.33;0.423
8.0;1.0;2002;709;774;78;0.33;0.408;0.253;0;?;?;162;0.33799999999999997;0.426
9.0;0.0;2002;739;837;74;0.321;0.41200000000000003;0.249;0;?;?;162;0.348;0.423
10.0;1.0;2002;778;898;73;0.337;0.423;0.27399999999999997;0;?;?;162;0.349;0.466
11.0;0.0;2002;575;864;55;0.3;0.379;0.248;0;?;?;161;0.34299999999999997;0.455
12.0;1.0;2002;699;763;79;0.337;0.40299999999999997;0.261;0;?;?;162;0.341;0.415
13.0;1.0;2002;749;695;84;0.33799999999999997;0.41700000000000004;0.262;0;?;?;162;0.33;0.41
15.0;0.0;2002;737;891;62;0.32299999999999995;0.39799999999999996;0.256;0;?;?;162;0.349;0.46399999999999997
17.0;1.0;2002;713;643;92;0.32;0.409;0.264;0;?;?;162;0.315;0.387
19.0;1.0;2002;627;821;56;0.32;0.39;0.253;0;?;?;162;0.35200000000000004;0.442
20.0;0.0;2002;768;712;94;0.332;0.43700000000000006;0.272;1;7.0;3.0;161;0.318;0.42100000000000004
22.0;1.0;2002;735;718;83;0.33399999999999996;0.418;0.261;0;?;?;162;0.32899999999999996;0.42100000000000004
23.0;1.0;2002;690;703;75;0.322;0.395;0.256;0;?;?;161;0.327;0.40299999999999997
24.0;0.0;2002;897;697;103;0.354;0.455;0.275;1;1.0;4.0;161;0.309;0.395
25.0;0.0;2002;800;654;103;0.33899999999999997;0.43200000000000005;0.261;1;1.0;4.0;162;0.315;0.384
26.0;1.0;2002;710;724;80;0.33899999999999997;0.42200000000000004;0.259;0;?;?;161;0.32799999999999996;0.401
27.0;1.0;2002;641;730;72;0.319;0.381;0.244;0;?;?;161;0.342;0.423
28.0;1.0;2002;662;815;66;0.321;0.381;0.253;0;?;?;162;0.34600000000000003;0.442
29.0;0.0;2002;814;699;93;0.35;0.419;0.275;0;?;?;162;0.315;0.41
31.0;1.0;2002;783;616;95;0.344;0.442;0.267;1;6.0;2.0;162;0.319;0.37200000000000005
32.0;1.0;2002;787;648;97;0.33799999999999997;0.425;0.268;1;5.0;3.0;162;0.32299999999999995;0.386
33.0;0.0;2002;673;918;55;0.314;0.39;0.253;0;?;?;161;0.35700000000000004;0.46299999999999997
35.0;0.0;2002;843;882;72;0.33799999999999997;0.455;0.26899999999999996;0;?;?;162;0.355;0.451
36.0;0.0;2002;813;828;78;0.327;0.43;0.261;0;?;?;162;0.344;0.431
0.0;0.0;2001;691;730;75;0.327;0.405;0.261;0;?;?;162;0.331;0.41200000000000003
1.0;1.0;2001;818;677;92;0.341;0.442;0.267;1;5.0;1.0;162;0.311;0.40399999999999997
2.0;1.0;2001;729;643;88;0.324;0.41200000000000003;0.26;1;7.0;3.0;162;0.314;0.384
3.0;0.0;2001;687;829;63;0.319;0.38;0.248;0;?;?;162;0.337;0.439
4.0;0.0;2001;772;745;82;0.33399999999999996;0.439;0.266;0;?;?;161;0.32899999999999996;0.39299999999999996
6.0;1.0;2001;777;701;88;0.336;0.43;0.261;0;?;?;162;0.321;0.39799999999999996
7.0;0.0;2001;798;795;83;0.33399999999999996;0.451;0.268;0;?;?;162;0.33399999999999996;0.42700000000000005
8.0;1.0;2001;735;850;66;0.324;0.419;0.262;0;?;?;162;0.341;0.455
9.0;0.0;2001;897;821;91;0.35;0.45799999999999996;0.278;1;6.0;4.0;162;0.341;0.41700000000000004
10.0;1.0;2001;923;906;73;0.354;0.483;0.292;0;?;?;162;0.35;0.48
11.0;0.0;2001;724;876;66;0.32;0.409;0.26;0;?;?;162;0.35700000000000004;0.461
12.0;1.0;2001;742;744;76;0.326;0.423;0.264;0;?;?;162;0.33799999999999997;0.41100000000000003
13.0;1.0;2001;847;769;93;0.34700000000000003;0.451;0.271;1;4.0;4.0;162;0.325;0.43700000000000006
15.0;0.0;2001;729;858;65;0.318;0.409;0.266;0;?;?;162;0.348;0.45
17.0;1.0;2001;758;744;86;0.32299999999999995;0.425;0.255;0;?;?;162;0.32299999999999995;0.41100000000000003
19.0;1.0;2001;740;806;68;0.319;0.426;0.251;0;?;?;162;0.35;0.44
20.0;0.0;2001;771;766;85;0.337;0.433;0.272;0;?;?;162;0.325;0.43700000000000006
22.0;1.0;2001;670;812;68;0.319;0.396;0.253;0;?;?;162;0.33899999999999997;0.441
23.0;1.0;2001;642;713;82;0.32299999999999995;0.387;0.249;0;?;?;162;0.314;0.419
24.0;0.0;2001;804;713;95;0.33399999999999996;0.435;0.267;1;3.0;2.0;161;0.318;0.39799999999999996
25.0;0.0;2001;884;645;102;0.345;0.439;0.264;1;2.0;4.0;162;0.308;0.38
26.0;1.0;2001;746;719;86;0.32899999999999996;0.414;0.26;0;?;?;162;0.32899999999999996;0.424
27.0;1.0;2001;657;858;62;0.313;0.39299999999999996;0.247;0;?;?;162;0.344;0.433
28.0;1.0;2001;789;812;79;0.336;0.39899999999999997;0.252;0;?;?;162;0.33;0.45
29.0;0.0;2001;927;627;116;0.36;0.445;0.28800000000000003;1;1.0;3.0;162;0.301;0.37799999999999995
31.0;1.0;2001;799;748;90;0.342;0.46;0.266;0;?;?;162;0.32899999999999996;0.40399999999999997
32.0;1.0;2001;814;684;93;0.33899999999999997;0.441;0.27;1;4.0;4.0;162;0.32799999999999996;0.428
33.0;0.0;2001;672;887;62;0.32;0.38799999999999996;0.258;0;?;?;162;0.345;0.452
35.0;0.0;2001;890;968;73;0.344;0.47100000000000003;0.275;0;?;?;162;0.36200000000000004;0.494
36.0;0.0;2001;767;753;80;0.325;0.43;0.263;0;?;?;162;0.33899999999999997;0.435
0.0;0.0;2000;864;869;82;0.35200000000000004;0.47200000000000003;0.28;0;?;?;162;0.35100000000000003;0.45299999999999996
1.0;1.0;2000;792;754;85;0.33299999999999996;0.429;0.265;0;?;?;162;0.326;0.424
2.0;1.0;2000;810;714;95;0.34600000000000003;0.429;0.271;1;2.0;4.0;162;0.319;0.402
3.0;0.0;2000;794;913;74;0.341;0.435;0.272;0;?;?;162;0.35200000000000004;0.449
4.0;0.0;2000;792;745;85;0.341;0.423;0.267;0;?;?;162;0.322;0.41100000000000003
6.0;1.0;2000;764;904;65;0.335;0.41100000000000003;0.256;0;?;?;162;0.348;0.452
7.0;0.0;2000;978;839;95;0.35600000000000004;0.47;0.28600000000000003;1;2.0;4.0;162;0.34600000000000003;0.434
8.0;1.0;2000;825;765;85;0.34299999999999997;0.447;0.27399999999999997;0;?;?;163;0.341;0.43799999999999994
9.0;0.0;2000;950;816;90;0.36700000000000005;0.47;0.28800000000000003;0;?;?;162;0.35;0.425
10.0;1.0;2000;968;897;82;0.36200000000000004;0.455;0.294;0;?;?;162;0.354;0.47100000000000003
11.0;0.0;2000;823;827;79;0.34299999999999997;0.43799999999999994;0.275;0;?;?;162;0.34;0.44299999999999995
12.0;1.0;2000;731;797;79;0.331;0.409;0.262;0;?;?;161;0.348;0.429
13.0;1.0;2000;938;944;72;0.361;0.47700000000000004;0.278;0;?;?;162;0.353;0.47600000000000003
15.0;0.0;2000;879;930;77;0.348;0.425;0.28800000000000003;0;?;?;162;0.36200000000000004;0.474
17.0;1.0;2000;798;729;86;0.341;0.431;0.257;0;?;?;162;0.332;0.40700000000000003
19.0;1.0;2000;740;826;73;0.325;0.40299999999999997;0.24600000000000002;0;?;?;163;0.35700000000000004;0.42
20.0;0.0;2000;748;880;69;0.337;0.40700000000000003;0.27;0;?;?;162;0.34700000000000003;0.466
22.0;1.0;2000;738;902;67;0.326;0.43200000000000005;0.266;0;?;?;162;0.353;0.449
23.0;1.0;2000;807;738;94;0.34600000000000003;0.43;0.263;1;3.0;2.0;162;0.327;0.40299999999999997
24.0;0.0;2000;871;814;87;0.354;0.45;0.27699999999999997;1;5.0;1.0;161;0.336;0.42200000000000004
25.0;0.0;2000;947;813;91;0.36;0.45799999999999996;0.27;1;4.0;4.0;161;0.348;0.423
26.0;1.0;2000;708;830;65;0.32899999999999996;0.4;0.251;0;?;?;162;0.34299999999999997;0.44799999999999995
27.0;1.0;2000;793;888;69;0.33899999999999997;0.424;0.267;0;?;?;162;0.361;0.43200000000000005
28.0;1.0;2000;752;815;76;0.33;0.402;0.254;0;?;?;162;0.34;0.41600000000000004
29.0;0.0;2000;907;780;91;0.361;0.442;0.26899999999999996;1;4.0;3.0;162;0.33899999999999997;0.41600000000000004
31.0;1.0;2000;925;747;97;0.36200000000000004;0.47200000000000003;0.278;1;1.0;4.0;162;0.342;0.41200000000000003
32.0;1.0;2000;887;771;95;0.35600000000000004;0.455;0.27;1;2.0;3.0;162;0.33799999999999997;0.434
33.0;0.0;2000;733;842;69;0.32899999999999996;0.39899999999999997;0.257;0;?;?;161;0.345;0.451
35.0;0.0;2000;848;974;71;0.35200000000000004;0.446;0.28300000000000003;0;?;?;162;0.369;0.475
36.0;0.0;2000;861;908;83;0.341;0.469;0.275;0;?;?;162;0.354;0.456
0.0;0.0;1999;711;826;70;0.322;0.395;0.256;0;?;?;162;0.34600000000000003;0.42700000000000005
1.0;1.0;1999;908;676;100;0.34700000000000003;0.45899999999999996;0.27699999999999997;1;2.0;4.0;162;0.32;0.402
2.0;1.0;1999;840;661;103;0.341;0.436;0.266;1;1.0;2.0;162;0.314;0.377
3.0;0.0;1999;851;815;78;0.353;0.447;0.27899999999999997;0;?;?;162;0.35;0.441
4.0;0.0;1999;836;718;94;0.35;0.44799999999999995;0.278;1;6.0;3.0;162;0.315;0.39799999999999996
6.0;1.0;1999;747;920;67;0.32899999999999996;0.42;0.257;0;?;?;162;0.34600000000000003;0.467
7.0;0.0;1999;777;870;75;0.337;0.429;0.27699999999999997;0;?;?;162;0.353;0.447
8.0;1.0;1999;865;711;96;0.341;0.451;0.272;0;?;?;163;0.324;0.41100000000000003
9.0;0.0;1999;1009;860;97;0.373;0.467;0.289;1;4.0;4.0;162;0.34700000000000003;0.439
10.0;1.0;1999;906;1028;72;0.348;0.47200000000000003;0.28800000000000003;0;?;?;162;0.384;0.499
11.0;0.0;1999;747;882;69;0.326;0.44299999999999995;0.261;0;?;?;161;0.349;0.451
12.0;1.0;1999;691;852;64;0.325;0.395;0.263;0;?;?;162;0.359;0.44
13.0;1.0;1999;823;675;97;0.355;0.42;0.267;1;4.0;4.0;162;0.326;0.397
15.0;0.0;1999;856;921;64;0.348;0.433;0.282;0;?;?;161;0.365;0.45399999999999996
17.0;1.0;1999;793;787;77;0.33899999999999997;0.42;0.266;0;?;?;162;0.336;0.42200000000000004
19.0;1.0;1999;815;886;74;0.353;0.426;0.273;0;?;?;161;0.35600000000000004;0.457
20.0;0.0;1999;686;845;63;0.32799999999999996;0.384;0.264;0;?;?;161;0.342;0.465
22.0;1.0;1999;718;853;68;0.32299999999999995;0.42700000000000005;0.265;0;?;?;162;0.342;0.418
23.0;1.0;1999;853;711;97;0.363;0.434;0.27899999999999997;1;4.0;3.0;163;0.331;0.418
24.0;0.0;1999;900;731;98;0.366;0.45299999999999996;0.282;1;3.0;1.0;162;0.32899999999999996;0.4
25.0;0.0;1999;893;846;87;0.355;0.446;0.259;0;?;?;162;0.344;0.428
26.0;1.0;1999;841;846;77;0.35100000000000003;0.431;0.275;0;?;?;162;0.34700000000000003;0.447
27.0;1.0;1999;775;782;78;0.33399999999999996;0.419;0.259;0;?;?;161;0.34299999999999997;0.42
28.0;1.0;1999;710;781;74;0.332;0.39299999999999996;0.252;0;?;?;162;0.33299999999999996;0.43
29.0;0.0;1999;859;905;79;0.34299999999999997;0.455;0.26899999999999996;0;?;?;162;0.368;0.45399999999999996
31.0;1.0;1999;872;831;86;0.35600000000000004;0.434;0.271;0;?;?;162;0.345;0.423
32.0;1.0;1999;809;838;75;0.33799999999999997;0.426;0.262;0;?;?;161;0.355;0.42700000000000005
33.0;0.0;1999;772;913;69;0.34299999999999997;0.41100000000000003;0.27399999999999997;0;?;?;162;0.371;0.44799999999999995
35.0;0.0;1999;945;859;95;0.361;0.479;0.293;1;5.0;4.0;162;0.34600000000000003;0.45899999999999996
36.0;0.0;1999;883;862;84;0.35200000000000004;0.457;0.28;0;?;?;162;0.353;0.456
0.0;0.0;1998;787;783;85;0.335;0.415;0.272;0;?;?;162;?;?
1.0;1.0;1998;665;812;65;0.314;0.39299999999999996;0.24600000000000002;0;?;?;162;?;?
2.0;1.0;1998;826;581;106;0.342;0.45299999999999996;0.272;1;2.0;3.0;162;?;?
3.0;0.0;1998;817;785;79;0.34700000000000003;0.447;0.273;0;?;?;162;?;?
4.0;0.0;1998;876;729;92;0.348;0.46299999999999997;0.28;1;5.0;4.0;162;?;?
6.0;1.0;1998;831;792;90;0.337;0.433;0.264;1;6.0;4.0;163;?;?
7.0;0.0;1998;861;931;80;0.33899999999999997;0.444;0.271;0;?;?;163;?;?
8.0;1.0;1998;750;760;77;0.337;0.402;0.262;0;?;?;162;?;?
9.0;0.0;1998;850;779;89;0.34700000000000003;0.44799999999999995;0.272;1;7.0;3.0;162;?;?
10.0;1.0;1998;826;855;77;0.34700000000000003;0.461;0.29100000000000004;0;?;?;162;?;?
11.0;0.0;1998;722;863;65;0.32299999999999995;0.415;0.264;0;?;?;162;?;?
12.0;1.0;1998;667;923;54;0.317;0.373;0.248;0;?;?;162;?;?
13.0;1.0;1998;874;620;102;0.35600000000000004;0.436;0.28;1;3.0;4.0;162;?;?
15.0;0.0;1998;714;899;72;0.324;0.39899999999999997;0.263;0;?;?;161;?;?
17.0;1.0;1998;669;678;83;0.31;0.387;0.252;0;?;?;162;?;?
19.0;1.0;1998;707;812;74;0.33;0.396;0.26;0;?;?;162;?;?
20.0;0.0;1998;734;818;70;0.32799999999999996;0.389;0.266;0;?;?;162;?;?
22.0;1.0;1998;644;783;65;0.31;0.39399999999999996;0.249;0;?;?;162;?;?
23.0;1.0;1998;706;645;88;0.33;0.39399999999999996;0.259;0;?;?;162;?;?
24.0;0.0;1998;965;656;114;0.364;0.46;0.28800000000000003;1;1.0;1.0;162;?;?
25.0;0.0;1998;804;866;74;0.33799999999999997;0.397;0.257;0;?;?;162;?;?
26.0;1.0;1998;713;808;75;0.326;0.395;0.264;0;?;?;162;?;?
27.0;1.0;1998;650;718;69;0.311;0.374;0.254;0;?;?;163;?;?
28.0;1.0;1998;749;635;98;0.33;0.409;0.253;1;4.0;2.0;162;?;?
29.0;0.0;1998;859;855;76;0.345;0.46799999999999997;0.276;0;?;?;161;?;?
31.0;1.0;1998;845;739;89;0.353;0.42100000000000004;0.27399999999999997;0;?;?;163;?;?
32.0;1.0;1998;810;782;83;0.341;0.441;0.258;0;?;?;163;?;?
33.0;0.0;1998;620;751;63;0.321;0.385;0.261;0;?;?;162;?;?
35.0;0.0;1998;940;871;88;0.35700000000000004;0.462;0.289;1;8.0;4.0;162;?;?
36.0;0.0;1998;816;768;88;0.34;0.44799999999999995;0.266;0;?;?;163;?;?
0.0;0.0;1997;829;794;84;0.34600000000000003;0.41600000000000004;0.272;0;?;?;162;?;?
2.0;1.0;1997;791;581;101;0.34299999999999997;0.426;0.27;1;1.0;3.0;162;?;?
3.0;0.0;1997;812;681;98;0.341;0.429;0.268;1;2.0;3.0;162;?;?
4.0;0.0;1997;851;857;78;0.35200000000000004;0.46299999999999997;0.29100000000000004;0;?;?;162;?;?
6.0;1.0;1997;687;759;68;0.321;0.396;0.263;0;?;?;162;?;?
7.0;0.0;1997;779;833;80;0.341;0.41700000000000004;0.273;0;?;?;161;?;?
8.0;1.0;1997;651;764;76;0.321;0.389;0.253;0;?;?;162;?;?
9.0;0.0;1997;868;815;86;0.358;0.467;0.28600000000000003;1;6.0;2.0;161;?;?
10.0;1.0;1997;923;908;83;0.35700000000000004;0.478;0.28800000000000003;0;?;?;162;?;?
11.0;0.0;1997;784;790;79;0.332;0.415;0.258;0;?;?;162;?;?
12.0;1.0;1997;740;669;92;0.34600000000000003;0.395;0.259;1;4.0;1.0;162;?;?
13.0;1.0;1997;777;660;84;0.344;0.40299999999999997;0.259;1;7.0;4.0;162;?;?
15.0;0.0;1997;747;820;67;0.33299999999999996;0.40700000000000003;0.264;0;?;?;161;?;?
17.0;1.0;1997;742;645;88;0.33;0.418;0.268;0;?;?;162;?;?
19.0;0.0;1997;681;742;78;0.325;0.39799999999999996;0.26;0;?;?;161;?;?
20.0;0.0;1997;772;861;68;0.33299999999999996;0.409;0.27;0;?;?;162;?;?
22.0;1.0;1997;691;740;78;0.316;0.425;0.258;0;?;?;162;?;?
23.0;1.0;1997;777;709;88;0.332;0.405;0.262;0;?;?;162;?;?
24.0;0.0;1997;891;688;96;0.36200000000000004;0.436;0.287;1;3.0;4.0;162;?;?
25.0;0.0;1997;764;946;65;0.33899999999999997;0.423;0.26;0;?;?;162;?;?
26.0;1.0;1997;668;840;68;0.322;0.385;0.255;0;?;?;162;?;?
27.0;1.0;1997;725;760;79;0.32899999999999996;0.40399999999999997;0.262;0;?;?;162;?;?
28.0;1.0;1997;795;891;76;0.342;0.40700000000000003;0.271;0;?;?;162;?;?
29.0;0.0;1997;925;833;90;0.355;0.485;0.28;1;5.0;4.0;162;?;?
31.0;1.0;1997;784;793;90;0.337;0.414;0.258;1;5.0;4.0;162;?;?
32.0;1.0;1997;689;708;73;0.324;0.396;0.255;0;?;?;162;?;?
35.0;0.0;1997;807;823;77;0.33399999999999996;0.43799999999999994;0.27399999999999997;0;?;?;162;?;?
36.0;0.0;1997;654;694;76;0.31;0.389;0.244;0;?;?;162;?;?
2.0;1.0;1996;773;648;96;0.33299999999999996;0.43200000000000005;0.27;1;2.0;2.0;162;?;?
3.0;0.0;1996;949;903;88;0.35;0.47200000000000003;0.27399999999999997;1;6.0;3.0;163;?;?
4.0;0.0;1996;928;921;85;0.359;0.457;0.28300000000000003;0;?;?;162;?;?
5.0;0.0;1996;762;943;70;0.33899999999999997;0.431;0.276;0;?;?;161;?;?
6.0;1.0;1996;772;771;76;0.32;0.401;0.251;0;?;?;162;?;?
7.0;0.0;1996;898;794;85;0.36;0.447;0.281;0;?;?;162;?;?
8.0;1.0;1996;778;773;81;0.331;0.42200000000000004;0.256;0;?;?;162;?;?
9.0;0.0;1996;952;769;99;0.369;0.475;0.293;1;1.0;4.0;161;?;?
10.0;1.0;1996;961;964;83;0.355;0.47200000000000003;0.287;0;?;?;162;?;?
11.0;0.0;1996;783;1103;53;0.32299999999999995;0.42;0.256;0;?;?;162;?;?
12.0;1.0;1996;688;703;80;0.32899999999999996;0.39299999999999996;0.257;0;?;?;162;?;?
13.0;1.0;1996;753;792;82;0.336;0.397;0.262;0;?;?;162;?;?
15.0;0.0;1996;746;786;75;0.332;0.39799999999999996;0.267;0;?;?;161;?;?
17.0;1.0;1996;703;652;90;0.316;0.384;0.252;1;5.0;4.0;162;?;?
19.0;0.0;1996;894;899;80;0.353;0.441;0.27899999999999997;0;?;?;162;?;?
20.0;0.0;1996;877;900;78;0.35700000000000004;0.425;0.28800000000000003;0;?;?;162;?;?
22.0;1.0;1996;741;668;88;0.327;0.406;0.262;0;?;?;162;?;?
23.0;1.0;1996;746;779;71;0.324;0.41200000000000003;0.27;0;?;?;162;?;?
24.0;0.0;1996;871;787;92;0.36;0.436;0.28800000000000003;1;3.0;1.0;162;?;?
25.0;0.0;1996;861;900;78;0.344;0.452;0.265;0;?;?;162;?;?
26.0;1.0;1996;650;790;67;0.325;0.387;0.256;0;?;?;162;?;?
27.0;1.0;1996;776;833;73;0.32899999999999996;0.40700000000000003;0.266;0;?;?;162;?;?
28.0;1.0;1996;771;682;91;0.33799999999999997;0.402;0.265;1;4.0;4.0;162;?;?
29.0;0.0;1996;993;895;85;0.366;0.484;0.287;0;?;?;161;?;?
31.0;1.0;1996;752;862;68;0.331;0.38799999999999996;0.253;0;?;?;162;?;?
32.0;1.0;1996;759;706;88;0.33;0.40700000000000003;0.267;1;6.0;3.0;162;?;?
35.0;0.0;1996;928;799;90;0.358;0.469;0.284;1;5.0;4.0;163;?;?
36.0;0.0;1996;766;809;74;0.331;0.42;0.259;0;?;?;162;?;?
2.0;1.0;1993;767;559;104;0.331;0.408;0.262;1;1.0;3.0;162;?;?
3.0;0.0;1993;786;745;85;0.34600000000000003;0.413;0.267;0;?;?;162;?;?
4.0;0.0;1993;686;698;80;0.33;0.395;0.264;0;?;?;162;?;?
5.0;0.0;1993;684;770;71;0.331;0.38;0.26;0;?;?;162;?;?
6.0;1.0;1993;738;739;84;0.325;0.414;0.27;0;?;?;163;?;?
7.0;0.0;1993;776;664;94;0.33799999999999997;0.41100000000000003;0.265;1;4.0;3.0;162;?;?
8.0;1.0;1993;722;785;73;0.324;0.396;0.264;0;?;?;162;?;?
9.0;0.0;1993;790;813;76;0.335;0.409;0.275;0;?;?;162;?;?
10.0;1.0;1993;758;967;67;0.32299999999999995;0.42200000000000004;0.273;0;?;?;162;?;?
11.0;0.0;1993;899;837;85;0.36200000000000004;0.434;0.275;0;?;?;162;?;?
12.0;1.0;1993;581;724;64;0.314;0.34600000000000003;0.248;0;?;?;162;?;?
13.0;1.0;1993;716;630;85;0.33;0.409;0.267;0;?;?;162;?;?
15.0;0.0;1993;675;694;84;0.32;0.397;0.263;0;?;?;162;?;?
17.0;1.0;1993;675;662;81;0.321;0.38299999999999995;0.261;0;?;?;162;?;?
19.0;0.0;1993;733;792;69;0.32799999999999996;0.37799999999999995;0.258;0;?;?;162;?;?
20.0;0.0;1993;693;830;71;0.327;0.385;0.264;0;?;?;162;?;?
22.0;1.0;1993;732;682;94;0.326;0.386;0.257;0;?;?;163;?;?
23.0;1.0;1993;672;744;59;0.305;0.39;0.248;0;?;?;162;?;?
24.0;0.0;1993;821;761;88;0.353;0.435;0.27899999999999997;0;?;?;162;?;?
25.0;0.0;1993;715;846;68;0.33;0.39399999999999996;0.254;0;?;?;162;?;?
26.0;1.0;1993;877;740;97;0.35100000000000003;0.426;0.27399999999999997;1;2.0;2.0;162;?;?
27.0;1.0;1993;707;806;75;0.335;0.39299999999999996;0.267;0;?;?;162;?;?
28.0;1.0;1993;679;772;61;0.312;0.389;0.252;0;?;?;162;?;?
29.0;0.0;1993;734;731;82;0.33899999999999997;0.406;0.26;0;?;?;162;?;?
31.0;1.0;1993;808;636;103;0.34;0.42700000000000005;0.276;0;?;?;162;?;?
32.0;1.0;1993;758;744;87;0.341;0.395;0.272;0;?;?;162;?;?
35.0;0.0;1993;835;751;86;0.32899999999999996;0.431;0.267;0;?;?;162;?;?
36.0;0.0;1993;847;742;95;0.35;0.436;0.27899999999999997;1;3.0;1.0;162;?;?
2.0;1.0;1992;682;569;98;0.316;0.38799999999999996;0.254;1;1.0;2.0;162;?;?
3.0;0.0;1992;705;656;89;0.34;0.39799999999999996;0.259;0;?;?;162;?;?
4.0;0.0;1992;599;669;73;0.321;0.34700000000000003;0.24600000000000002;0;?;?;162;?;?
5.0;0.0;1992;579;671;72;0.301;0.33799999999999997;0.243;0;?;?;162;?;?
6.0;1.0;1992;593;624;78;0.307;0.364;0.254;0;?;?;162;?;?
7.0;0.0;1992;738;690;86;0.336;0.38299999999999995;0.261;0;?;?;162;?;?
8.0;1.0;1992;660;609;90;0.32799999999999996;0.382;0.26;0;?;?;162;?;?
9.0;0.0;1992;674;746;76;0.32299999999999995;0.38299999999999995;0.266;0;?;?;162;?;?
11.0;0.0;1992;791;794;75;0.337;0.40700000000000003;0.256;0;?;?;162;?;?
13.0;1.0;1992;608;668;81;0.313;0.359;0.24600000000000002;0;?;?;162;?;?
15.0;0.0;1992;610;667;72;0.315;0.364;0.256;0;?;?;162;?;?
17.0;1.0;1992;548;636;63;0.313;0.33899999999999997;0.248;0;?;?;162;?;?
19.0;0.0;1992;740;604;92;0.33;0.375;0.268;0;?;?;162;?;?
20.0;0.0;1992;747;653;90;0.341;0.391;0.27699999999999997;0;?;?;162;?;?
22.0;1.0;1992;648;581;87;0.313;0.37;0.252;0;?;?;162;?;?
23.0;1.0;1992;599;653;72;0.31;0.342;0.235;0;?;?;162;?;?
24.0;0.0;1992;733;746;76;0.32799999999999996;0.406;0.261;0;?;?;162;?;?
25.0;0.0;1992;745;672;96;0.34600000000000003;0.386;0.258;1;2.0;3.0;162;?;?
26.0;1.0;1992;686;717;70;0.32;0.377;0.253;0;?;?;162;?;?
27.0;1.0;1992;693;595;96;0.324;0.381;0.255;1;2.0;3.0;162;?;?
28.0;1.0;1992;617;636;82;0.313;0.386;0.255;0;?;?;162;?;?
29.0;0.0;1992;679;799;64;0.32299999999999995;0.402;0.263;0;?;?;162;?;?
31.0;1.0;1992;574;647;72;0.302;0.355;0.244;0;?;?;162;?;?
32.0;1.0;1992;631;604;83;0.32299999999999995;0.375;0.262;0;?;?;162;?;?
35.0;0.0;1992;682;753;77;0.321;0.39299999999999996;0.25;0;?;?;162;?;?
36.0;0.0;1992;780;682;96;0.33299999999999996;0.414;0.263;1;2.0;1.0;162;?;?
2.0;1.0;1991;749;644;94;0.32799999999999996;0.39299999999999996;0.258;1;3.0;2.0;162;?;?
3.0;0.0;1991;686;796;67;0.319;0.401;0.254;0;?;?;162;?;?
4.0;0.0;1991;731;712;84;0.34;0.401;0.26899999999999996;0;?;?;162;?;?
5.0;0.0;1991;653;649;81;0.314;0.374;0.255;0;?;?;162;?;?
6.0;1.0;1991;695;734;77;0.309;0.39;0.253;0;?;?;160;?;?
7.0;0.0;1991;758;681;87;0.336;0.391;0.262;0;?;?;162;?;?
8.0;1.0;1991;689;691;74;0.32;0.40299999999999997;0.258;0;?;?;162;?;?
9.0;0.0;1991;576;759;57;0.313;0.35;0.254;0;?;?;162;?;?
11.0;0.0;1991;817;794;84;0.33299999999999996;0.41600000000000004;0.247;0;?;?;162;?;?
13.0;1.0;1991;605;717;65;0.309;0.34700000000000003;0.244;0;?;?;162;?;?
15.0;0.0;1991;727;722;82;0.32799999999999996;0.39399999999999996;0.264;0;?;?;162;?;?
17.0;1.0;1991;665;565;93;0.326;0.359;0.253;0;?;?;162;?;?
19.0;0.0;1991;799;744;83;0.336;0.396;0.271;0;?;?;162;?;?
20.0;0.0;1991;776;652;95;0.344;0.42;0.28;1;2.0;1.0;162;?;?
22.0;1.0;1991;579;655;71;0.308;0.35700000000000004;0.24600000000000002;0;?;?;161;?;?
23.0;1.0;1991;640;646;77;0.317;0.365;0.244;0;?;?;161;?;?
24.0;0.0;1991;674;777;71;0.316;0.387;0.256;0;?;?;162;?;?
25.0;0.0;1991;760;776;84;0.331;0.389;0.248;0;?;?;162;?;?
26.0;1.0;1991;629;680;78;0.303;0.358;0.24100000000000002;0;?;?;162;?;?
27.0;1.0;1991;768;632;98;0.33799999999999997;0.39799999999999996;0.263;1;1.0;3.0;162;?;?
28.0;1.0;1991;636;646;84;0.31;0.36200000000000004;0.244;0;?;?;162;?;?
29.0;0.0;1991;702;674;83;0.32799999999999996;0.38299999999999995;0.255;0;?;?;162;?;?
31.0;1.0;1991;649;697;75;0.309;0.381;0.24600000000000002;0;?;?;162;?;?
32.0;1.0;1991;651;648;84;0.322;0.35700000000000004;0.255;0;?;?;162;?;?
35.0;0.0;1991;829;814;85;0.341;0.424;0.27;0;?;?;162;?;?
36.0;0.0;1991;684;622;91;0.322;0.4;0.257;1;4.0;3.0;162;?;?
2.0;1.0;1990;682;821;65;0.311;0.396;0.25;0;?;?;162;?;?
3.0;0.0;1990;669;698;76;0.33;0.37;0.245;0;?;?;161;?;?
4.0;0.0;1990;699;664;88;0.344;0.395;0.272;1;4.0;3.0;162;?;?
5.0;0.0;1990;690;706;80;0.32899999999999996;0.391;0.26;0;?;?;162;?;?
6.0;1.0;1990;690;774;77;0.314;0.392;0.263;0;?;?;162;?;?
7.0;0.0;1990;682;633;94;0.32;0.379;0.258;0;?;?;162;?;?
8.0;1.0;1990;693;597;91;0.325;0.39899999999999997;0.265;1;3.0;1.0;162;?;?
9.0;0.0;1990;732;737;77;0.324;0.391;0.267;0;?;?;162;?;?
11.0;0.0;1990;750;754;79;0.337;0.409;0.259;0;?;?;162;?;?
13.0;1.0;1990;573;656;75;0.313;0.345;0.242;0;?;?;162;?;?
15.0;0.0;1990;707;709;75;0.32799999999999996;0.395;0.267;0;?;?;161;?;?
17.0;1.0;1990;728;685;86;0.32799999999999996;0.382;0.262;0;?;?;162;?;?
19.0;0.0;1990;732;760;74;0.32;0.384;0.256;0;?;?;162;?;?
20.0;0.0;1990;666;729;74;0.324;0.385;0.265;0;?;?;162;?;?
22.0;1.0;1990;662;598;85;0.322;0.37;0.25;0;?;?;162;?;?
23.0;1.0;1990;775;613;91;0.32299999999999995;0.408;0.256;0;?;?;162;?;?
24.0;0.0;1990;603;749;67;0.3;0.366;0.24100000000000002;0;?;?;162;?;?
25.0;0.0;1990;733;570;103;0.336;0.391;0.254;1;1.0;2.0;162;?;?
26.0;1.0;1990;646;729;77;0.327;0.363;0.255;0;?;?;162;?;?
27.0;1.0;1990;733;619;95;0.33;0.405;0.259;1;2.0;3.0;162;?;?
28.0;1.0;1990;673;673;75;0.32;0.38;0.257;0;?;?;162;?;?
29.0;0.0;1990;640;680;77;0.33299999999999996;0.373;0.259;0;?;?;162;?;?
31.0;1.0;1990;719;710;85;0.32299999999999995;0.396;0.262;0;?;?;162;?;?
32.0;1.0;1990;599;698;70;0.32;0.358;0.256;0;?;?;162;?;?
35.0;0.0;1990;676;696;83;0.331;0.376;0.259;0;?;?;162;?;?
36.0;0.0;1990;767;661;86;0.32799999999999996;0.419;0.265;0;?;?;162;?;?
2.0;1.0;1989;584;680;63;0.298;0.35;0.23399999999999999;0;?;?;161;?;?
3.0;0.0;1989;708;686;87;0.326;0.379;0.252;0;?;?;162;?;?
4.0;0.0;1989;774;735;83;0.35100000000000003;0.40299999999999997;0.27699999999999997;0;?;?;162;?;?
5.0;0.0;1989;669;578;91;0.311;0.386;0.256;0;?;?;162;?;?
6.0;1.0;1989;702;623;93;0.319;0.387;0.261;1;2.0;3.0;162;?;?
7.0;0.0;1989;693;750;69;0.32799999999999996;0.38299999999999995;0.271;0;?;?;161;?;?
8.0;1.0;1989;632;691;75;0.309;0.37;0.247;0;?;?;162;?;?
9.0;0.0;1989;604;654;73;0.31;0.365;0.245;0;?;?;162;?;?
11.0;0.0;1989;617;816;59;0.318;0.35100000000000003;0.242;0;?;?;162;?;?
13.0;1.0;1989;647;669;86;0.306;0.345;0.239;0;?;?;162;?;?
15.0;0.0;1989;690;635;92;0.32899999999999996;0.373;0.261;0;?;?;162;?;?
17.0;1.0;1989;554;536;77;0.306;0.33899999999999997;0.24;0;?;?;160;?;?
19.0;0.0;1989;707;679;81;0.318;0.382;0.259;0;?;?;162;?;?
20.0;0.0;1989;740;738;80;0.33399999999999996;0.402;0.276;0;?;?;162;?;?
22.0;1.0;1989;632;630;81;0.319;0.361;0.247;0;?;?;162;?;?
23.0;1.0;1989;683;595;87;0.311;0.385;0.24600000000000002;0;?;?;162;?;?
24.0;0.0;1989;698;792;74;0.331;0.391;0.26899999999999996;0;?;?;161;?;?
25.0;0.0;1989;712;576;99;0.331;0.381;0.261;1;1.0;1.0;162;?;?
26.0;1.0;1989;629;735;67;0.314;0.364;0.243;0;?;?;163;?;?
27.0;1.0;1989;637;680;74;0.311;0.359;0.24100000000000002;0;?;?;164;?;?
28.0;1.0;1989;642;626;89;0.319;0.369;0.251;0;?;?;162;?;?
29.0;0.0;1989;694;728;73;0.32;0.384;0.257;0;?;?;162;?;?
31.0;1.0;1989;699;600;92;0.316;0.39;0.25;1;3.0;2.0;162;?;?
32.0;1.0;1989;632;608;86;0.321;0.363;0.258;0;?;?;164;?;?
35.0;0.0;1989;695;714;83;0.326;0.39399999999999996;0.263;0;?;?;162;?;?
36.0;0.0;1989;731;651;89;0.32299999999999995;0.39799999999999996;0.26;1;4.0;3.0;162;?;?
2.0;1.0;1988;555;741;54;0.298;0.348;0.242;0;?;?;160;?;?
3.0;0.0;1988;550;789;54;0.305;0.359;0.23800000000000002;0;?;?;161;?;?
4.0;0.0;1988;813;689;89;0.35700000000000004;0.42;0.28300000000000003;1;4.0;3.0;162;?;?
5.0;0.0;1988;714;771;75;0.321;0.385;0.261;0;?;?;162;?;?
6.0;1.0;1988;660;694;77;0.31;0.38299999999999995;0.261;0;?;?;163;?;?
7.0;0.0;1988;631;757;71;0.303;0.37;0.244;0;?;?;161;?;?
8.0;1.0;1988;641;596;87;0.309;0.368;0.24600000000000002;0;?;?;161;?;?
9.0;0.0;1988;666;731;78;0.314;0.387;0.261;0;?;?;162;?;?
11.0;0.0;1988;703;658;88;0.324;0.37799999999999995;0.25;0;?;?;162;?;?
13.0;1.0;1988;617;631;82;0.306;0.35100000000000003;0.244;0;?;?;162;?;?
15.0;0.0;1988;704;648;84;0.321;0.391;0.259;0;?;?;161;?;?
17.0;1.0;1988;628;544;94;0.305;0.35200000000000004;0.248;1;3.0;1.0;162;?;?
19.0;0.0;1988;682;616;87;0.314;0.375;0.257;0;?;?;162;?;?
20.0;0.0;1988;759;672;91;0.34;0.42100000000000004;0.27399999999999997;0;?;?;162;?;?
22.0;1.0;1988;628;592;81;0.309;0.373;0.251;0;?;?;163;?;?
23.0;1.0;1988;703;532;100;0.325;0.396;0.256;1;2.0;3.0;160;?;?
24.0;0.0;1988;772;748;85;0.33299999999999996;0.395;0.263;0;?;?;161;?;?
25.0;0.0;1988;800;620;104;0.336;0.39899999999999997;0.263;1;1.0;2.0;162;?;?
26.0;1.0;1988;597;734;65;0.306;0.355;0.239;0;?;?;162;?;?
27.0;1.0;1988;651;616;85;0.317;0.369;0.247;0;?;?;160;?;?
28.0;1.0;1988;594;583;83;0.31;0.35100000000000003;0.247;0;?;?;161;?;?
29.0;0.0;1988;664;744;68;0.317;0.39799999999999996;0.257;0;?;?;161;?;?
31.0;1.0;1988;670;626;83;0.318;0.368;0.248;0;?;?;162;?;?
32.0;1.0;1988;578;633;76;0.309;0.337;0.249;0;?;?;162;?;?
35.0;0.0;1988;637;735;70;0.32;0.368;0.252;0;?;?;161;?;?
36.0;0.0;1988;763;680;87;0.332;0.419;0.268;0;?;?;162;?;?
2.0;1.0;1987;747;829;69;0.33899999999999997;0.40299999999999997;0.258;0;?;?;161;?;?
3.0;0.0;1987;729;880;67;0.322;0.418;0.258;0;?;?;162;?;?
4.0;0.0;1987;842;825;78;0.35200000000000004;0.43;0.278;0;?;?;162;?;?
5.0;0.0;1987;770;803;75;0.326;0.401;0.252;0;?;?;162;?;?
6.0;1.0;1987;720;801;76;0.326;0.43200000000000005;0.264;0;?;?;161;?;?
7.0;0.0;1987;748;746;77;0.319;0.415;0.258;0;?;?;162;?;?
8.0;1.0;1987;783;752;84;0.33;0.42700000000000005;0.266;0;?;?;162;?;?
9.0;0.0;1987;742;957;61;0.324;0.42200000000000004;0.263;0;?;?;162;?;?
11.0;0.0;1987;896;735;98;0.349;0.451;0.272;1;1.0;3.0;162;?;?
13.0;1.0;1987;648;678;76;0.318;0.373;0.253;0;?;?;162;?;?
15.0;0.0;1987;715;691;83;0.32799999999999996;0.41200000000000003;0.262;0;?;?;162;?;?
17.0;1.0;1987;635;675;73;0.309;0.371;0.252;0;?;?;162;?;?
19.0;0.0;1987;862;817;91;0.34600000000000003;0.428;0.276;0;?;?;162;?;?
20.0;0.0;1987;786;806;85;0.32799999999999996;0.43;0.261;1;4.0;1.0;162;?;?
22.0;1.0;1987;741;720;91;0.32799999999999996;0.401;0.265;0;?;?;162;?;?
23.0;1.0;1987;823;698;92;0.33899999999999997;0.434;0.268;0;?;?;162;?;?
24.0;0.0;1987;788;758;89;0.336;0.418;0.262;0;?;?;162;?;?
25.0;0.0;1987;806;789;81;0.33299999999999996;0.428;0.26;0;?;?;162;?;?
26.0;1.0;1987;702;749;80;0.327;0.41;0.254;0;?;?;162;?;?
27.0;1.0;1987;723;744;80;0.33;0.40299999999999997;0.264;0;?;?;162;?;?
28.0;1.0;1987;668;763;65;0.332;0.37799999999999995;0.26;0;?;?;162;?;?
29.0;0.0;1987;760;801;78;0.335;0.428;0.272;0;?;?;162;?;?
31.0;1.0;1987;783;669;90;0.324;0.43;0.26;1;3.0;3.0;162;?;?
32.0;1.0;1987;798;693;95;0.34;0.37799999999999995;0.263;1;2.0;2.0;162;?;?
35.0;0.0;1987;823;849;75;0.33299999999999996;0.43;0.266;0;?;?;162;?;?
36.0;0.0;1987;845;655;96;0.336;0.446;0.26899999999999996;0;?;?;162;?;?
2.0;1.0;1986;615;719;72;0.319;0.381;0.25;0;?;?;161;?;?
3.0;0.0;1986;708;760;73;0.327;0.395;0.258;0;?;?;162;?;?
4.0;0.0;1986;794;696;95;0.34600000000000003;0.415;0.271;1;3.0;2.0;161;?;?
5.0;0.0;1986;786;684;92;0.33799999999999997;0.40399999999999997;0.255;1;4.0;3.0;162;?;?
6.0;1.0;1986;680;781;70;0.318;0.39799999999999996;0.256;0;?;?;160;?;?
7.0;0.0;1986;644;699;72;0.31;0.363;0.247;0;?;?;162;?;?
8.0;1.0;1986;732;717;86;0.325;0.387;0.254;0;?;?;162;?;?
9.0;0.0;1986;831;841;84;0.337;0.43;0.284;0;?;?;163;?;?
11.0;0.0;1986;798;714;87;0.33799999999999997;0.424;0.263;0;?;?;162;?;?
13.0;1.0;1986;654;569;96;0.322;0.381;0.255;1;2.0;3.0;162;?;?
15.0;0.0;1986;654;673;76;0.313;0.39;0.252;0;?;?;162;?;?
17.0;1.0;1986;638;679;73;0.313;0.37;0.251;0;?;?;162;?;?
19.0;0.0;1986;667;734;77;0.321;0.385;0.255;0;?;?;161;?;?
20.0;0.0;1986;741;839;71;0.325;0.428;0.261;0;?;?;162;?;?
22.0;1.0;1986;637;688;78;0.322;0.379;0.254;0;?;?;161;?;?
23.0;1.0;1986;783;578;108;0.33899999999999997;0.401;0.263;1;1.0;1.0;162;?;?
24.0;0.0;1986;797;738;90;0.34700000000000003;0.43;0.271;0;?;?;162;?;?
25.0;0.0;1986;731;760;76;0.322;0.39;0.252;0;?;?;162;?;?
26.0;1.0;1986;739;713;86;0.327;0.4;0.253;0;?;?;161;?;?
27.0;1.0;1986;663;700;64;0.321;0.374;0.25;0;?;?;162;?;?
28.0;1.0;1986;656;723;74;0.321;0.38799999999999996;0.261;0;?;?;162;?;?
29.0;0.0;1986;718;835;67;0.326;0.39899999999999997;0.253;0;?;?;162;?;?
31.0;1.0;1986;698;618;83;0.322;0.375;0.253;0;?;?;162;?;?
32.0;1.0;1986;601;611;79;0.309;0.327;0.23600000000000002;0;?;?;161;?;?
35.0;0.0;1986;771;743;87;0.331;0.428;0.267;0;?;?;162;?;?
36.0;0.0;1986;809;733;86;0.32899999999999996;0.42700000000000005;0.26899999999999996;0;?;?;163;?;?
2.0;1.0;1985;632;781;66;0.315;0.363;0.24600000000000002;0;?;?;162;?;?
3.0;0.0;1985;818;764;83;0.336;0.43;0.263;0;?;?;161;?;?
4.0;0.0;1985;800;720;81;0.34700000000000003;0.429;0.282;0;?;?;163;?;?
5.0;0.0;1985;732;703;90;0.33299999999999996;0.386;0.251;0;?;?;162;?;?
6.0;1.0;1985;686;729;77;0.324;0.39;0.254;0;?;?;162;?;?
7.0;0.0;1985;736;720;85;0.315;0.392;0.253;0;?;?;163;?;?
8.0;1.0;1985;677;666;89;0.327;0.376;0.255;0;?;?;162;?;?
9.0;0.0;1985;729;861;60;0.324;0.385;0.265;0;?;?;162;?;?
11.0;0.0;1985;729;688;84;0.318;0.424;0.253;0;?;?;161;?;?
13.0;1.0;1985;706;691;83;0.319;0.38799999999999996;0.261;0;?;?;162;?;?
15.0;0.0;1985;687;639;91;0.313;0.401;0.252;1;4.0;1.0;162;?;?
17.0;1.0;1985;682;579;95;0.32799999999999996;0.382;0.261;1;3.0;3.0;162;?;?
19.0;0.0;1985;690;802;71;0.319;0.379;0.263;0;?;?;161;?;?
20.0;0.0;1985;705;782;77;0.326;0.40700000000000003;0.264;0;?;?;162;?;?
22.0;1.0;1985;633;636;84;0.31;0.375;0.247;0;?;?;161;?;?
23.0;1.0;1985;695;568;98;0.32299999999999995;0.385;0.257;0;?;?;162;?;?
24.0;0.0;1985;839;660;97;0.344;0.425;0.267;0;?;?;161;?;?
25.0;0.0;1985;757;787;77;0.325;0.401;0.264;0;?;?;162;?;?
26.0;1.0;1985;667;673;75;0.312;0.38299999999999995;0.245;0;?;?;162;?;?
27.0;1.0;1985;568;708;57;0.311;0.34700000000000003;0.247;0;?;?;161;?;?
28.0;1.0;1985;650;622;83;0.32;0.368;0.255;0;?;?;162;?;?
29.0;0.0;1985;719;818;74;0.326;0.41200000000000003;0.255;0;?;?;162;?;?
31.0;1.0;1985;556;674;62;0.299;0.348;0.233;0;?;?;162;?;?
32.0;1.0;1985;747;572;101;0.335;0.379;0.264;1;1.0;2.0;162;?;?
35.0;0.0;1985;617;785;62;0.322;0.381;0.253;0;?;?;161;?;?
36.0;0.0;1985;759;588;99;0.331;0.425;0.26899999999999996;1;2.0;3.0;161;?;?
2.0;1.0;1984;632;655;80;0.317;0.361;0.247;0;?;?;162;?;?
3.0;0.0;1984;681;667;85;0.32799999999999996;0.391;0.252;0;?;?;162;?;?
4.0;0.0;1984;810;764;86;0.341;0.441;0.28300000000000003;0;?;?;162;?;?
5.0;0.0;1984;696;697;81;0.319;0.381;0.249;0;?;?;162;?;?
6.0;1.0;1984;762;658;96;0.331;0.397;0.26;1;2.0;3.0;161;?;?
7.0;0.0;1984;679;736;74;0.314;0.395;0.247;0;?;?;162;?;?
8.0;1.0;1984;627;747;70;0.313;0.35600000000000004;0.244;0;?;?;162;?;?
9.0;0.0;1984;761;766;75;0.335;0.384;0.265;0;?;?;163;?;?
11.0;0.0;1984;829;643;104;0.342;0.43200000000000005;0.271;1;1.0;1.0;162;?;?
13.0;1.0;1984;693;630;80;0.32299999999999995;0.371;0.264;0;?;?;162;?;?
15.0;0.0;1984;673;686;84;0.317;0.39899999999999997;0.268;1;4.0;3.0;162;?;?
17.0;1.0;1984;580;600;79;0.306;0.348;0.244;0;?;?;162;?;?
19.0;0.0;1984;641;734;67;0.317;0.37;0.262;0;?;?;161;?;?
20.0;0.0;1984;673;675;81;0.318;0.385;0.265;0;?;?;162;?;?
22.0;1.0;1984;593;585;78;0.312;0.36200000000000004;0.251;0;?;?;161;?;?
23.0;1.0;1984;652;676;90;0.32;0.369;0.257;0;?;?;162;?;?
24.0;0.0;1984;758;679;87;0.33899999999999997;0.40399999999999997;0.276;0;?;?;162;?;?
25.0;0.0;1984;738;796;77;0.327;0.40399999999999997;0.259;0;?;?;162;?;?
26.0;1.0;1984;720;690;81;0.33299999999999996;0.40700000000000003;0.266;0;?;?;162;?;?
27.0;1.0;1984;615;567;75;0.31;0.363;0.255;0;?;?;162;?;?
28.0;1.0;1984;686;634;92;0.317;0.371;0.259;1;3.0;2.0;162;?;?
29.0;0.0;1984;682;774;74;0.324;0.384;0.258;0;?;?;162;?;?
31.0;1.0;1984;682;807;66;0.32799999999999996;0.375;0.265;0;?;?;162;?;?
32.0;1.0;1984;652;645;84;0.317;0.35100000000000003;0.252;0;?;?;162;?;?
35.0;0.0;1984;656;714;69;0.313;0.377;0.261;0;?;?;161;?;?
36.0;0.0;1984;750;696;89;0.331;0.42100000000000004;0.273;0;?;?;163;?;?
2.0;1.0;1983;746;640;88;0.341;0.4;0.272;0;?;?;162;?;?
3.0;0.0;1983;799;652;98;0.34;0.42100000000000004;0.26899999999999996;1;2.0;1.0;162;?;?
4.0;0.0;1983;724;775;78;0.335;0.409;0.27;0;?;?;162;?;?
5.0;0.0;1983;722;779;70;0.322;0.39299999999999996;0.26;0;?;?;162;?;?
6.0;1.0;1983;701;719;71;0.319;0.401;0.261;0;?;?;162;?;?
7.0;0.0;1983;800;650;99;0.32899999999999996;0.413;0.262;1;1.0;3.0;162;?;?
8.0;1.0;1983;623;710;74;0.314;0.35600000000000004;0.239;0;?;?;162;?;?
9.0;0.0;1983;704;785;70;0.33799999999999997;0.369;0.265;0;?;?;162;?;?
11.0;0.0;1983;789;679;92;0.335;0.42700000000000005;0.27399999999999997;0;?;?;162;?;?
13.0;1.0;1983;643;646;85;0.32;0.375;0.257;0;?;?;162;?;?
15.0;0.0;1983;696;767;79;0.32;0.397;0.271;0;?;?;163;?;?
17.0;1.0;1983;654;609;91;0.318;0.379;0.25;1;3.0;3.0;163;?;?
19.0;0.0;1983;764;708;87;0.33299999999999996;0.418;0.27699999999999997;0;?;?;162;?;?
20.0;0.0;1983;709;822;70;0.319;0.401;0.261;0;?;?;162;?;?
22.0;1.0;1983;677;646;82;0.326;0.386;0.264;0;?;?;163;?;?
23.0;1.0;1983;575;680;68;0.3;0.344;0.24100000000000002;0;?;?;162;?;?
24.0;0.0;1983;770;703;91;0.337;0.41600000000000004;0.273;0;?;?;162;?;?
25.0;0.0;1983;708;782;74;0.326;0.381;0.262;0;?;?;162;?;?
26.0;1.0;1983;696;635;90;0.32899999999999996;0.373;0.249;1;4.0;2.0;163;?;?
27.0;1.0;1983;659;648;84;0.325;0.38299999999999995;0.264;0;?;?;162;?;?
28.0;1.0;1983;653;653;81;0.311;0.35100000000000003;0.25;0;?;?;163;?;?
29.0;0.0;1983;558;740;60;0.301;0.36;0.24;0;?;?;162;?;?
31.0;1.0;1983;687;697;79;0.325;0.375;0.247;0;?;?;162;?;?
32.0;1.0;1983;679;710;79;0.335;0.384;0.27;0;?;?;162;?;?
35.0;0.0;1983;639;609;77;0.31;0.366;0.255;0;?;?;163;?;?
36.0;0.0;1983;795;726;89;0.33799999999999997;0.436;0.27699999999999997;0;?;?;162;?;?
2.0;1.0;1982;739;702;89;0.325;0.38299999999999995;0.256;1;4.0;3.0;162;?;?
3.0;0.0;1982;774;687;94;0.341;0.419;0.266;0;?;?;163;?;?
4.0;0.0;1982;753;713;89;0.34;0.40700000000000003;0.27399999999999997;0;?;?;162;?;?
5.0;0.0;1982;814;670;93;0.34700000000000003;0.433;0.27399999999999997;1;2.0;3.0;162;?;?
6.0;1.0;1982;676;709;73;0.317;0.375;0.26;0;?;?;162;?;?
7.0;0.0;1982;786;710;87;0.337;0.413;0.273;0;?;?;162;?;?
8.0;1.0;1982;545;661;61;0.31;0.35;0.251;0;?;?;162;?;?
9.0;0.0;1982;683;748;78;0.341;0.373;0.262;0;?;?;162;?;?
11.0;0.0;1982;729;685;83;0.324;0.418;0.266;0;?;?;162;?;?
13.0;1.0;1982;569;620;77;0.302;0.349;0.247;0;?;?;162;?;?
15.0;0.0;1982;784;717;90;0.337;0.428;0.285;0;?;?;162;?;?
17.0;1.0;1982;691;612;88;0.327;0.38799999999999996;0.264;0;?;?;162;?;?
19.0;0.0;1982;891;717;95;0.335;0.455;0.27899999999999997;1;1.0;2.0;163;?;?
20.0;0.0;1982;657;819;60;0.316;0.396;0.257;0;?;?;162;?;?
22.0;1.0;1982;697;616;86;0.325;0.396;0.262;0;?;?;162;?;?
23.0;1.0;1982;609;723;65;0.305;0.35;0.247;0;?;?;162;?;?
24.0;0.0;1982;709;716;79;0.32799999999999996;0.39799999999999996;0.256;0;?;?;162;?;?
25.0;0.0;1982;691;819;68;0.309;0.36700000000000005;0.23600000000000002;0;?;?;162;?;?
26.0;1.0;1982;664;654;89;0.32299999999999995;0.376;0.26;0;?;?;162;?;?
27.0;1.0;1982;724;696;84;0.327;0.408;0.273;0;?;?;162;?;?
28.0;1.0;1982;675;658;81;0.311;0.359;0.257;0;?;?;162;?;?
29.0;0.0;1982;651;712;76;0.311;0.381;0.254;0;?;?;162;?;?
31.0;1.0;1982;673;687;87;0.327;0.376;0.253;0;?;?;162;?;?
32.0;1.0;1982;685;609;92;0.33399999999999996;0.364;0.264;1;3.0;1.0;162;?;?
35.0;0.0;1982;590;749;64;0.308;0.359;0.249;0;?;?;162;?;?
36.0;0.0;1982;651;701;78;0.314;0.38299999999999995;0.262;0;?;?;162;?;?
2.0;1.0;1980;630;660;81;0.307;0.38;0.25;0;?;?;161;?;?
3.0;0.0;1980;805;640;100;0.342;0.413;0.273;0;?;?;162;?;?
4.0;0.0;1980;757;767;83;0.34;0.436;0.28300000000000003;0;?;?;160;?;?
5.0;0.0;1980;698;797;65;0.332;0.37799999999999995;0.265;0;?;?;160;?;?
6.0;1.0;1980;614;728;64;0.309;0.365;0.251;0;?;?;162;?;?
7.0;0.0;1980;587;722;70;0.311;0.37;0.259;0;?;?;162;?;?
8.0;1.0;1980;707;670;89;0.327;0.386;0.262;0;?;?;163;?;?
9.0;0.0;1980;738;807;79;0.35;0.381;0.27699999999999997;0;?;?;160;?;?
11.0;0.0;1980;830;757;84;0.348;0.409;0.273;0;?;?;163;?;?
13.0;1.0;1980;637;589;93;0.326;0.36700000000000005;0.261;1;3.0;3.0;163;?;?
15.0;0.0;1980;809;694;97;0.345;0.413;0.28600000000000003;1;2.0;2.0;162;?;?
17.0;1.0;1980;663;591;92;0.32299999999999995;0.38799999999999996;0.263;0;?;?;163;?;?
19.0;0.0;1980;811;682;86;0.32899999999999996;0.44799999999999995;0.275;0;?;?;162;?;?
20.0;0.0;1980;670;724;77;0.319;0.381;0.265;0;?;?;161;?;?
22.0;1.0;1980;694;629;90;0.324;0.38799999999999996;0.257;0;?;?;162;?;?
23.0;1.0;1980;611;702;67;0.319;0.345;0.257;0;?;?;162;?;?
24.0;0.0;1980;820;662;103;0.34299999999999997;0.425;0.267;1;1.0;3.0;162;?;?
25.0;0.0;1980;686;642;83;0.322;0.385;0.259;0;?;?;162;?;?
26.0;1.0;1980;728;639;91;0.327;0.4;0.27;1;4.0;1.0;162;?;?
27.0;1.0;1980;666;646;83;0.322;0.38799999999999996;0.266;0;?;?;162;?;?
28.0;1.0;1980;591;654;73;0.324;0.342;0.255;0;?;?;163;?;?
29.0;0.0;1980;610;793;59;0.308;0.35600000000000004;0.248;0;?;?;163;?;?
31.0;1.0;1980;573;634;75;0.308;0.342;0.244;0;?;?;161;?;?
32.0;1.0;1980;738;710;74;0.32799999999999996;0.4;0.275;0;?;?;162;?;?
35.0;0.0;1980;756;752;76;0.33899999999999997;0.405;0.284;0;?;?;163;?;?
36.0;0.0;1980;624;762;67;0.309;0.38299999999999995;0.251;0;?;?;162;?;?
2.0;1.0;1979;669;763;66;0.318;0.377;0.256;0;?;?;160;?;?
3.0;0.0;1979;757;582;102;0.336;0.419;0.261;1;1.0;2.0;159;?;?
4.0;0.0;1979;841;711;91;0.344;0.456;0.28300000000000003;0;?;?;160;?;?
5.0;0.0;1979;866;768;88;0.35100000000000003;0.429;0.282;1;4.0;3.0;162;?;?
6.0;1.0;1979;706;707;80;0.32899999999999996;0.40299999999999997;0.26899999999999996;0;?;?;162;?;?
7.0;0.0;1979;730;748;73;0.33299999999999996;0.41;0.275;0;?;?;160;?;?
8.0;1.0;1979;731;644;90;0.33799999999999997;0.396;0.264;1;3.0;3.0;161;?;?
9.0;0.0;1979;760;805;81;0.34;0.384;0.258;0;?;?;161;?;?
11.0;0.0;1979;770;738;84;0.33899999999999997;0.415;0.26899999999999996;0;?;?;161;?;?
13.0;1.0;1979;583;582;89;0.315;0.344;0.256;0;?;?;162;?;?
15.0;0.0;1979;851;816;85;0.34299999999999997;0.42200000000000004;0.282;0;?;?;162;?;?
17.0;1.0;1979;739;717;79;0.331;0.41200000000000003;0.263;0;?;?;162;?;?
19.0;0.0;1979;807;722;95;0.345;0.44799999999999995;0.28;0;?;?;161;?;?
20.0;0.0;1979;764;725;82;0.341;0.402;0.278;0;?;?;162;?;?
22.0;1.0;1979;701;581;95;0.319;0.408;0.264;0;?;?;160;?;?
23.0;1.0;1979;593;706;63;0.313;0.35;0.25;0;?;?;163;?;?
24.0;0.0;1979;734;672;89;0.32799999999999996;0.406;0.266;0;?;?;160;?;?
25.0;0.0;1979;573;860;54;0.302;0.34600000000000003;0.239;0;?;?;162;?;?
26.0;1.0;1979;683;718;84;0.34;0.396;0.266;0;?;?;163;?;?
27.0;1.0;1979;775;643;98;0.33;0.41600000000000004;0.272;1;2.0;1.0;163;?;?
28.0;1.0;1979;603;681;68;0.311;0.348;0.242;0;?;?;161;?;?
29.0;0.0;1979;711;820;67;0.331;0.40399999999999997;0.26899999999999996;0;?;?;162;?;?
31.0;1.0;1979;672;751;71;0.319;0.365;0.24600000000000002;0;?;?;162;?;?
32.0;1.0;1979;731;693;86;0.331;0.401;0.278;0;?;?;163;?;?
35.0;0.0;1979;750;698;83;0.33399999999999996;0.409;0.278;0;?;?;162;?;?
36.0;0.0;1979;613;862;53;0.311;0.363;0.251;0;?;?;162;?;?
2.0;1.0;1978;600;750;69;0.315;0.363;0.244;0;?;?;162;?;?
3.0;0.0;1978;659;633;90;0.326;0.396;0.258;0;?;?;161;?;?
4.0;0.0;1978;796;657;99;0.336;0.424;0.267;0;?;?;163;?;?
5.0;0.0;1978;691;666;87;0.33;0.37;0.259;0;?;?;162;?;?
6.0;1.0;1978;664;724;79;0.331;0.361;0.264;0;?;?;162;?;?
7.0;0.0;1978;634;731;71;0.317;0.379;0.264;0;?;?;161;?;?
8.0;1.0;1978;710;688;92;0.33399999999999996;0.39299999999999996;0.256;0;?;?;161;?;?
9.0;0.0;1978;639;694;69;0.32299999999999995;0.379;0.261;0;?;?;159;?;?
11.0;0.0;1978;714;653;86;0.33899999999999997;0.392;0.271;0;?;?;162;?;?
13.0;1.0;1978;605;634;74;0.313;0.355;0.258;0;?;?;162;?;?
15.0;0.0;1978;743;634;92;0.32899999999999996;0.39899999999999997;0.268;1;3.0;3.0;162;?;?
17.0;1.0;1978;727;573;95;0.33799999999999997;0.402;0.264;1;2.0;2.0;162;?;?
19.0;0.0;1978;804;650;93;0.33899999999999997;0.43200000000000005;0.276;0;?;?;162;?;?
20.0;0.0;1978;666;678;73;0.33899999999999997;0.375;0.267;0;?;?;162;?;?
22.0;1.0;1978;633;611;76;0.306;0.379;0.254;0;?;?;162;?;?
23.0;1.0;1978;607;690;66;0.314;0.35200000000000004;0.245;0;?;?;162;?;?
24.0;0.0;1978;735;582;100;0.32899999999999996;0.38799999999999996;0.267;1;1.0;1.0;163;?;?
25.0;0.0;1978;532;690;69;0.303;0.35100000000000003;0.245;0;?;?;162;?;?
26.0;1.0;1978;708;586;90;0.32799999999999996;0.38799999999999996;0.258;1;4.0;3.0;162;?;?
27.0;1.0;1978;684;637;88;0.32;0.385;0.257;0;?;?;161;?;?
28.0;1.0;1978;591;598;84;0.321;0.348;0.252;0;?;?;162;?;?
29.0;0.0;1978;614;834;56;0.314;0.359;0.248;0;?;?;160;?;?
31.0;1.0;1978;613;594;89;0.318;0.374;0.248;0;?;?;162;?;?
32.0;1.0;1978;600;657;69;0.303;0.358;0.249;0;?;?;162;?;?
35.0;0.0;1978;692;632;87;0.332;0.381;0.253;0;?;?;162;?;?
36.0;0.0;1978;590;775;59;0.308;0.359;0.25;0;?;?;161;?;?
2.0;1.0;1977;678;895;61;0.32;0.376;0.254;0;?;?;162;?;?
3.0;0.0;1977;719;653;97;0.32899999999999996;0.39299999999999996;0.261;0;?;?;161;?;?
4.0;0.0;1977;859;712;97;0.345;0.465;0.281;0;?;?;161;?;?
5.0;0.0;1977;675;695;74;0.324;0.386;0.255;0;?;?;162;?;?
6.0;1.0;1977;692;739;81;0.33;0.387;0.266;0;?;?;162;?;?
7.0;0.0;1977;844;771;90;0.344;0.444;0.278;0;?;?;162;?;?
8.0;1.0;1977;802;725;88;0.345;0.436;0.27399999999999997;0;?;?;162;?;?
9.0;0.0;1977;676;739;71;0.33399999999999996;0.38;0.26899999999999996;0;?;?;161;?;?
11.0;0.0;1977;714;751;74;0.318;0.41;0.264;0;?;?;162;?;?
13.0;1.0;1977;680;650;81;0.32;0.385;0.254;0;?;?;162;?;?
15.0;0.0;1977;822;651;102;0.34;0.436;0.27699999999999997;1;1.0;3.0;162;?;?
17.0;1.0;1977;769;582;98;0.336;0.418;0.266;1;4.0;2.0;162;?;?
19.0;0.0;1977;639;765;67;0.314;0.389;0.258;0;?;?;162;?;?
20.0;0.0;1977;867;776;84;0.348;0.41700000000000004;0.282;0;?;?;161;?;?
22.0;1.0;1977;665;736;75;0.318;0.402;0.26;0;?;?;162;?;?
23.0;1.0;1977;587;663;64;0.313;0.34600000000000003;0.244;0;?;?;162;?;?
24.0;0.0;1977;831;651;100;0.344;0.444;0.281;1;3.0;1.0;162;?;?
25.0;0.0;1977;605;749;63;0.308;0.35200000000000004;0.24;0;?;?;161;?;?
26.0;1.0;1977;847;668;101;0.34600000000000003;0.44799999999999995;0.27899999999999997;1;2.0;3.0;162;?;?
27.0;1.0;1977;734;665;96;0.331;0.413;0.27399999999999997;0;?;?;162;?;?
28.0;1.0;1977;692;834;69;0.324;0.375;0.249;0;?;?;162;?;?
29.0;0.0;1977;624;855;64;0.312;0.381;0.256;0;?;?;162;?;?
31.0;1.0;1977;673;711;75;0.32299999999999995;0.38299999999999995;0.253;0;?;?;162;?;?
32.0;1.0;1977;737;688;83;0.33;0.38799999999999996;0.27;0;?;?;162;?;?
35.0;0.0;1977;767;657;94;0.342;0.405;0.27;0;?;?;162;?;?
36.0;0.0;1977;605;822;54;0.316;0.365;0.252;0;?;?;161;?;?
2.0;1.0;1976;620;700;70;0.32;0.33399999999999996;0.245;0;?;?;162;?;?
3.0;0.0;1976;619;598;88;0.31;0.358;0.243;0;?;?;162;?;?
4.0;0.0;1976;716;660;83;0.324;0.402;0.263;0;?;?;162;?;?
5.0;0.0;1976;550;631;76;0.306;0.318;0.235;0;?;?;162;?;?
6.0;1.0;1976;611;728;75;0.313;0.35600000000000004;0.251;0;?;?;162;?;?
7.0;0.0;1976;586;745;64;0.314;0.349;0.255;0;?;?;161;?;?
8.0;1.0;1976;857;633;102;0.35700000000000004;0.424;0.28;1;1.0;1.0;162;?;?
9.0;0.0;1976;615;615;81;0.321;0.359;0.263;0;?;?;159;?;?
11.0;0.0;1976;609;709;74;0.315;0.365;0.257;0;?;?;161;?;?
13.0;1.0;1976;625;657;80;0.322;0.34700000000000003;0.256;0;?;?;162;?;?
15.0;0.0;1976;713;611;90;0.327;0.371;0.26899999999999996;1;4.0;3.0;162;?;?
17.0;1.0;1976;608;543;92;0.313;0.349;0.251;0;?;?;162;?;?
19.0;0.0;1976;570;655;66;0.311;0.34;0.24600000000000002;0;?;?;161;?;?
20.0;0.0;1976;743;704;85;0.341;0.375;0.27399999999999997;0;?;?;162;?;?
22.0;1.0;1976;531;734;55;0.29100000000000004;0.34;0.235;0;?;?;162;?;?
23.0;1.0;1976;615;538;86;0.319;0.35200000000000004;0.24600000000000002;0;?;?;162;?;?
24.0;0.0;1976;730;575;97;0.32799999999999996;0.389;0.26899999999999996;1;3.0;2.0;159;?;?
25.0;0.0;1976;686;598;87;0.32299999999999995;0.361;0.24600000000000002;0;?;?;161;?;?
26.0;1.0;1976;770;557;101;0.33799999999999997;0.395;0.272;1;2.0;3.0;162;?;?
27.0;1.0;1976;708;630;92;0.321;0.391;0.267;0;?;?;162;?;?
28.0;1.0;1976;570;662;73;0.31;0.337;0.247;0;?;?;162;?;?
31.0;1.0;1976;595;686;74;0.312;0.345;0.24600000000000002;0;?;?;162;?;?
32.0;1.0;1976;629;671;72;0.32299999999999995;0.359;0.26;0;?;?;162;?;?
35.0;0.0;1976;616;652;76;0.321;0.341;0.25;0;?;?;162;?;?
2.0;1.0;1975;583;739;67;0.313;0.34600000000000003;0.244;0;?;?;161;?;?
3.0;0.0;1975;682;553;90;0.326;0.373;0.252;0;?;?;159;?;?
4.0;0.0;1975;796;709;95;0.344;0.41700000000000004;0.275;1;3.0;2.0;160;?;?
5.0;0.0;1975;628;723;72;0.322;0.32799999999999996;0.24600000000000002;0;?;?;161;?;?
6.0;1.0;1975;712;827;75;0.33799999999999997;0.368;0.259;0;?;?;162;?;?
7.0;0.0;1975;655;703;75;0.331;0.358;0.255;0;?;?;161;?;?
8.0;1.0;1975;840;586;108;0.353;0.401;0.271;1;1.0;1.0;162;?;?
9.0;0.0;1975;688;703;79;0.327;0.392;0.261;0;?;?;159;?;?
11.0;0.0;1975;570;786;57;0.301;0.366;0.249;0;?;?;159;?;?
13.0;1.0;1975;664;711;64;0.32;0.359;0.254;0;?;?;162;?;?
15.0;0.0;1975;710;649;91;0.33299999999999996;0.39399999999999996;0.261;0;?;?;162;?;?
17.0;1.0;1975;648;534;88;0.325;0.365;0.248;0;?;?;162;?;?
19.0;0.0;1975;675;792;68;0.32;0.389;0.25;0;?;?;162;?;?
20.0;0.0;1975;724;736;76;0.341;0.386;0.271;0;?;?;159;?;?
22.0;1.0;1975;601;690;75;0.317;0.348;0.244;0;?;?;162;?;?
23.0;1.0;1975;646;625;82;0.319;0.361;0.256;0;?;?;162;?;?
24.0;0.0;1975;681;588;83;0.325;0.382;0.264;0;?;?;160;?;?
25.0;0.0;1975;758;606;98;0.33299999999999996;0.391;0.254;1;2.0;3.0;162;?;?
26.0;1.0;1975;735;694;86;0.342;0.402;0.26899999999999996;0;?;?;162;?;?
27.0;1.0;1975;712;565;92;0.32299999999999995;0.402;0.263;1;4.0;3.0;161;?;?
28.0;1.0;1975;552;683;71;0.31;0.335;0.244;0;?;?;162;?;?
31.0;1.0;1975;659;671;80;0.33299999999999996;0.365;0.259;0;?;?;161;?;?
32.0;1.0;1975;662;689;82;0.327;0.375;0.273;0;?;?;163;?;?
35.0;0.0;1975;714;733;79;0.33;0.371;0.256;0;?;?;162;?;?
2.0;1.0;1974;661;563;88;0.319;0.363;0.249;0;?;?;163;?;?
3.0;0.0;1974;659;612;91;0.322;0.37;0.256;1;2.0;3.0;162;?;?
4.0;0.0;1974;696;661;84;0.33299999999999996;0.377;0.264;0;?;?;162;?;?
5.0;0.0;1974;618;657;68;0.321;0.35600000000000004;0.254;0;?;?;163;?;?
6.0;1.0;1974;669;826;66;0.327;0.365;0.251;0;?;?;162;?;?
7.0;0.0;1974;684;721;80;0.33;0.389;0.268;0;?;?;163;?;?
8.0;1.0;1974;776;631;98;0.34299999999999997;0.39399999999999996;0.26;0;?;?;163;?;?
9.0;0.0;1974;662;694;77;0.311;0.37;0.255;0;?;?;162;?;?
11.0;0.0;1974;620;768;72;0.303;0.366;0.247;0;?;?;162;?;?
13.0;1.0;1974;653;632;81;0.322;0.37799999999999995;0.263;0;?;?;162;?;?
15.0;0.0;1974;667;662;77;0.327;0.364;0.259;0;?;?;162;?;?
17.0;1.0;1974;798;561;102;0.342;0.401;0.272;1;1.0;2.0;162;?;?
19.0;0.0;1974;647;660;76;0.309;0.369;0.244;0;?;?;162;?;?
20.0;0.0;1974;673;669;82;0.336;0.37799999999999995;0.272;0;?;?;163;?;?
22.0;1.0;1974;662;657;79;0.335;0.35;0.254;0;?;?;161;?;?
23.0;1.0;1974;572;646;71;0.311;0.32899999999999996;0.235;0;?;?;162;?;?
24.0;0.0;1974;671;623;89;0.324;0.368;0.263;0;?;?;162;?;?
25.0;0.0;1974;689;551;90;0.321;0.373;0.247;1;3.0;1.0;162;?;?
26.0;1.0;1974;676;701;80;0.32;0.373;0.261;0;?;?;162;?;?
27.0;1.0;1974;751;657;88;0.335;0.391;0.27399999999999997;1;4.0;3.0;162;?;?
28.0;1.0;1974;541;830;60;0.302;0.33;0.22899999999999998;0;?;?;162;?;?
31.0;1.0;1974;634;723;72;0.322;0.358;0.252;0;?;?;162;?;?
32.0;1.0;1974;677;643;86;0.331;0.365;0.265;0;?;?;161;?;?
35.0;0.0;1974;690;698;83;0.336;0.377;0.272;0;?;?;161;?;?
2.0;1.0;1973;799;774;76;0.33899999999999997;0.42700000000000005;0.266;0;?;?;162;?;?
3.0;0.0;1973;754;561;97;0.345;0.389;0.266;1;2.0;3.0;162;?;?
4.0;0.0;1973;738;647;89;0.33799999999999997;0.401;0.267;0;?;?;162;?;?
5.0;0.0;1973;629;657;79;0.318;0.348;0.253;0;?;?;162;?;?
6.0;1.0;1973;614;655;77;0.32;0.35700000000000004;0.247;0;?;?;161;?;?
7.0;0.0;1973;652;705;77;0.324;0.37200000000000005;0.256;0;?;?;162;?;?
8.0;1.0;1973;741;621;99;0.332;0.38299999999999995;0.254;1;1.0;3.0;162;?;?
9.0;0.0;1973;680;826;71;0.315;0.387;0.256;0;?;?;162;?;?
11.0;0.0;1973;642;674;85;0.32;0.39;0.254;0;?;?;162;?;?
13.0;1.0;1973;681;672;82;0.312;0.376;0.251;0;?;?;162;?;?
15.0;0.0;1973;755;752;88;0.33899999999999997;0.381;0.261;0;?;?;162;?;?
17.0;1.0;1973;675;565;95;0.32299999999999995;0.371;0.263;0;?;?;162;?;?
19.0;0.0;1973;708;731;74;0.325;0.38799999999999996;0.253;0;?;?;162;?;?
20.0;0.0;1973;738;692;81;0.342;0.39299999999999996;0.27;0;?;?;162;?;?
22.0;1.0;1973;668;702;79;0.34;0.364;0.251;0;?;?;162;?;?
23.0;1.0;1973;608;588;82;0.315;0.33799999999999997;0.24600000000000002;1;4.0;2.0;161;?;?
24.0;0.0;1973;641;610;80;0.322;0.37799999999999995;0.261;0;?;?;162;?;?
25.0;0.0;1973;758;615;94;0.33299999999999996;0.389;0.26;1;3.0;1.0;162;?;?
26.0;1.0;1973;642;717;71;0.31;0.371;0.249;0;?;?;162;?;?
27.0;1.0;1973;704;693;80;0.315;0.405;0.261;0;?;?;162;?;?
28.0;1.0;1973;548;770;60;0.29600000000000004;0.35100000000000003;0.244;0;?;?;162;?;?
31.0;1.0;1973;739;702;88;0.335;0.40700000000000003;0.262;0;?;?;162;?;?
32.0;1.0;1973;643;603;81;0.325;0.35700000000000004;0.259;0;?;?;162;?;?
35.0;0.0;1973;619;844;57;0.318;0.361;0.255;0;?;?;162;?;?
2.0;1.0;1971;643;699;82;0.312;0.385;0.257;0;?;?;162;?;?
3.0;0.0;1971;742;530;101;0.34700000000000003;0.39799999999999996;0.261;1;1.0;2.0;158;?;?
4.0;0.0;1971;691;667;85;0.322;0.397;0.252;0;?;?;162;?;?
5.0;0.0;1971;511;576;76;0.29;0.32899999999999996;0.231;0;?;?;162;?;?
6.0;1.0;1971;637;648;83;0.325;0.37799999999999995;0.258;0;?;?;162;?;?
7.0;0.0;1971;617;597;79;0.325;0.373;0.25;0;?;?;162;?;?
8.0;1.0;1971;586;581;79;0.3;0.366;0.24100000000000002;0;?;?;162;?;?
9.0;0.0;1971;543;747;60;0.3;0.342;0.23800000000000002;0;?;?;162;?;?
11.0;0.0;1971;701;645;91;0.325;0.405;0.254;0;?;?;162;?;?
13.0;1.0;1971;585;567;79;0.302;0.34;0.24;0;?;?;162;?;?
15.0;0.0;1971;603;566;85;0.313;0.353;0.25;0;?;?;161;?;?
17.0;1.0;1971;663;587;89;0.325;0.37;0.266;0;?;?;162;?;?
19.0;0.0;1971;534;609;69;0.304;0.32899999999999996;0.22899999999999998;0;?;?;161;?;?
20.0;0.0;1971;654;670;74;0.32299999999999995;0.37200000000000005;0.26;0;?;?;160;?;?
22.0;1.0;1971;622;729;71;0.322;0.34299999999999997;0.24600000000000002;0;?;?;162;?;?
23.0;1.0;1971;588;550;83;0.319;0.35100000000000003;0.249;0;?;?;162;?;?
24.0;0.0;1971;648;641;81;0.32799999999999996;0.36;0.254;0;?;?;162;?;?
25.0;0.0;1971;691;564;101;0.321;0.384;0.252;1;1.0;3.0;161;?;?
26.0;1.0;1971;558;688;67;0.298;0.35;0.233;0;?;?;162;?;?
27.0;1.0;1971;788;599;97;0.33;0.41600000000000004;0.27399999999999997;1;2.0;1.0;162;?;?
28.0;1.0;1971;486;610;61;0.293;0.332;0.233;0;?;?;161;?;?
31.0;1.0;1971;706;644;90;0.32899999999999996;0.37799999999999995;0.247;1;3.0;3.0;162;?;?
32.0;1.0;1971;739;699;90;0.33799999999999997;0.385;0.275;0;?;?;163;?;?
37.0;0.0;1971;537;660;63;0.307;0.326;0.23;0;?;?;159;?;?
2.0;1.0;1970;736;772;76;0.33399999999999996;0.40399999999999997;0.27;0;?;?;162;?;?
3.0;0.0;1970;792;574;108;0.344;0.401;0.257;1;1.0;1.0;162;?;?
4.0;0.0;1970;786;722;87;0.335;0.428;0.262;0;?;?;162;?;?
5.0;0.0;1970;631;630;86;0.309;0.363;0.251;0;?;?;162;?;?
6.0;1.0;1970;806;679;84;0.33299999999999996;0.415;0.259;0;?;?;162;?;?
7.0;0.0;1970;633;822;56;0.315;0.36200000000000004;0.253;0;?;?;162;?;?
8.0;1.0;1970;775;681;102;0.336;0.436;0.27;1;2.0;2.0;162;?;?
9.0;0.0;1970;649;675;76;0.314;0.39399999999999996;0.249;0;?;?;162;?;?
11.0;0.0;1970;666;731;79;0.322;0.374;0.23800000000000002;0;?;?;162;?;?
13.0;1.0;1970;744;763;79;0.332;0.391;0.259;0;?;?;162;?;?
15.0;0.0;1970;611;705;65;0.309;0.348;0.244;0;?;?;162;?;?
17.0;1.0;1970;749;684;87;0.33399999999999996;0.382;0.27;0;?;?;161;?;?
19.0;0.0;1970;613;751;65;0.319;0.358;0.242;0;?;?;163;?;?
20.0;0.0;1970;744;605;98;0.327;0.40299999999999997;0.262;1;3.0;3.0;162;?;?
22.0;1.0;1970;687;807;73;0.32299999999999995;0.365;0.237;0;?;?;162;?;?
23.0;1.0;1970;695;630;83;0.33299999999999996;0.37;0.249;0;?;?;162;?;?
24.0;0.0;1970;680;612;93;0.324;0.365;0.251;0;?;?;163;?;?
25.0;0.0;1970;678;593;89;0.325;0.392;0.249;0;?;?;162;?;?
26.0;1.0;1970;594;730;73;0.305;0.35600000000000004;0.23800000000000002;0;?;?;161;?;?
27.0;1.0;1970;729;664;89;0.325;0.406;0.27;1;4.0;3.0;162;?;?
28.0;1.0;1970;681;788;63;0.312;0.391;0.24600000000000002;0;?;?;162;?;?
31.0;1.0;1970;831;826;86;0.35100000000000003;0.409;0.262;0;?;?;162;?;?
32.0;1.0;1970;744;747;76;0.331;0.379;0.263;0;?;?;162;?;?
37.0;0.0;1970;626;689;70;0.321;0.358;0.23800000000000002;0;?;?;162;?;?
2.0;1.0;1969;691;631;93;0.321;0.38;0.258;1;4.0;3.0;162;?;?
3.0;0.0;1969;779;517;109;0.34299999999999997;0.414;0.265;1;1.0;2.0;162;?;?
4.0;0.0;1969;743;736;87;0.33299999999999996;0.415;0.251;0;?;?;162;?;?
5.0;0.0;1969;528;652;71;0.3;0.319;0.23;0;?;?;163;?;?
6.0;1.0;1969;720;611;92;0.32299999999999995;0.384;0.253;0;?;?;163;?;?
7.0;0.0;1969;625;723;68;0.32;0.35700000000000004;0.247;0;?;?;162;?;?
8.0;1.0;1969;798;768;89;0.335;0.42200000000000004;0.27699999999999997;0;?;?;163;?;?
9.0;0.0;1969;573;717;62;0.307;0.345;0.237;0;?;?;161;?;?
11.0;0.0;1969;701;601;90;0.316;0.387;0.242;0;?;?;162;?;?
13.0;1.0;1969;676;668;81;0.33;0.35200000000000004;0.24;0;?;?;162;?;?
15.0;0.0;1969;586;688;69;0.309;0.33799999999999997;0.24;0;?;?;163;?;?
17.0;1.0;1969;645;561;85;0.315;0.359;0.254;0;?;?;162;?;?
20.0;0.0;1969;790;618;97;0.34;0.408;0.268;1;3.0;3.0;162;?;?
22.0;1.0;1969;582;791;52;0.31;0.359;0.24;0;?;?;162;?;?
23.0;1.0;1969;632;541;100;0.311;0.35100000000000003;0.242;1;2.0;1.0;162;?;?
24.0;0.0;1969;562;587;80;0.308;0.344;0.235;0;?;?;162;?;?
25.0;0.0;1969;740;678;88;0.32899999999999996;0.376;0.249;0;?;?;162;?;?
26.0;1.0;1969;645;745;63;0.312;0.37200000000000005;0.24100000000000002;0;?;?;162;?;?
27.0;1.0;1969;725;652;88;0.33399999999999996;0.39799999999999996;0.27699999999999997;0;?;?;162;?;?
28.0;1.0;1969;468;746;52;0.285;0.32899999999999996;0.225;0;?;?;162;?;?
30.0;0.0;1969;639;799;64;0.316;0.34600000000000003;0.23399999999999999;0;?;?;163;?;?
31.0;1.0;1969;713;636;90;0.33399999999999996;0.361;0.242;0;?;?;162;?;?
32.0;1.0;1969;595;540;87;0.316;0.359;0.253;0;?;?;162;?;?
37.0;0.0;1969;694;644;86;0.33;0.37799999999999995;0.251;0;?;?;162;?;?
2.0;1.0;1968;514;549;81;0.307;0.33899999999999997;0.252;0;?;?;163;?;?
3.0;0.0;1968;579;497;91;0.304;0.35200000000000004;0.225;0;?;?;162;?;?
4.0;0.0;1968;614;611;86;0.313;0.35200000000000004;0.23600000000000002;0;?;?;162;?;?
5.0;0.0;1968;498;615;67;0.29100000000000004;0.318;0.22699999999999998;0;?;?;162;?;?
6.0;1.0;1968;612;611;84;0.298;0.366;0.242;0;?;?;163;?;?
7.0;0.0;1968;463;527;67;0.284;0.311;0.228;0;?;?;162;?;?
8.0;1.0;1968;690;673;83;0.32;0.389;0.273;0;?;?;163;?;?
9.0;0.0;1968;516;504;86;0.293;0.327;0.23399999999999999;0;?;?;162;?;?
11.0;0.0;1968;671;492;103;0.307;0.385;0.235;1;1.0;1.0;164;?;?
13.0;1.0;1968;510;588;72;0.298;0.317;0.231;0;?;?;162;?;?
17.0;1.0;1968;470;509;76;0.289;0.319;0.23;0;?;?;162;?;?
20.0;0.0;1968;562;546;79;0.299;0.35;0.237;0;?;?;162;?;?
23.0;1.0;1968;473;499;73;0.281;0.315;0.228;0;?;?;163;?;?
24.0;0.0;1968;536;531;83;0.292;0.318;0.214;0;?;?;164;?;?
25.0;0.0;1968;569;544;82;0.304;0.34299999999999997;0.24;0;?;?;163;?;?
26.0;1.0;1968;543;615;76;0.294;0.33299999999999996;0.233;0;?;?;162;?;?
27.0;1.0;1968;583;532;80;0.306;0.34299999999999997;0.252;0;?;?;163;?;?
31.0;1.0;1968;599;529;88;0.307;0.341;0.239;0;?;?;163;?;?
32.0;1.0;1968;583;472;97;0.298;0.34600000000000003;0.249;1;2.0;2.0;162;?;?
37.0;0.0;1968;524;665;65;0.287;0.336;0.22399999999999998;0;?;?;161;?;?
2.0;1.0;1967;631;640;77;0.307;0.37200000000000005;0.24;0;?;?;162;?;?
3.0;0.0;1967;654;592;76;0.31;0.37200000000000005;0.24;0;?;?;161;?;?
4.0;0.0;1967;722;614;92;0.321;0.395;0.255;1;2.0;2.0;162;?;?
5.0;0.0;1967;567;587;84;0.301;0.349;0.23800000000000002;0;?;?;161;?;?
6.0;1.0;1967;702;624;87;0.316;0.37799999999999995;0.251;0;?;?;162;?;?
7.0;0.0;1967;531;491;89;0.29100000000000004;0.32;0.225;0;?;?;162;?;?
8.0;1.0;1967;604;563;87;0.297;0.37200000000000005;0.248;0;?;?;162;?;?
9.0;0.0;1967;559;613;75;0.293;0.359;0.235;0;?;?;162;?;?
11.0;0.0;1967;683;587;91;0.325;0.376;0.243;0;?;?;163;?;?
13.0;1.0;1967;626;742;69;0.317;0.364;0.249;0;?;?;162;?;?
14.0;0.0;1967;533;660;62;0.29600000000000004;0.33;0.233;0;?;?;161;?;?
17.0;1.0;1967;519;595;73;0.301;0.332;0.23600000000000002;0;?;?;162;?;?
20.0;0.0;1967;671;590;91;0.309;0.369;0.24;0;?;?;164;?;?
23.0;1.0;1967;498;672;61;0.28800000000000003;0.325;0.23800000000000002;0;?;?;162;?;?
24.0;0.0;1967;522;621;72;0.29600000000000004;0.317;0.225;0;?;?;163;?;?
26.0;1.0;1967;612;581;82;0.313;0.35700000000000004;0.242;0;?;?;162;?;?
27.0;1.0;1967;679;693;81;0.324;0.38;0.27699999999999997;0;?;?;163;?;?
31.0;1.0;1967;652;551;91;0.313;0.37200000000000005;0.245;0;?;?;162;?;?
32.0;1.0;1967;695;557;101;0.32;0.379;0.263;1;1.0;1.0;161;?;?
37.0;0.0;1967;550;637;76;0.28800000000000003;0.326;0.223;0;?;?;161;?;?
2.0;1.0;1966;782;683;85;0.326;0.424;0.263;0;?;?;163;?;?
3.0;0.0;1966;755;601;97;0.324;0.409;0.258;1;1.0;1.0;160;?;?
4.0;0.0;1966;655;731;72;0.31;0.376;0.24;0;?;?;162;?;?
5.0;0.0;1966;604;643;80;0.303;0.354;0.23199999999999998;0;?;?;162;?;?
6.0;1.0;1966;644;809;59;0.313;0.38;0.254;0;?;?;162;?;?
7.0;0.0;1966;574;517;83;0.297;0.331;0.231;0;?;?;163;?;?
8.0;1.0;1966;692;702;76;0.309;0.395;0.26;0;?;?;160;?;?
9.0;0.0;1966;574;586;81;0.297;0.36;0.237;0;?;?;162;?;?
11.0;0.0;1966;719;698;88;0.321;0.406;0.251;0;?;?;162;?;?
13.0;1.0;1966;612;695;72;0.318;0.365;0.255;0;?;?;163;?;?
14.0;0.0;1966;564;648;74;0.294;0.337;0.23600000000000002;0;?;?;160;?;?
17.0;1.0;1966;606;490;95;0.314;0.36200000000000004;0.256;1;2.0;2.0;162;?;?
20.0;0.0;1966;663;581;89;0.316;0.382;0.249;0;?;?;162;?;?
23.0;1.0;1966;587;761;66;0.301;0.342;0.239;0;?;?;161;?;?
24.0;0.0;1966;611;612;70;0.299;0.374;0.235;0;?;?;160;?;?
26.0;1.0;1966;696;640;87;0.322;0.37799999999999995;0.258;0;?;?;162;?;?
27.0;1.0;1966;759;641;92;0.32899999999999996;0.428;0.27899999999999997;0;?;?;162;?;?
31.0;1.0;1966;675;626;93;0.303;0.392;0.248;0;?;?;161;?;?
32.0;1.0;1966;571;577;83;0.298;0.368;0.251;0;?;?;162;?;?
37.0;0.0;1966;557;659;71;0.295;0.355;0.23399999999999999;0;?;?;159;?;?
3.0;0.0;1965;641;578;94;0.307;0.363;0.23800000000000002;0;?;?;162;?;?
4.0;0.0;1965;669;791;62;0.327;0.4;0.251;0;?;?;162;?;?
5.0;0.0;1965;527;569;75;0.297;0.341;0.239;0;?;?;162;?;?
6.0;1.0;1965;635;723;72;0.307;0.358;0.23800000000000002;0;?;?;164;?;?
7.0;0.0;1965;647;555;95;0.315;0.364;0.24600000000000002;0;?;?;162;?;?
8.0;1.0;1965;825;704;89;0.33899999999999997;0.439;0.273;0;?;?;162;?;?
9.0;0.0;1965;663;613;87;0.315;0.379;0.25;0;?;?;162;?;?
11.0;0.0;1965;680;602;89;0.312;0.374;0.23800000000000002;0;?;?;162;?;?
13.0;1.0;1965;569;711;65;0.305;0.34;0.237;0;?;?;162;?;?
14.0;0.0;1965;585;755;59;0.309;0.358;0.24;0;?;?;162;?;?
17.0;1.0;1965;608;521;97;0.312;0.335;0.245;1;2.0;1.0;162;?;?
20.0;0.0;1965;774;600;102;0.324;0.39899999999999997;0.254;1;1.0;2.0;162;?;?
21.0;1.0;1965;708;633;86;0.31;0.41600000000000004;0.256;0;?;?;162;?;?
23.0;1.0;1965;495;752;50;0.27699999999999997;0.327;0.221;0;?;?;164;?;?
24.0;0.0;1965;611;604;77;0.299;0.364;0.235;0;?;?;162;?;?
26.0;1.0;1965;654;667;85;0.313;0.384;0.25;0;?;?;162;?;?
27.0;1.0;1965;675;580;90;0.317;0.382;0.265;0;?;?;163;?;?
31.0;1.0;1965;682;593;95;0.313;0.385;0.252;0;?;?;163;?;?
32.0;1.0;1965;707;674;80;0.314;0.371;0.254;0;?;?;162;?;?
37.0;0.0;1965;591;721;70;0.304;0.35;0.228;0;?;?;162;?;?
3.0;0.0;1964;679;567;97;0.316;0.387;0.248;0;?;?;163;?;?
4.0;0.0;1964;688;793;72;0.322;0.41600000000000004;0.258;0;?;?;162;?;?
6.0;1.0;1964;649;724;76;0.314;0.39;0.251;0;?;?;162;?;?
7.0;0.0;1964;642;501;98;0.32;0.353;0.247;0;?;?;162;?;?
8.0;1.0;1964;660;566;92;0.308;0.37200000000000005;0.249;0;?;?;163;?;?
9.0;0.0;1964;689;693;79;0.312;0.38;0.247;0;?;?;164;?;?
11.0;0.0;1964;699;678;85;0.319;0.395;0.253;0;?;?;163;?;?
13.0;1.0;1964;495;628;66;0.285;0.315;0.22899999999999998;0;?;?;162;?;?
14.0;0.0;1964;621;836;57;0.311;0.379;0.239;0;?;?;163;?;?
16.0;0.0;1964;544;551;82;0.304;0.344;0.242;0;?;?;162;?;?
17.0;1.0;1964;614;572;80;0.305;0.34;0.25;0;?;?;164;?;?
20.0;0.0;1964;737;678;79;0.322;0.42700000000000005;0.252;0;?;?;163;?;?
21.0;1.0;1964;803;744;88;0.33299999999999996;0.418;0.272;0;?;?;162;?;?
23.0;1.0;1964;569;776;53;0.29600000000000004;0.348;0.24600000000000002;0;?;?;163;?;?
24.0;0.0;1964;730;577;99;0.317;0.387;0.253;1;1.0;2.0;164;?;?
26.0;1.0;1964;693;632;92;0.315;0.391;0.258;0;?;?;162;?;?
27.0;1.0;1964;663;636;80;0.315;0.389;0.264;0;?;?;162;?;?
31.0;1.0;1964;656;587;90;0.31;0.382;0.24600000000000002;0;?;?;162;?;?
32.0;1.0;1964;715;652;93;0.324;0.392;0.272;1;2.0;1.0;162;?;?
37.0;0.0;1964;578;733;62;0.299;0.348;0.231;0;?;?;162;?;?
3.0;0.0;1963;644;621;86;0.31;0.38;0.249;0;?;?;162;?;?
4.0;0.0;1963;666;704;76;0.312;0.4;0.252;0;?;?;161;?;?
6.0;1.0;1963;570;578;82;0.297;0.363;0.23800000000000002;0;?;?;162;?;?
7.0;0.0;1963;683;544;94;0.32299999999999995;0.365;0.25;0;?;?;162;?;?
8.0;1.0;1963;648;594;86;0.31;0.371;0.24600000000000002;0;?;?;162;?;?
9.0;0.0;1963;635;702;79;0.301;0.381;0.239;0;?;?;162;?;?
11.0;0.0;1963;700;703;79;0.327;0.382;0.252;0;?;?;162;?;?
13.0;1.0;1963;464;640;66;0.28300000000000003;0.301;0.22;0;?;?;162;?;?
14.0;0.0;1963;615;704;73;0.313;0.353;0.247;0;?;?;162;?;?
16.0;0.0;1963;597;660;70;0.309;0.354;0.25;0;?;?;161;?;?
17.0;1.0;1963;640;550;99;0.309;0.35700000000000004;0.251;1;2.0;1.0;163;?;?
20.0;0.0;1963;767;602;91;0.325;0.43;0.255;0;?;?;161;?;?
21.0;1.0;1963;677;603;84;0.312;0.37;0.244;0;?;?;163;?;?
23.0;1.0;1963;501;774;51;0.285;0.315;0.21899999999999997;0;?;?;162;?;?
24.0;0.0;1963;714;547;104;0.309;0.40299999999999997;0.252;1;1.0;2.0;161;?;?
26.0;1.0;1963;642;578;87;0.306;0.381;0.252;0;?;?;162;?;?
27.0;1.0;1963;567;595;74;0.309;0.359;0.25;0;?;?;162;?;?
31.0;1.0;1963;725;641;88;0.316;0.414;0.258;0;?;?;162;?;?
32.0;1.0;1963;747;628;93;0.326;0.40299999999999997;0.271;0;?;?;162;?;?
37.0;0.0;1963;578;812;56;0.293;0.35100000000000003;0.22699999999999998;0;?;?;162;?;?
3.0;0.0;1962;652;680;77;0.314;0.387;0.248;0;?;?;162;?;?
4.0;0.0;1962;707;756;76;0.324;0.40299999999999997;0.258;0;?;?;160;?;?
6.0;1.0;1962;632;827;59;0.317;0.377;0.253;0;?;?;162;?;?
7.0;0.0;1962;707;658;85;0.33399999999999996;0.37200000000000005;0.257;0;?;?;162;?;?
8.0;1.0;1962;802;685;98;0.332;0.41700000000000004;0.27;0;?;?;162;?;?
9.0;0.0;1962;682;745;80;0.312;0.38799999999999996;0.245;0;?;?;162;?;?
11.0;0.0;1962;758;692;85;0.33;0.41100000000000003;0.248;0;?;?;161;?;?
13.0;1.0;1962;592;717;64;0.31;0.35100000000000003;0.24600000000000002;0;?;?;162;?;?
14.0;0.0;1962;745;837;72;0.332;0.386;0.263;0;?;?;162;?;?
16.0;0.0;1962;718;706;86;0.325;0.38;0.25;0;?;?;162;?;?
17.0;1.0;1962;842;697;102;0.337;0.4;0.268;0;?;?;165;?;?
20.0;0.0;1962;798;713;91;0.33799999999999997;0.41200000000000003;0.26;0;?;?;163;?;?
21.0;1.0;1962;730;665;86;0.326;0.40299999999999997;0.252;0;?;?;162;?;?
23.0;1.0;1962;617;948;40;0.318;0.361;0.24;0;?;?;161;?;?
24.0;0.0;1962;817;680;96;0.337;0.426;0.267;1;2.0;1.0;162;?;?
26.0;1.0;1962;705;759;81;0.33;0.39;0.26;0;?;?;161;?;?
27.0;1.0;1962;706;626;93;0.321;0.39399999999999996;0.268;0;?;?;161;?;?
31.0;1.0;1962;878;690;103;0.341;0.441;0.278;1;1.0;2.0;165;?;?
32.0;1.0;1962;774;664;84;0.335;0.39399999999999996;0.271;0;?;?;163;?;?
37.0;0.0;1962;599;716;60;0.308;0.373;0.25;0;?;?;162;?;?
