DS_Name;T;N;p;k;Bin;Cost;SDratio;correl;cancor1;cancor2;fract1;fract2;skewness;kurtosis;Hc;Hx;MCx;EnAtr;NSRatio;Alg_Name;outcome
0.0;690;690;14;2;4;0;12.623;0.1024;0.7713;?;1.0;?;19.701;125.538;0.9912;23.012;0.113;877.168;193.646;0.0;3.893
0.0;690;690;14;2;4;0;12.623;0.1024;0.7713;?;1.0;?;19.701;125.538;0.9912;23.012;0.113;877.168;193.646;1.0;5.45
0.0;690;690;14;2;4;0;12.623;0.1024;0.7713;?;1.0;?;19.701;125.538;0.9912;23.012;0.113;877.168;193.646;2.0;1.791
0.0;690;690;14;2;4;0;12.623;0.1024;0.7713;?;1.0;?;19.701;125.538;0.9912;23.012;0.113;877.168;193.646;3.0;1.557
0.0;690;690;14;2;4;0;12.623;0.1024;0.7713;?;1.0;?;19.701;125.538;0.9912;23.012;0.113;877.168;193.646;4.0;3.114
0.0;690;690;14;2;4;0;12.623;0.1024;0.7713;?;1.0;?;19.701;125.538;0.9912;23.012;0.113;877.168;193.646;5.0;1.868
0.0;690;690;14;2;4;0;12.623;0.1024;0.7713;?;1.0;?;19.701;125.538;0.9912;23.012;0.113;877.168;193.646;6.0;1.09
0.0;690;690;14;2;4;0;12.623;0.1024;0.7713;?;1.0;?;19.701;125.538;0.9912;23.012;0.113;877.168;193.646;7.0;0.0
0.0;690;690;14;2;4;0;12.623;0.1024;0.7713;?;1.0;?;19.701;125.538;0.9912;23.012;0.113;877.168;193.646;8.0;67.655
0.0;690;690;14;2;4;0;12.623;0.1024;0.7713;?;1.0;?;19.701;125.538;0.9912;23.012;0.113;877.168;193.646;9.0;1.324
0.0;690;690;14;2;4;0;12.623;0.1024;0.7713;?;1.0;?;19.701;125.538;0.9912;23.012;0.113;877.168;193.646;10.0;5.683
0.0;690;690;14;2;4;0;12.623;0.1024;0.7713;?;1.0;?;19.701;125.538;0.9912;23.012;0.113;877.168;193.646;11.0;24.057
0.0;690;690;14;2;4;0;12.623;0.1024;0.7713;?;1.0;?;19.701;125.538;0.9912;23.012;0.113;877.168;193.646;12.0;0.779
0.0;690;690;14;2;4;0;12.623;0.1024;0.7713;?;1.0;?;19.701;125.538;0.9912;23.012;0.113;877.168;193.646;13.0;0.779
0.0;690;690;14;2;4;0;12.623;0.1024;0.7713;?;1.0;?;19.701;125.538;0.9912;23.012;0.113;877.168;193.646;14.0;0.467
0.0;690;690;14;2;4;0;12.623;0.1024;0.7713;?;1.0;?;19.701;125.538;0.9912;23.012;0.113;877.168;193.646;15.0;1.635
0.0;690;690;14;2;4;0;12.623;0.1024;0.7713;?;1.0;?;19.701;125.538;0.9912;23.012;0.113;877.168;193.646;16.0;3.893
0.0;690;690;14;2;4;0;12.623;0.1024;0.7713;?;1.0;?;19.701;125.538;0.9912;23.012;0.113;877.168;193.646;17.0;67.655
0.0;690;690;14;2;4;0;12.623;0.1024;0.7713;?;1.0;?;19.701;125.538;0.9912;23.012;0.113;877.168;193.646;18.0;5.138
0.0;690;690;14;2;4;0;12.623;0.1024;0.7713;?;1.0;?;19.701;125.538;0.9912;23.012;0.113;877.168;193.646;19.0;0.779
0.0;690;690;14;2;4;0;12.623;0.1024;0.7713;?;1.0;?;19.701;125.538;0.9912;23.012;0.113;877.168;193.646;20.0;3.893
0.0;690;690;14;2;4;0;12.623;0.1024;0.7713;?;1.0;?;19.701;125.538;0.9912;23.012;0.113;877.168;193.646;21.0;5.9170000000000025
0.0;690;690;14;2;4;0;12.623;0.1024;0.7713;?;1.0;?;19.701;125.538;0.9912;23.012;0.113;877.168;193.646;22.0;1.09
0.0;690;690;14;2;4;0;12.623;0.1024;0.7713;?;1.0;?;19.701;125.538;0.9912;23.012;0.113;877.168;193.646;23.0;2.102
1.0;16000;20000;7;2;0;0;10.975;0.1146;0.6109;?;1.0;?;61.012;931.399;0.2893;27.416;0.0495;584.444;543.859;0.0;9.035
1.0;16000;20000;7;2;0;0;10.975;0.1146;0.6109;?;1.0;?;61.012;931.399;0.2893;27.416;0.0495;584.444;543.859;1.0;9.939
1.0;16000;20000;7;2;0;0;10.975;0.1146;0.6109;?;1.0;?;61.012;931.399;0.2893;27.416;0.0495;584.444;543.859;2.0;2.7110000000000003
1.0;16000;20000;7;2;0;0;10.975;0.1146;0.6109;?;1.0;?;61.012;931.399;0.2893;27.416;0.0495;584.444;543.859;3.0;20.781
1.0;16000;20000;7;2;0;0;10.975;0.1146;0.6109;?;1.0;?;61.012;931.399;0.2893;27.416;0.0495;584.444;543.859;4.0;7.228
1.0;16000;20000;7;2;0;0;10.975;0.1146;0.6109;?;1.0;?;61.012;931.399;0.2893;27.416;0.0495;584.444;543.859;5.0;1.807
1.0;16000;20000;7;2;0;0;10.975;0.1146;0.6109;?;1.0;?;61.012;931.399;0.2893;27.416;0.0495;584.444;543.859;6.0;885.438
1.0;16000;20000;7;2;0;0;10.975;0.1146;0.6109;?;1.0;?;61.012;931.399;0.2893;27.416;0.0495;584.444;543.859;7.0;2.7110000000000003
1.0;16000;20000;7;2;0;0;10.975;0.1146;0.6109;?;1.0;?;61.012;931.399;0.2893;27.416;0.0495;584.444;543.859;8.0;885.438
1.0;16000;20000;7;2;0;0;10.975;0.1146;0.6109;?;1.0;?;61.012;931.399;0.2893;27.416;0.0495;584.444;543.859;9.0;24.395
1.0;16000;20000;7;2;0;0;10.975;0.1146;0.6109;?;1.0;?;61.012;931.399;0.2893;27.416;0.0495;584.444;543.859;10.0;10.842
1.0;16000;20000;7;2;0;0;10.975;0.1146;0.6109;?;1.0;?;61.012;931.399;0.2893;27.416;0.0495;584.444;543.859;11.0;27.105
1.0;16000;20000;7;2;0;0;10.975;0.1146;0.6109;?;1.0;?;61.012;931.399;0.2893;27.416;0.0495;584.444;543.859;12.0;0.0
1.0;16000;20000;7;2;0;0;10.975;0.1146;0.6109;?;1.0;?;61.012;931.399;0.2893;27.416;0.0495;584.444;543.859;13.0;11.746
1.0;16000;20000;7;2;0;0;10.975;0.1146;0.6109;?;1.0;?;61.012;931.399;0.2893;27.416;0.0495;584.444;543.859;14.0;23.491
1.0;16000;20000;7;2;0;0;10.975;0.1146;0.6109;?;1.0;?;61.012;931.399;0.2893;27.416;0.0495;584.444;543.859;15.0;4.518
1.0;16000;20000;7;2;0;0;10.975;0.1146;0.6109;?;1.0;?;61.012;931.399;0.2893;27.416;0.0495;584.444;543.859;16.0;9.939
1.0;16000;20000;7;2;0;0;10.975;0.1146;0.6109;?;1.0;?;61.012;931.399;0.2893;27.416;0.0495;584.444;543.859;17.0;20.781
1.0;16000;20000;7;2;0;0;10.975;0.1146;0.6109;?;1.0;?;61.012;931.399;0.2893;27.416;0.0495;584.444;543.859;18.0;18.07
1.0;16000;20000;7;2;0;0;10.975;0.1146;0.6109;?;1.0;?;61.012;931.399;0.2893;27.416;0.0495;584.444;543.859;19.0;9.035
1.0;16000;20000;7;2;0;0;10.975;0.1146;0.6109;?;1.0;?;61.012;931.399;0.2893;27.416;0.0495;584.444;543.859;20.0;11.746
1.0;16000;20000;7;2;0;0;10.975;0.1146;0.6109;?;1.0;?;61.012;931.399;0.2893;27.416;0.0495;584.444;543.859;21.0;27.105
1.0;16000;20000;7;2;0;0;10.975;0.1146;0.6109;?;1.0;?;61.012;931.399;0.2893;27.416;0.0495;584.444;543.859;22.0;9.939
1.0;16000;20000;7;2;0;0;10.975;0.1146;0.6109;?;1.0;?;61.012;931.399;0.2893;27.416;0.0495;584.444;543.859;23.0;0.0
2.0;1250;2500;28;2;0;0;15.124;0.3503;0.8869;?;1.0;?;0.4334;26.581;0.9453;54.853;0.3172;298.014;162.929;0.0;12.819
2.0;1250;2500;28;2;0;0;15.124;0.3503;0.8869;?;1.0;?;0.4334;26.581;0.9453;54.853;0.3172;298.014;162.929;1.0;17.397000000000002
2.0;1250;2500;28;2;0;0;15.124;0.3503;0.8869;?;1.0;?;0.4334;26.581;0.9453;54.853;0.3172;298.014;162.929;2.0;5.0360000000000005
2.0;1250;2500;28;2;0;0;15.124;0.3503;0.8869;?;1.0;?;0.4334;26.581;0.9453;54.853;0.3172;298.014;162.929;3.0;25.637
2.0;1250;2500;28;2;0;0;15.124;0.3503;0.8869;?;1.0;?;0.4334;26.581;0.9453;54.853;0.3172;298.014;162.929;4.0;10.987
2.0;1250;2500;28;2;0;0;15.124;0.3503;0.8869;?;1.0;?;0.4334;26.581;0.9453;54.853;0.3172;298.014;162.929;5.0;15.566
2.0;1250;2500;28;2;0;0;15.124;0.3503;0.8869;?;1.0;?;0.4334;26.581;0.9453;54.853;0.3172;298.014;162.929;6.0;12.819
2.0;1250;2500;28;2;0;0;15.124;0.3503;0.8869;?;1.0;?;0.4334;26.581;0.9453;54.853;0.3172;298.014;162.929;7.0;10.53
2.0;1250;2500;28;2;0;0;15.124;0.3503;0.8869;?;1.0;?;0.4334;26.581;0.9453;54.853;0.3172;298.014;162.929;8.0;455.064
2.0;1250;2500;28;2;0;0;15.124;0.3503;0.8869;?;1.0;?;0.4334;26.581;0.9453;54.853;0.3172;298.014;162.929;9.0;18.77
2.0;1250;2500;28;2;0;0;15.124;0.3503;0.8869;?;1.0;?;0.4334;26.581;0.9453;54.853;0.3172;298.014;162.929;10.0;11.903
2.0;1250;2500;28;2;0;0;15.124;0.3503;0.8869;?;1.0;?;0.4334;26.581;0.9453;54.853;0.3172;298.014;162.929;11.0;162.981
2.0;1250;2500;28;2;0;0;15.124;0.3503;0.8869;?;1.0;?;0.4334;26.581;0.9453;54.853;0.3172;298.014;162.929;12.0;5.494
2.0;1250;2500;28;2;0;0;15.124;0.3503;0.8869;?;1.0;?;0.4334;26.581;0.9453;54.853;0.3172;298.014;162.929;13.0;8.698
2.0;1250;2500;28;2;0;0;15.124;0.3503;0.8869;?;1.0;?;0.4334;26.581;0.9453;54.853;0.3172;298.014;162.929;14.0;27.011
2.0;1250;2500;28;2;0;0;15.124;0.3503;0.8869;?;1.0;?;0.4334;26.581;0.9453;54.853;0.3172;298.014;162.929;15.0;12.819
2.0;1250;2500;28;2;0;0;15.124;0.3503;0.8869;?;1.0;?;0.4334;26.581;0.9453;54.853;0.3172;298.014;162.929;16.0;24.264
2.0;1250;2500;28;2;0;0;15.124;0.3503;0.8869;?;1.0;?;0.4334;26.581;0.9453;54.853;0.3172;298.014;162.929;17.0;22.891
2.0;1250;2500;28;2;0;0;15.124;0.3503;0.8869;?;1.0;?;0.4334;26.581;0.9453;54.853;0.3172;298.014;162.929;18.0;21.975
2.0;1250;2500;28;2;0;0;15.124;0.3503;0.8869;?;1.0;?;0.4334;26.581;0.9453;54.853;0.3172;298.014;162.929;19.0;0.458
2.0;1250;2500;28;2;0;0;15.124;0.3503;0.8869;?;1.0;?;0.4334;26.581;0.9453;54.853;0.3172;298.014;162.929;20.0;9.614
2.0;1250;2500;28;2;0;0;15.124;0.3503;0.8869;?;1.0;?;0.4334;26.581;0.9453;54.853;0.3172;298.014;162.929;21.0;21.059
2.0;1250;2500;28;2;0;0;15.124;0.3503;0.8869;?;1.0;?;0.4334;26.581;0.9453;54.853;0.3172;298.014;162.929;22.0;12.819
2.0;1250;2500;28;2;0;0;15.124;0.3503;0.8869;?;1.0;?;0.4334;26.581;0.9453;54.853;0.3172;298.014;162.929;23.0;0.0
3.0;7480;18700;20;2;0;0;1.032;0.2178;0.55;?;1.0;?;0.9012;35.214;0.3256;46.908;0.0292;160.644;159.644;0.0;13.84
3.0;7480;18700;20;2;0;0;1.032;0.2178;0.55;?;1.0;?;0.9012;35.214;0.3256;46.908;0.0292;160.644;159.644;1.0;1.432
3.0;7480;18700;20;2;0;0;1.032;0.2178;0.55;?;1.0;?;0.9012;35.214;0.3256;46.908;0.0292;160.644;159.644;2.0;4.295
3.0;7480;18700;20;2;0;0;1.032;0.2178;0.55;?;1.0;?;0.9012;35.214;0.3256;46.908;0.0292;160.644;159.644;3.0;20.521
3.0;7480;18700;20;2;0;0;1.032;0.2178;0.55;?;1.0;?;0.9012;35.214;0.3256;46.908;0.0292;160.644;159.644;4.0;0.0
3.0;7480;18700;20;2;0;0;1.032;0.2178;0.55;?;1.0;?;0.9012;35.214;0.3256;46.908;0.0292;160.644;159.644;5.0;0.954
3.0;7480;18700;20;2;0;0;1.032;0.2178;0.55;?;1.0;?;0.9012;35.214;0.3256;46.908;0.0292;160.644;159.644;6.0;460.999
3.0;7480;18700;20;2;0;0;1.032;0.2178;0.55;?;1.0;?;0.9012;35.214;0.3256;46.908;0.0292;160.644;159.644;7.0;5.249
3.0;7480;18700;20;2;0;0;1.032;0.2178;0.55;?;1.0;?;0.9012;35.214;0.3256;46.908;0.0292;160.644;159.644;8.0;460.999
3.0;7480;18700;20;2;0;0;1.032;0.2178;0.55;?;1.0;?;0.9012;35.214;0.3256;46.908;0.0292;160.644;159.644;9.0;12.885
3.0;7480;18700;20;2;0;0;1.032;0.2178;0.55;?;1.0;?;0.9012;35.214;0.3256;46.908;0.0292;160.644;159.644;10.0;3.818
3.0;7480;18700;20;2;0;0;1.032;0.2178;0.55;?;1.0;?;0.9012;35.214;0.3256;46.908;0.0292;160.644;159.644;11.0;12.408
3.0;7480;18700;20;2;0;0;1.032;0.2178;0.55;?;1.0;?;0.9012;35.214;0.3256;46.908;0.0292;160.644;159.644;12.0;5.249
3.0;7480;18700;20;2;0;0;1.032;0.2178;0.55;?;1.0;?;0.9012;35.214;0.3256;46.908;0.0292;160.644;159.644;13.0;7.636
3.0;7480;18700;20;2;0;0;1.032;0.2178;0.55;?;1.0;?;0.9012;35.214;0.3256;46.908;0.0292;160.644;159.644;14.0;22.907
3.0;7480;18700;20;2;0;0;1.032;0.2178;0.55;?;1.0;?;0.9012;35.214;0.3256;46.908;0.0292;160.644;159.644;15.0;2.863
3.0;7480;18700;20;2;0;0;1.032;0.2178;0.55;?;1.0;?;0.9012;35.214;0.3256;46.908;0.0292;160.644;159.644;16.0;0.954
3.0;7480;18700;20;2;0;0;1.032;0.2178;0.55;?;1.0;?;0.9012;35.214;0.3256;46.908;0.0292;160.644;159.644;17.0;7.636
3.0;7480;18700;20;2;0;0;1.032;0.2178;0.55;?;1.0;?;0.9012;35.214;0.3256;46.908;0.0292;160.644;159.644;18.0;3.341
3.0;7480;18700;20;2;0;0;1.032;0.2178;0.55;?;1.0;?;0.9012;35.214;0.3256;46.908;0.0292;160.644;159.644;19.0;5.727
3.0;7480;18700;20;2;0;0;1.032;0.2178;0.55;?;1.0;?;0.9012;35.214;0.3256;46.908;0.0292;160.644;159.644;20.0;2.386
3.0;7480;18700;20;2;0;0;1.032;0.2178;0.55;?;1.0;?;0.9012;35.214;0.3256;46.908;0.0292;160.644;159.644;21.0;25.77
3.0;7480;18700;20;2;0;0;1.032;0.2178;0.55;?;1.0;?;0.9012;35.214;0.3256;46.908;0.0292;160.644;159.644;22.0;4.772
3.0;7480;18700;20;2;0;0;1.032;0.2178;0.55;?;1.0;?;0.9012;35.214;0.3256;46.908;0.0292;160.644;159.644;23.0;6.204
4.0;20000;40000;16;24;0;0;13.218;0.1885;0.9884;0.9191;0.1505;0.2807;0.42;44.024;45.603;56.411;13.149;346.81699999999995;329.014;0.0;76.475
4.0;20000;40000;16;24;0;0;13.218;0.1885;0.9884;0.9191;0.1505;0.2807;0.42;44.024;45.603;56.411;13.149;346.81699999999995;329.014;1.0;86.162
4.0;20000;40000;16;24;0;0;13.218;0.1885;0.9884;0.9191;0.1505;0.2807;0.42;44.024;45.603;56.411;13.149;346.81699999999995;329.014;2.0;467.007
4.0;20000;40000;16;24;0;0;13.218;0.1885;0.9884;0.9191;0.1505;0.2807;0.42;44.024;45.603;56.411;13.149;346.81699999999995;329.014;3.0;122.36
4.0;20000;40000;16;24;0;0;13.218;0.1885;0.9884;0.9191;0.1505;0.2807;0.42;44.024;45.603;56.411;13.149;346.81699999999995;329.014;4.0;40.787
4.0;20000;40000;16;24;0;0;13.218;0.1885;0.9884;0.9191;0.1505;0.2807;0.42;44.024;45.603;56.411;13.149;346.81699999999995;329.014;5.0;46.395
4.0;20000;40000;16;24;0;0;13.218;0.1885;0.9884;0.9191;0.1505;0.2807;0.42;44.024;45.603;56.411;13.149;346.81699999999995;329.014;6.0;467.007
4.0;20000;40000;16;24;0;0;13.218;0.1885;0.9884;0.9191;0.1505;0.2807;0.42;44.024;45.603;56.411;13.149;346.81699999999995;329.014;7.0;81.57300000000002
4.0;20000;40000;16;24;0;0;13.218;0.1885;0.9884;0.9191;0.1505;0.2807;0.42;44.024;45.603;56.411;13.149;346.81699999999995;329.014;8.0;467.007
4.0;20000;40000;16;24;0;0;13.218;0.1885;0.9884;0.9191;0.1505;0.2807;0.42;44.024;45.603;56.411;13.149;346.81699999999995;329.014;9.0;47.924
4.0;20000;40000;16;24;0;0;13.218;0.1885;0.9884;0.9191;0.1505;0.2807;0.42;44.024;45.603;56.411;13.149;346.81699999999995;329.014;10.0;33.649
4.0;20000;40000;16;24;0;0;13.218;0.1885;0.9884;0.9191;0.1505;0.2807;0.42;44.024;45.603;56.411;13.149;346.81699999999995;329.014;11.0;446.61300000000006
4.0;20000;40000;16;24;0;0;13.218;0.1885;0.9884;0.9191;0.1505;0.2807;0.42;44.024;45.603;56.411;13.149;346.81699999999995;329.014;12.0;3.569
4.0;20000;40000;16;24;0;0;13.218;0.1885;0.9884;0.9191;0.1505;0.2807;0.42;44.024;45.603;56.411;13.149;346.81699999999995;329.014;13.0;11.726
4.0;20000;40000;16;24;0;0;13.218;0.1885;0.9884;0.9191;0.1505;0.2807;0.42;44.024;45.603;56.411;13.149;346.81699999999995;329.014;14.0;312.527
4.0;20000;40000;16;24;0;0;13.218;0.1885;0.9884;0.9191;0.1505;0.2807;0.42;44.024;45.603;56.411;13.149;346.81699999999995;329.014;15.0;45.375
4.0;20000;40000;16;24;0;0;13.218;0.1885;0.9884;0.9191;0.1505;0.2807;0.42;44.024;45.603;56.411;13.149;346.81699999999995;329.014;16.0;19.883
4.0;20000;40000;16;24;0;0;13.218;0.1885;0.9884;0.9191;0.1505;0.2807;0.42;44.024;45.603;56.411;13.149;346.81699999999995;329.014;17.0;45.885
4.0;20000;40000;16;24;0;0;13.218;0.1885;0.9884;0.9191;0.1505;0.2807;0.42;44.024;45.603;56.411;13.149;346.81699999999995;329.014;18.0;18.864
4.0;20000;40000;16;24;0;0;13.218;0.1885;0.9884;0.9191;0.1505;0.2807;0.42;44.024;45.603;56.411;13.149;346.81699999999995;329.014;19.0;23.962
4.0;20000;40000;16;24;0;0;13.218;0.1885;0.9884;0.9191;0.1505;0.2807;0.42;44.024;45.603;56.411;13.149;346.81699999999995;329.014;20.0;46.905
4.0;20000;40000;16;24;0;0;13.218;0.1885;0.9884;0.9191;0.1505;0.2807;0.42;44.024;45.603;56.411;13.149;346.81699999999995;329.014;21.0;0.0
4.0;20000;40000;16;24;0;0;13.218;0.1885;0.9884;0.9191;0.1505;0.2807;0.42;44.024;45.603;56.411;13.149;346.81699999999995;329.014;22.0;22.942
4.0;20000;40000;16;24;0;0;13.218;0.1885;0.9884;0.9191;0.1505;0.2807;0.42;44.024;45.603;56.411;13.149;346.81699999999995;329.014;23.0;22.433000000000003
5.0;2670;8900;16;2;8;0;10.273;0.0825;0.7618;?;1.0;?;12.082;44.04600000000001;1.0;1.77;0.6409999999999999;156.006;176.13099999999997;0.0;9.523
5.0;2670;8900;16;2;8;0;10.273;0.0825;0.7618;?;1.0;?;12.082;44.04600000000001;1.0;1.77;0.6409999999999999;156.006;176.13099999999997;1.0;17.142
5.0;2670;8900;16;2;8;0;10.273;0.0825;0.7618;?;1.0;?;12.082;44.04600000000001;1.0;1.77;0.6409999999999999;156.006;176.13099999999997;2.0;9.714
5.0;2670;8900;16;2;8;0;10.273;0.0825;0.7618;?;1.0;?;12.082;44.04600000000001;1.0;1.77;0.6409999999999999;156.006;176.13099999999997;3.0;14.475
5.0;2670;8900;16;2;8;0;10.273;0.0825;0.7618;?;1.0;?;12.082;44.04600000000001;1.0;1.77;0.6409999999999999;156.006;176.13099999999997;4.0;8.38
5.0;2670;8900;16;2;8;0;10.273;0.0825;0.7618;?;1.0;?;12.082;44.04600000000001;1.0;1.77;0.6409999999999999;156.006;176.13099999999997;5.0;0.0
5.0;2670;8900;16;2;8;0;10.273;0.0825;0.7618;?;1.0;?;12.082;44.04600000000001;1.0;1.77;0.6409999999999999;156.006;176.13099999999997;6.0;9.523
5.0;2670;8900;16;2;8;0;10.273;0.0825;0.7618;?;1.0;?;12.082;44.04600000000001;1.0;1.77;0.6409999999999999;156.006;176.13099999999997;7.0;0.762
5.0;2670;8900;16;2;8;0;10.273;0.0825;0.7618;?;1.0;?;12.082;44.04600000000001;1.0;1.77;0.6409999999999999;156.006;176.13099999999997;8.0;14.666
5.0;2670;8900;16;2;8;0;10.273;0.0825;0.7618;?;1.0;?;12.082;44.04600000000001;1.0;1.77;0.6409999999999999;156.006;176.13099999999997;9.0;7.428
5.0;2670;8900;16;2;8;0;10.273;0.0825;0.7618;?;1.0;?;12.082;44.04600000000001;1.0;1.77;0.6409999999999999;156.006;176.13099999999997;10.0;10.095
5.0;2670;8900;16;2;8;0;10.273;0.0825;0.7618;?;1.0;?;12.082;44.04600000000001;1.0;1.77;0.6409999999999999;156.006;176.13099999999997;11.0;79.805
5.0;2670;8900;16;2;8;0;10.273;0.0825;0.7618;?;1.0;?;12.082;44.04600000000001;1.0;1.77;0.6409999999999999;156.006;176.13099999999997;12.0;9.333
5.0;2670;8900;16;2;8;0;10.273;0.0825;0.7618;?;1.0;?;12.082;44.04600000000001;1.0;1.77;0.6409999999999999;156.006;176.13099999999997;13.0;9.523
5.0;2670;8900;16;2;8;0;10.273;0.0825;0.7618;?;1.0;?;12.082;44.04600000000001;1.0;1.77;0.6409999999999999;156.006;176.13099999999997;14.0;16.761
5.0;2670;8900;16;2;8;0;10.273;0.0825;0.7618;?;1.0;?;12.082;44.04600000000001;1.0;1.77;0.6409999999999999;156.006;176.13099999999997;15.0;0.0
5.0;2670;8900;16;2;8;0;10.273;0.0825;0.7618;?;1.0;?;12.082;44.04600000000001;1.0;1.77;0.6409999999999999;156.006;176.13099999999997;16.0;21.713
5.0;2670;8900;16;2;8;0;10.273;0.0825;0.7618;?;1.0;?;12.082;44.04600000000001;1.0;1.77;0.6409999999999999;156.006;176.13099999999997;17.0;20.951
5.0;2670;8900;16;2;8;0;10.273;0.0825;0.7618;?;1.0;?;12.082;44.04600000000001;1.0;1.77;0.6409999999999999;156.006;176.13099999999997;18.0;16.19
5.0;2670;8900;16;2;8;0;10.273;0.0825;0.7618;?;1.0;?;12.082;44.04600000000001;1.0;1.77;0.6409999999999999;156.006;176.13099999999997;19.0;9.714
5.0;2670;8900;16;2;8;0;10.273;0.0825;0.7618;?;1.0;?;12.082;44.04600000000001;1.0;1.77;0.6409999999999999;156.006;176.13099999999997;20.0;9.523
5.0;2670;8900;16;2;8;0;10.273;0.0825;0.7618;?;1.0;?;12.082;44.04600000000001;1.0;1.77;0.6409999999999999;156.006;176.13099999999997;21.0;11.428
5.0;2670;8900;16;2;8;0;10.273;0.0825;0.7618;?;1.0;?;12.082;44.04600000000001;1.0;1.77;0.6409999999999999;156.006;176.13099999999997;22.0;9.523
5.0;2670;8900;16;2;8;0;10.273;0.0825;0.7618;?;1.0;?;12.082;44.04600000000001;1.0;1.77;0.6409999999999999;156.006;176.13099999999997;23.0;5.524
6.0;1186;3186;180;3;0;0;15.407;0.0456;0.8729;0.83;0.5252;1.0;25.582;295.6740000000001;14.725;0.8072;0.0218;675.459;360.275;0.0;10.247
6.0;1186;3186;180;3;0;0;15.407;0.0456;0.8729;0.83;0.5252;1.0;25.582;295.6740000000001;14.725;0.8072;0.0218;675.459;360.275;1.0;2.779
6.0;1186;3186;180;3;0;0;15.407;0.0456;0.8729;0.83;0.5252;1.0;25.582;295.6740000000001;14.725;0.8072;0.0218;675.459;360.275;2.0;8.163
6.0;1186;3186;180;3;0;0;15.407;0.0456;0.8729;0.83;0.5252;1.0;25.582;295.6740000000001;14.725;0.8072;0.0218;675.459;360.275;3.0;4.689
6.0;1186;3186;180;3;0;0;15.407;0.0456;0.8729;0.83;0.5252;1.0;25.582;295.6740000000001;14.725;0.8072;0.0218;675.459;360.275;4.0;9.379
6.0;1186;3186;180;3;0;0;15.407;0.0456;0.8729;0.83;0.5252;1.0;25.582;295.6740000000001;14.725;0.8072;0.0218;675.459;360.275;5.0;6.079
6.0;1186;3186;180;3;0;0;15.407;0.0456;0.8729;0.83;0.5252;1.0;25.582;295.6740000000001;14.725;0.8072;0.0218;675.459;360.275;6.0;7.642
6.0;1186;3186;180;3;0;0;15.407;0.0456;0.8729;0.83;0.5252;1.0;25.582;295.6740000000001;14.725;0.8072;0.0218;675.459;360.275;7.0;15.630999999999998
6.0;1186;3186;180;3;0;0;15.407;0.0456;0.8729;0.83;0.5252;1.0;25.582;295.6740000000001;14.725;0.8072;0.0218;675.459;360.275;8.0;166.55599999999995
6.0;1186;3186;180;3;0;0;15.407;0.0456;0.8729;0.83;0.5252;1.0;25.582;295.6740000000001;14.725;0.8072;0.0218;675.459;360.275;9.0;5.384
6.0;1186;3186;180;3;0;0;15.407;0.0456;0.8729;0.83;0.5252;1.0;25.582;295.6740000000001;14.725;0.8072;0.0218;675.459;360.275;10.0;9.379
6.0;1186;3186;180;3;0;0;15.407;0.0456;0.8729;0.83;0.5252;1.0;25.582;295.6740000000001;14.725;0.8072;0.0218;675.459;360.275;11.0;76.244
6.0;1186;3186;180;3;0;0;15.407;0.0456;0.8729;0.83;0.5252;1.0;25.582;295.6740000000001;14.725;0.8072;0.0218;675.459;360.275;12.0;1.216
6.0;1186;3186;180;3;0;0;15.407;0.0456;0.8729;0.83;0.5252;1.0;25.582;295.6740000000001;14.725;0.8072;0.0218;675.459;360.275;13.0;3.1260000000000003
6.0;1186;3186;180;3;0;0;15.407;0.0456;0.8729;0.83;0.5252;1.0;25.582;295.6740000000001;14.725;0.8072;0.0218;675.459;360.275;14.0;16.326
6.0;1186;3186;180;3;0;0;15.407;0.0456;0.8729;0.83;0.5252;1.0;25.582;295.6740000000001;14.725;0.8072;0.0218;675.459;360.275;15.0;5.558
6.0;1186;3186;180;3;0;0;15.407;0.0456;0.8729;0.83;0.5252;1.0;25.582;295.6740000000001;14.725;0.8072;0.0218;675.459;360.275;16.0;19.799
6.0;1186;3186;180;3;0;0;15.407;0.0456;0.8729;0.83;0.5252;1.0;25.582;295.6740000000001;14.725;0.8072;0.0218;675.459;360.275;17.0;51.756
6.0;1186;3186;180;3;0;0;15.407;0.0456;0.8729;0.83;0.5252;1.0;25.582;295.6740000000001;14.725;0.8072;0.0218;675.459;360.275;18.0;166.55599999999995
6.0;1186;3186;180;3;0;0;15.407;0.0456;0.8729;0.83;0.5252;1.0;25.582;295.6740000000001;14.725;0.8072;0.0218;675.459;360.275;19.0;3.474
6.0;1186;3186;180;3;0;0;15.407;0.0456;0.8729;0.83;0.5252;1.0;25.582;295.6740000000001;14.725;0.8072;0.0218;675.459;360.275;20.0;10.247
6.0;1186;3186;180;3;0;0;15.407;0.0456;0.8729;0.83;0.5252;1.0;25.582;295.6740000000001;14.725;0.8072;0.0218;675.459;360.275;21.0;3.1260000000000003
6.0;1186;3186;180;3;0;0;15.407;0.0456;0.8729;0.83;0.5252;1.0;25.582;295.6740000000001;14.725;0.8072;0.0218;675.459;360.275;22.0;0.0
6.0;1186;3186;180;3;0;0;15.407;0.0456;0.8729;0.83;0.5252;1.0;25.582;295.6740000000001;14.725;0.8072;0.0218;675.459;360.275;23.0;17.368
7.0;768;768;8;2;0;0;10.377;0.1439;0.5507;?;1.0;?;10.586;5.827000000000001;0.9331;45.301;0.112;833.125;394.473;0.0;3.529
7.0;768;768;8;2;0;0;10.377;0.1439;0.5507;?;1.0;?;10.586;5.827000000000001;0.9331;45.301;0.112;833.125;394.473;1.0;5.193
7.0;768;768;8;2;0;0;10.377;0.1439;0.5507;?;1.0;?;10.586;5.827000000000001;0.9331;45.301;0.112;833.125;394.473;2.0;1.664
7.0;768;768;8;2;0;0;10.377;0.1439;0.5507;?;1.0;?;10.586;5.827000000000001;0.9331;45.301;0.112;833.125;394.473;3.0;2.596
7.0;768;768;8;2;0;0;10.377;0.1439;0.5507;?;1.0;?;10.586;5.827000000000001;0.9331;45.301;0.112;833.125;394.473;4.0;3.196
7.0;768;768;8;2;0;0;10.377;0.1439;0.5507;?;1.0;?;10.586;5.827000000000001;0.9331;45.301;0.112;833.125;394.473;5.0;3.129
7.0;768;768;8;2;0;0;10.377;0.1439;0.5507;?;1.0;?;10.586;5.827000000000001;0.9331;45.301;0.112;833.125;394.473;6.0;2.13
7.0;768;768;8;2;0;0;10.377;0.1439;0.5507;?;1.0;?;10.586;5.827000000000001;0.9331;45.301;0.112;833.125;394.473;7.0;1.798
7.0;768;768;8;2;0;0;10.377;0.1439;0.5507;?;1.0;?;10.586;5.827000000000001;0.9331;45.301;0.112;833.125;394.473;8.0;51.73
7.0;768;768;8;2;0;0;10.377;0.1439;0.5507;?;1.0;?;10.586;5.827000000000001;0.9331;45.301;0.112;833.125;394.473;9.0;2.33
7.0;768;768;8;2;0;0;10.377;0.1439;0.5507;?;1.0;?;10.586;5.827000000000001;0.9331;45.301;0.112;833.125;394.473;10.0;4.394
7.0;768;768;8;2;0;0;10.377;0.1439;0.5507;?;1.0;?;10.586;5.827000000000001;0.9331;45.301;0.112;833.125;394.473;11.0;8.455
7.0;768;768;8;2;0;0;10.377;0.1439;0.5507;?;1.0;?;10.586;5.827000000000001;0.9331;45.301;0.112;833.125;394.473;12.0;0.067
7.0;768;768;8;2;0;0;10.377;0.1439;0.5507;?;1.0;?;10.586;5.827000000000001;0.9331;45.301;0.112;833.125;394.473;13.0;0.133
7.0;768;768;8;2;0;0;10.377;0.1439;0.5507;?;1.0;?;10.586;5.827000000000001;0.9331;45.301;0.112;833.125;394.473;14.0;1.465
7.0;768;768;8;2;0;0;10.377;0.1439;0.5507;?;1.0;?;10.586;5.827000000000001;0.9331;45.301;0.112;833.125;394.473;15.0;3.196
7.0;768;768;8;2;0;0;10.377;0.1439;0.5507;?;1.0;?;10.586;5.827000000000001;0.9331;45.301;0.112;833.125;394.473;16.0;6.724
7.0;768;768;8;2;0;0;10.377;0.1439;0.5507;?;1.0;?;10.586;5.827000000000001;0.9331;45.301;0.112;833.125;394.473;17.0;3.329
7.0;768;768;8;2;0;0;10.377;0.1439;0.5507;?;1.0;?;10.586;5.827000000000001;0.9331;45.301;0.112;833.125;394.473;18.0;3.262
7.0;768;768;8;2;0;0;10.377;0.1439;0.5507;?;1.0;?;10.586;5.827000000000001;0.9331;45.301;0.112;833.125;394.473;19.0;0.0
7.0;768;768;8;2;0;0;10.377;0.1439;0.5507;?;1.0;?;10.586;5.827000000000001;0.9331;45.301;0.112;833.125;394.473;20.0;4.394
7.0;768;768;8;2;0;0;10.377;0.1439;0.5507;?;1.0;?;10.586;5.827000000000001;0.9331;45.301;0.112;833.125;394.473;21.0;2.596
7.0;768;768;8;2;0;0;10.377;0.1439;0.5507;?;1.0;?;10.586;5.827000000000001;0.9331;45.301;0.112;833.125;394.473;22.0;1.332
7.0;768;768;8;2;0;0;10.377;0.1439;0.5507;?;1.0;?;10.586;5.827000000000001;0.9331;45.301;0.112;833.125;394.473;23.0;0.599
8.0;9000;18000;16;10;0;0;15.673;0.2119;0.8929;0.8902;0.2031;0.4049;0.8562;51.256;33.219;65.452;0.5049;657.932;119.634;0.0;48.412
8.0;9000;18000;16;10;0;0;15.673;0.2119;0.8929;0.8902;0.2031;0.4049;0.8562;51.256;33.219;65.452;0.5049;657.932;119.634;1.0;9.413
8.0;9000;18000;16;10;0;0;15.673;0.2119;0.8929;0.8902;0.2031;0.4049;0.8562;51.256;33.219;65.452;0.5049;657.932;119.634;2.0;14.792
8.0;9000;18000;16;10;0;0;15.673;0.2119;0.8929;0.8902;0.2031;0.4049;0.8562;51.256;33.219;65.452;0.5049;657.932;119.634;3.0;83.376
8.0;9000;18000;16;10;0;0;15.673;0.2119;0.8929;0.8902;0.2031;0.4049;0.8562;51.256;33.219;65.452;0.5049;657.932;119.634;4.0;41.688
8.0;9000;18000;16;10;0;0;15.673;0.2119;0.8929;0.8902;0.2031;0.4049;0.8562;51.256;33.219;65.452;0.5049;657.932;119.634;5.0;45.722
8.0;9000;18000;16;10;0;0;15.673;0.2119;0.8929;0.8902;0.2031;0.4049;0.8562;51.256;33.219;65.452;0.5049;657.932;119.634;6.0;50.653
8.0;9000;18000;16;10;0;0;15.673;0.2119;0.8929;0.8902;0.2031;0.4049;0.8562;51.256;33.219;65.452;0.5049;657.932;119.634;7.0;77.548
8.0;9000;18000;16;10;0;0;15.673;0.2119;0.8929;0.8902;0.2031;0.4049;0.8562;51.256;33.219;65.452;0.5049;657.932;119.634;8.0;8.068999999999999
8.0;9000;18000;16;10;0;0;15.673;0.2119;0.8929;0.8902;0.2031;0.4049;0.8562;51.256;33.219;65.452;0.5049;657.932;119.634;9.0;55.135
8.0;9000;18000;16;10;0;0;15.673;0.2119;0.8929;0.8902;0.2031;0.4049;0.8562;51.256;33.219;65.452;0.5049;657.932;119.634;10.0;38.99800000000001
8.0;9000;18000;16;10;0;0;15.673;0.2119;0.8929;0.8902;0.2031;0.4049;0.8562;51.256;33.219;65.452;0.5049;657.932;119.634;11.0;382.362
8.0;9000;18000;16;10;0;0;15.673;0.2119;0.8929;0.8902;0.2031;0.4049;0.8562;51.256;33.219;65.452;0.5049;657.932;119.634;12.0;11.206
8.0;9000;18000;16;10;0;0;15.673;0.2119;0.8929;0.8902;0.2031;0.4049;0.8562;51.256;33.219;65.452;0.5049;657.932;119.634;13.0;30.033
8.0;9000;18000;16;10;0;0;15.673;0.2119;0.8929;0.8902;0.2031;0.4049;0.8562;51.256;33.219;65.452;0.5049;657.932;119.634;14.0;78.445
8.0;9000;18000;16;10;0;0;15.673;0.2119;0.8929;0.8902;0.2031;0.4049;0.8562;51.256;33.219;65.452;0.5049;657.932;119.634;15.0;47.963
8.0;9000;18000;16;10;0;0;15.673;0.2119;0.8929;0.8902;0.2031;0.4049;0.8562;51.256;33.219;65.452;0.5049;657.932;119.634;16.0;0.0
8.0;9000;18000;16;10;0;0;15.673;0.2119;0.8929;0.8902;0.2031;0.4049;0.8562;51.256;33.219;65.452;0.5049;657.932;119.634;17.0;12.550999999999998
8.0;9000;18000;16;10;0;0;15.673;0.2119;0.8929;0.8902;0.2031;0.4049;0.8562;51.256;33.219;65.452;0.5049;657.932;119.634;18.0;6.276
8.0;9000;18000;16;10;0;0;15.673;0.2119;0.8929;0.8902;0.2031;0.4049;0.8562;51.256;33.219;65.452;0.5049;657.932;119.634;19.0;17.482
8.0;9000;18000;16;10;0;0;15.673;0.2119;0.8929;0.8902;0.2031;0.4049;0.8562;51.256;33.219;65.452;0.5049;657.932;119.634;20.0;46.17
8.0;9000;18000;16;10;0;0;15.673;0.2119;0.8929;0.8902;0.2031;0.4049;0.8562;51.256;33.219;65.452;0.5049;657.932;119.634;21.0;3.138
8.0;9000;18000;16;10;0;0;15.673;0.2119;0.8929;0.8902;0.2031;0.4049;0.8562;51.256;33.219;65.452;0.5049;657.932;119.634;22.0;16.137
8.0;9000;18000;16;10;0;0;15.673;0.2119;0.8929;0.8902;0.2031;0.4049;0.8562;51.256;33.219;65.452;0.5049;657.932;119.634;23.0;25.551
9.0;570;570;45;3;43;0;1.1909999999999998;0.7509999999999999;0.8842;0.3002;0.8966;1.0;18.972;0.9866;15.749;0.8717;0.0366;430.301;228.169;0.0;0.0
9.0;570;570;45;3;43;0;1.1909999999999998;0.7509999999999999;0.8842;0.3002;0.8966;1.0;18.972;0.9866;15.749;0.8717;0.0366;430.301;228.169;1.0;10.390999999999998
9.0;570;570;45;3;43;0;1.1909999999999998;0.7509999999999999;0.8842;0.3002;0.8966;1.0;18.972;0.9866;15.749;0.8717;0.0366;430.301;228.169;2.0;3.401
9.0;570;570;45;3;43;0;1.1909999999999998;0.7509999999999999;0.8842;0.3002;0.8966;1.0;18.972;0.9866;15.749;0.8717;0.0366;430.301;228.169;3.0;6.297999999999999
9.0;570;570;45;3;43;0;1.1909999999999998;0.7509999999999999;0.8842;0.3002;0.8966;1.0;18.972;0.9866;15.749;0.8717;0.0366;430.301;228.169;4.0;6.864
9.0;570;570;45;3;43;0;1.1909999999999998;0.7509999999999999;0.8842;0.3002;0.8966;1.0;18.972;0.9866;15.749;0.8717;0.0366;430.301;228.169;5.0;8.25
9.0;570;570;45;3;43;0;1.1909999999999998;0.7509999999999999;0.8842;0.3002;0.8966;1.0;18.972;0.9866;15.749;0.8717;0.0366;430.301;228.169;6.0;9.068
9.0;570;570;45;3;43;0;1.1909999999999998;0.7509999999999999;0.8842;0.3002;0.8966;1.0;18.972;0.9866;15.749;0.8717;0.0366;430.301;228.169;7.0;7.746
9.0;570;570;45;3;43;0;1.1909999999999998;0.7509999999999999;0.8842;0.3002;0.8966;1.0;18.972;0.9866;15.749;0.8717;0.0366;430.301;228.169;8.0;52.018
9.0;570;570;45;3;43;0;1.1909999999999998;0.7509999999999999;0.8842;0.3002;0.8966;1.0;18.972;0.9866;15.749;0.8717;0.0366;430.301;228.169;9.0;9.068
9.0;570;570;45;3;43;0;1.1909999999999998;0.7509999999999999;0.8842;0.3002;0.8966;1.0;18.972;0.9866;15.749;0.8717;0.0366;430.301;228.169;10.0;11.336
9.0;570;570;45;3;43;0;1.1909999999999998;0.7509999999999999;0.8842;0.3002;0.8966;1.0;18.972;0.9866;15.749;0.8717;0.0366;430.301;228.169;11.0;27.457
9.0;570;570;45;3;43;0;1.1909999999999998;0.7509999999999999;0.8842;0.3002;0.8966;1.0;18.972;0.9866;15.749;0.8717;0.0366;430.301;228.169;12.0;1.071
9.0;570;570;45;3;43;0;1.1909999999999998;0.7509999999999999;0.8842;0.3002;0.8966;1.0;18.972;0.9866;15.749;0.8717;0.0366;430.301;228.169;13.0;1.889
9.0;570;570;45;3;43;0;1.1909999999999998;0.7509999999999999;0.8842;0.3002;0.8966;1.0;18.972;0.9866;15.749;0.8717;0.0366;430.301;228.169;14.0;9.824
9.0;570;570;45;3;43;0;1.1909999999999998;0.7509999999999999;0.8842;0.3002;0.8966;1.0;18.972;0.9866;15.749;0.8717;0.0366;430.301;228.169;15.0;10.139
9.0;570;570;45;3;43;0;1.1909999999999998;0.7509999999999999;0.8842;0.3002;0.8966;1.0;18.972;0.9866;15.749;0.8717;0.0366;430.301;228.169;16.0;12.658
9.0;570;570;45;3;43;0;1.1909999999999998;0.7509999999999999;0.8842;0.3002;0.8966;1.0;18.972;0.9866;15.749;0.8717;0.0366;430.301;228.169;17.0;18.767
9.0;570;570;45;3;43;0;1.1909999999999998;0.7509999999999999;0.8842;0.3002;0.8966;1.0;18.972;0.9866;15.749;0.8717;0.0366;430.301;228.169;18.0;17.003
9.0;570;570;45;3;43;0;1.1909999999999998;0.7509999999999999;0.8842;0.3002;0.8966;1.0;18.972;0.9866;15.749;0.8717;0.0366;430.301;228.169;19.0;2.96
9.0;570;570;45;3;43;0;1.1909999999999998;0.7509999999999999;0.8842;0.3002;0.8966;1.0;18.972;0.9866;15.749;0.8717;0.0366;430.301;228.169;20.0;8.187000000000001
9.0;570;570;45;3;43;0;1.1909999999999998;0.7509999999999999;0.8842;0.3002;0.8966;1.0;18.972;0.9866;15.749;0.8717;0.0366;430.301;228.169;21.0;7.494
9.0;570;570;45;3;43;0;1.1909999999999998;0.7509999999999999;0.8842;0.3002;0.8966;1.0;18.972;0.9866;15.749;0.8717;0.0366;430.301;228.169;22.0;9.194
9.0;570;570;45;3;43;0;1.1909999999999998;0.7509999999999999;0.8842;0.3002;0.8966;1.0;18.972;0.9866;15.749;0.8717;0.0366;430.301;228.169;23.0;10.390999999999998
10.0;1000;1000;24;2;9;1;10.369000000000002;0.0848;0.5044;?;1.0;?;16.986;77.943;0.8813;15.031;0.0187;471.283;793.797;0.0;10.489
10.0;1000;1000;24;2;9;1;10.369000000000002;0.0848;0.5044;?;1.0;?;16.986;77.943;0.8813;15.031;0.0187;471.283;793.797;1.0;1.4980000000000002
10.0;1000;1000;24;2;9;1;10.369000000000002;0.0848;0.5044;?;1.0;?;16.986;77.943;0.8813;15.031;0.0187;471.283;793.797;2.0;7.247999999999997
10.0;1000;1000;24;2;9;1;10.369000000000002;0.0848;0.5044;?;1.0;?;16.986;77.943;0.8813;15.031;0.0187;471.283;793.797;3.0;5.138
10.0;1000;1000;24;2;9;1;10.369000000000002;0.0848;0.5044;?;1.0;?;16.986;77.943;0.8813;15.031;0.0187;471.283;793.797;4.0;7.431
10.0;1000;1000;24;2;9;1;10.369000000000002;0.0848;0.5044;?;1.0;?;16.986;77.943;0.8813;15.031;0.0187;471.283;793.797;5.0;13.761
10.0;1000;1000;24;2;9;1;10.369000000000002;0.0848;0.5044;?;1.0;?;16.986;77.943;0.8813;15.031;0.0187;471.283;793.797;6.0;2.385
10.0;1000;1000;24;2;9;1;10.369000000000002;0.0848;0.5044;?;1.0;?;16.986;77.943;0.8813;15.031;0.0187;471.283;793.797;7.0;2.08
10.0;1000;1000;24;2;9;1;10.369000000000002;0.0848;0.5044;?;1.0;?;16.986;77.943;0.8813;15.031;0.0187;471.283;793.797;8.0;3041.74
10.0;1000;1000;24;2;9;1;10.369000000000002;0.0848;0.5044;?;1.0;?;16.986;77.943;0.8813;15.031;0.0187;471.283;793.797;9.0;1.4680000000000002
10.0;1000;1000;24;2;9;1;10.369000000000002;0.0848;0.5044;?;1.0;?;16.986;77.943;0.8813;15.031;0.0187;471.283;793.797;10.0;9.817
10.0;1000;1000;24;2;9;1;10.369000000000002;0.0848;0.5044;?;1.0;?;16.986;77.943;0.8813;15.031;0.0187;471.283;793.797;11.0;5.046
10.0;1000;1000;24;2;9;1;10.369000000000002;0.0848;0.5044;?;1.0;?;16.986;77.943;0.8813;15.031;0.0187;471.283;793.797;12.0;1.957
10.0;1000;1000;24;2;9;1;10.369000000000002;0.0848;0.5044;?;1.0;?;16.986;77.943;0.8813;15.031;0.0187;471.283;793.797;13.0;0.0
10.0;1000;1000;24;2;9;1;10.369000000000002;0.0848;0.5044;?;1.0;?;16.986;77.943;0.8813;15.031;0.0187;471.283;793.797;14.0;10.52
10.0;1000;1000;24;2;9;1;10.369000000000002;0.0848;0.5044;?;1.0;?;16.986;77.943;0.8813;15.031;0.0187;471.283;793.797;15.0;6.9110000000000005
10.0;1000;1000;24;2;9;1;10.369000000000002;0.0848;0.5044;?;1.0;?;16.986;77.943;0.8813;15.031;0.0187;471.283;793.797;16.0;4.862
10.0;1000;1000;24;2;9;1;10.369000000000002;0.0848;0.5044;?;1.0;?;16.986;77.943;0.8813;15.031;0.0187;471.283;793.797;17.0;19.113
10.0;1000;1000;24;2;9;1;10.369000000000002;0.0848;0.5044;?;1.0;?;16.986;77.943;0.8813;15.031;0.0187;471.283;793.797;18.0;13.089
10.0;1000;1000;24;2;9;1;10.369000000000002;0.0848;0.5044;?;1.0;?;16.986;77.943;0.8813;15.031;0.0187;471.283;793.797;19.0;0.092
10.0;1000;1000;24;2;9;1;10.369000000000002;0.0848;0.5044;?;1.0;?;16.986;77.943;0.8813;15.031;0.0187;471.283;793.797;20.0;11.927
10.0;1000;1000;24;2;9;1;10.369000000000002;0.0848;0.5044;?;1.0;?;16.986;77.943;0.8813;15.031;0.0187;471.283;793.797;21.0;2.569
10.0;1000;1000;24;2;9;1;10.369000000000002;0.0848;0.5044;?;1.0;?;16.986;77.943;0.8813;15.031;0.0187;471.283;793.797;22.0;13.333
10.0;1000;1000;24;2;9;1;10.369000000000002;0.0848;0.5044;?;1.0;?;16.986;77.943;0.8813;15.031;0.0187;471.283;793.797;23.0;2.018
11.0;900;900;6;3;1;1;11.231;0.1217;0.7176;0.1057;0.9787;1.0;10.071;50.408;13.574000000000002;19.786;0.1929;703.681;925.713;0.0;28.78
11.0;900;900;6;3;1;1;11.231;0.1217;0.7176;0.1057;0.9787;1.0;10.071;50.408;13.574000000000002;19.786;0.1929;703.681;925.713;1.0;10.311
11.0;900;900;6;3;1;1;11.231;0.1217;0.7176;0.1057;0.9787;1.0;10.071;50.408;13.574000000000002;19.786;0.1929;703.681;925.713;2.0;2.641
11.0;900;900;6;3;1;1;11.231;0.1217;0.7176;0.1057;0.9787;1.0;10.071;50.408;13.574000000000002;19.786;0.1929;703.681;925.713;3.0;4.43
11.0;900;900;6;3;1;1;11.231;0.1217;0.7176;0.1057;0.9787;1.0;10.071;50.408;13.574000000000002;19.786;0.1929;703.681;925.713;4.0;3.499
11.0;900;900;6;3;1;1;11.231;0.1217;0.7176;0.1057;0.9787;1.0;10.071;50.408;13.574000000000002;19.786;0.1929;703.681;925.713;5.0;47.81100000000001
11.0;900;900;6;3;1;1;11.231;0.1217;0.7176;0.1057;0.9787;1.0;10.071;50.408;13.574000000000002;19.786;0.1929;703.681;925.713;6.0;1.79
11.0;900;900;6;3;1;1;11.231;0.1217;0.7176;0.1057;0.9787;1.0;10.071;50.408;13.574000000000002;19.786;0.1929;703.681;925.713;7.0;11.317
11.0;900;900;6;3;1;1;11.231;0.1217;0.7176;0.1057;0.9787;1.0;10.071;50.408;13.574000000000002;19.786;0.1929;703.681;925.713;8.0;1.139
11.0;900;900;6;3;1;1;11.231;0.1217;0.7176;0.1057;0.9787;1.0;10.071;50.408;13.574000000000002;19.786;0.1929;703.681;925.713;9.0;2.152
11.0;900;900;6;3;1;1;11.231;0.1217;0.7176;0.1057;0.9787;1.0;10.071;50.408;13.574000000000002;19.786;0.1929;703.681;925.713;10.0;26.324
11.0;900;900;6;3;1;1;11.231;0.1217;0.7176;0.1057;0.9787;1.0;10.071;50.408;13.574000000000002;19.786;0.1929;703.681;925.713;11.0;19.334
11.0;900;900;6;3;1;1;11.231;0.1217;0.7176;0.1057;0.9787;1.0;10.071;50.408;13.574000000000002;19.786;0.1929;703.681;925.713;12.0;6.331
11.0;900;900;6;3;1;1;11.231;0.1217;0.7176;0.1057;0.9787;1.0;10.071;50.408;13.574000000000002;19.786;0.1929;703.681;925.713;13.0;1.4280000000000002
11.0;900;900;6;3;1;1;11.231;0.1217;0.7176;0.1057;0.9787;1.0;10.071;50.408;13.574000000000002;19.786;0.1929;703.681;925.713;14.0;14.534
11.0;900;900;6;3;1;1;11.231;0.1217;0.7176;0.1057;0.9787;1.0;10.071;50.408;13.574000000000002;19.786;0.1929;703.681;925.713;15.0;5.5920000000000005
11.0;900;900;6;3;1;1;11.231;0.1217;0.7176;0.1057;0.9787;1.0;10.071;50.408;13.574000000000002;19.786;0.1929;703.681;925.713;16.0;12.825
11.0;900;900;6;3;1;1;11.231;0.1217;0.7176;0.1057;0.9787;1.0;10.071;50.408;13.574000000000002;19.786;0.1929;703.681;925.713;17.0;60.68
11.0;900;900;6;3;1;1;11.231;0.1217;0.7176;0.1057;0.9787;1.0;10.071;50.408;13.574000000000002;19.786;0.1929;703.681;925.713;18.0;21.169
11.0;900;900;6;3;1;1;11.231;0.1217;0.7176;0.1057;0.9787;1.0;10.071;50.408;13.574000000000002;19.786;0.1929;703.681;925.713;19.0;0.0
11.0;900;900;6;3;1;1;11.231;0.1217;0.7176;0.1057;0.9787;1.0;10.071;50.408;13.574000000000002;19.786;0.1929;703.681;925.713;20.0;26.391
11.0;900;900;6;3;1;1;11.231;0.1217;0.7176;0.1057;0.9787;1.0;10.071;50.408;13.574000000000002;19.786;0.1929;703.681;925.713;21.0;1.5530000000000002
11.0;900;900;6;3;1;1;11.231;0.1217;0.7176;0.1057;0.9787;1.0;10.071;50.408;13.574000000000002;19.786;0.1929;703.681;925.713;22.0;33.388000000000005
11.0;900;900;6;3;1;1;11.231;0.1217;0.7176;0.1057;0.9787;1.0;10.071;50.408;13.574000000000002;19.786;0.1929;703.681;925.713;23.0;2.8480000000000003
12.0;270;270;13;2;5;1;10.612;0.1236;0.7384;?;1.0;?;0.956;36.494;0.9902;16.386;0.0876;113.037;177.055;0.0;5.377999999999999
12.0;270;270;13;2;5;1;10.612;0.1236;0.7384;?;1.0;?;0.956;36.494;0.9902;16.386;0.0876;113.037;177.055;1.0;0.48
12.0;270;270;13;2;5;1;10.612;0.1236;0.7384;?;1.0;?;0.956;36.494;0.9902;16.386;0.0876;113.037;177.055;2.0;2.907
12.0;270;270;13;2;5;1;10.612;0.1236;0.7384;?;1.0;?;0.956;36.494;0.9902;16.386;0.0876;113.037;177.055;3.0;0.0
12.0;270;270;13;2;5;1;10.612;0.1236;0.7384;?;1.0;?;0.956;36.494;0.9902;16.386;0.0876;113.037;177.055;4.0;2.209
12.0;270;270;13;2;5;1;10.612;0.1236;0.7384;?;1.0;?;0.956;36.494;0.9902;16.386;0.0876;113.037;177.055;5.0;5.916
12.0;270;270;13;2;5;1;10.612;0.1236;0.7384;?;1.0;?;0.956;36.494;0.9902;16.386;0.0876;113.037;177.055;6.0;1.134
12.0;270;270;13;2;5;1;10.612;0.1236;0.7384;?;1.0;?;0.956;36.494;0.9902;16.386;0.0876;113.037;177.055;7.0;1.017
12.0;270;270;13;2;5;1;10.612;0.1236;0.7384;?;1.0;?;0.956;36.494;0.9902;16.386;0.0876;113.037;177.055;8.0;1.352
12.0;270;270;13;2;5;1;10.612;0.1236;0.7384;?;1.0;?;0.956;36.494;0.9902;16.386;0.0876;113.037;177.055;9.0;0.974
12.0;270;270;13;2;5;1;10.612;0.1236;0.7384;?;1.0;?;0.956;36.494;0.9902;16.386;0.0876;113.037;177.055;10.0;5.7120000000000015
12.0;270;270;13;2;5;1;10.612;0.1236;0.7384;?;1.0;?;0.956;36.494;0.9902;16.386;0.0876;113.037;177.055;11.0;2.7030000000000003
12.0;270;270;13;2;5;1;10.612;0.1236;0.7384;?;1.0;?;0.956;36.494;0.9902;16.386;0.0876;113.037;177.055;12.0;1.933
12.0;270;270;13;2;5;1;10.612;0.1236;0.7384;?;1.0;?;0.956;36.494;0.9902;16.386;0.0876;113.037;177.055;13.0;0.276
12.0;270;270;13;2;5;1;10.612;0.1236;0.7384;?;1.0;?;0.956;36.494;0.9902;16.386;0.0876;113.037;177.055;14.0;2.049
12.0;270;270;13;2;5;1;10.612;0.1236;0.7384;?;1.0;?;0.956;36.494;0.9902;16.386;0.0876;113.037;177.055;15.0;3.721
12.0;270;270;13;2;5;1;10.612;0.1236;0.7384;?;1.0;?;0.956;36.494;0.9902;16.386;0.0876;113.037;177.055;16.0;1.5119999999999998
12.0;270;270;13;2;5;1;10.612;0.1236;0.7384;?;1.0;?;0.956;36.494;0.9902;16.386;0.0876;113.037;177.055;17.0;4.637
12.0;270;270;13;2;5;1;10.612;0.1236;0.7384;?;1.0;?;0.956;36.494;0.9902;16.386;0.0876;113.037;177.055;18.0;3.285
12.0;270;270;13;2;5;1;10.612;0.1236;0.7384;?;1.0;?;0.956;36.494;0.9902;16.386;0.0876;113.037;177.055;19.0;0.32
12.0;270;270;13;2;5;1;10.612;0.1236;0.7384;?;1.0;?;0.956;36.494;0.9902;16.386;0.0876;113.037;177.055;20.0;6.831
12.0;270;270;13;2;5;1;10.612;0.1236;0.7384;?;1.0;?;0.956;36.494;0.9902;16.386;0.0876;113.037;177.055;21.0;0.698
12.0;270;270;13;2;5;1;10.612;0.1236;0.7384;?;1.0;?;0.956;36.494;0.9902;16.386;0.0876;113.037;177.055;22.0;5.916
12.0;270;270;13;2;5;1;10.612;0.1236;0.7384;?;1.0;?;0.956;36.494;0.9902;16.386;0.0876;113.037;177.055;23.0;1.5119999999999998
13.0;9000;18000;40;10;0;0;19.657;0.1093;0.9207;0.9056;0.172;0.3385;0.1802;2.92;33.219;55.903;0.2029;163.721;26.552;0.0;100.289
13.0;9000;18000;40;10;0;0;19.657;0.1093;0.9207;0.9056;0.172;0.3385;0.1802;2.92;33.219;55.903;0.2029;163.721;26.552;1.0;2.7110000000000003
13.0;9000;18000;40;10;0;0;19.657;0.1093;0.9207;0.9056;0.172;0.3385;0.1802;2.92;33.219;55.903;0.2029;163.721;26.552;2.0;19.651
13.0;9000;18000;40;10;0;0;19.657;0.1093;0.9207;0.9056;0.172;0.3385;0.1802;2.92;33.219;55.903;0.2029;163.721;26.552;3.0;137.559
13.0;9000;18000;40;10;0;0;19.657;0.1093;0.9207;0.9056;0.172;0.3385;0.1802;2.92;33.219;55.903;0.2029;163.721;26.552;4.0;96.901
13.0;9000;18000;40;10;0;0;19.657;0.1093;0.9207;0.9056;0.172;0.3385;0.1802;2.92;33.219;55.903;0.2029;163.721;26.552;5.0;108.421
13.0;9000;18000;40;10;0;0;19.657;0.1093;0.9207;0.9056;0.172;0.3385;0.1802;2.92;33.219;55.903;0.2029;163.721;26.552;6.0;664.078
13.0;9000;18000;40;10;0;0;19.657;0.1093;0.9207;0.9056;0.172;0.3385;0.1802;2.92;33.219;55.903;0.2029;163.721;26.552;7.0;169.408
13.0;9000;18000;40;10;0;0;19.657;0.1093;0.9207;0.9056;0.172;0.3385;0.1802;2.92;33.219;55.903;0.2029;163.721;26.552;8.0;37.27
13.0;9000;18000;40;10;0;0;19.657;0.1093;0.9207;0.9056;0.172;0.3385;0.1802;2.92;33.219;55.903;0.2029;163.721;26.552;9.0;77.928
13.0;9000;18000;40;10;0;0;19.657;0.1093;0.9207;0.9056;0.172;0.3385;0.1802;2.92;33.219;55.903;0.2029;163.721;26.552;10.0;108.421
13.0;9000;18000;40;10;0;0;19.657;0.1093;0.9207;0.9056;0.172;0.3385;0.1802;2.92;33.219;55.903;0.2029;163.721;26.552;11.0;596.315
13.0;9000;18000;40;10;0;0;19.657;0.1093;0.9207;0.9056;0.172;0.3385;0.1802;2.92;33.219;55.903;0.2029;163.721;26.552;12.0;12.875
13.0;9000;18000;40;10;0;0;19.657;0.1093;0.9207;0.9056;0.172;0.3385;0.1802;2.92;33.219;55.903;0.2029;163.721;26.552;13.0;37.27
13.0;9000;18000;40;10;0;0;19.657;0.1093;0.9207;0.9056;0.172;0.3385;0.1802;2.92;33.219;55.903;0.2029;163.721;26.552;14.0;132.816
13.0;9000;18000;40;10;0;0;19.657;0.1093;0.9207;0.9056;0.172;0.3385;0.1802;2.92;33.219;55.903;0.2029;163.721;26.552;15.0;101.645
13.0;9000;18000;40;10;0;0;19.657;0.1093;0.9207;0.9056;0.172;0.3385;0.1802;2.92;33.219;55.903;0.2029;163.721;26.552;16.0;0.0
13.0;9000;18000;40;10;0;0;19.657;0.1093;0.9207;0.9056;0.172;0.3385;0.1802;2.92;33.219;55.903;0.2029;163.721;26.552;17.0;664.078
13.0;9000;18000;40;10;0;0;19.657;0.1093;0.9207;0.9056;0.172;0.3385;0.1802;2.92;33.219;55.903;0.2029;163.721;26.552;18.0;4.066
13.0;9000;18000;40;10;0;0;19.657;0.1093;0.9207;0.9056;0.172;0.3385;0.1802;2.92;33.219;55.903;0.2029;163.721;26.552;19.0;21.007
13.0;9000;18000;40;10;0;0;19.657;0.1093;0.9207;0.9056;0.172;0.3385;0.1802;2.92;33.219;55.903;0.2029;163.721;26.552;20.0;96.224
13.0;9000;18000;40;10;0;0;19.657;0.1093;0.9207;0.9056;0.172;0.3385;0.1802;2.92;33.219;55.903;0.2029;163.721;26.552;21.0;3.388
13.0;9000;18000;40;10;0;0;19.657;0.1093;0.9207;0.9056;0.172;0.3385;0.1802;2.92;33.219;55.903;0.2029;163.721;26.552;22.0;23.717
13.0;9000;18000;40;10;0;0;19.657;0.1093;0.9207;0.9056;0.172;0.3385;0.1802;2.92;33.219;55.903;0.2029;163.721;26.552;23.0;25.072
14.0;5000;20000;16;26;0;0;18.795;0.2577;0.8896;0.8489;0.168;0.321;0.5698;35.385;46.996;3.094;0.5189;905.685;496.261;0.0;52.292
14.0;5000;20000;16;26;0;0;18.795;0.2577;0.8896;0.8489;0.168;0.321;0.5698;35.385;46.996;3.094;0.5189;905.685;496.261;1.0;0.0
14.0;5000;20000;16;26;0;0;18.795;0.2577;0.8896;0.8489;0.168;0.321;0.5698;35.385;46.996;3.094;0.5189;905.685;496.261;2.0;75.982
14.0;5000;20000;16;26;0;0;18.795;0.2577;0.8896;0.8489;0.168;0.321;0.5698;35.385;46.996;3.094;0.5189;905.685;496.261;3.0;134.341
14.0;5000;20000;16;26;0;0;18.795;0.2577;0.8896;0.8489;0.168;0.321;0.5698;35.385;46.996;3.094;0.5189;905.685;496.261;4.0;17.334
14.0;5000;20000;16;26;0;0;18.795;0.2577;0.8896;0.8489;0.168;0.321;0.5698;35.385;46.996;3.094;0.5189;905.685;496.261;5.0;19.646
14.0;5000;20000;16;26;0;0;18.795;0.2577;0.8896;0.8489;0.168;0.321;0.5698;35.385;46.996;3.094;0.5189;905.685;496.261;6.0;270.416
14.0;5000;20000;16;26;0;0;18.795;0.2577;0.8896;0.8489;0.168;0.321;0.5698;35.385;46.996;3.094;0.5189;905.685;496.261;7.0;54.603
14.0;5000;20000;16;26;0;0;18.795;0.2577;0.8896;0.8489;0.168;0.321;0.5698;35.385;46.996;3.094;0.5189;905.685;496.261;8.0;270.416
14.0;5000;20000;16;26;0;0;18.795;0.2577;0.8896;0.8489;0.168;0.321;0.5698;35.385;46.996;3.094;0.5189;905.685;496.261;9.0;52.292
14.0;5000;20000;16;26;0;0;18.795;0.2577;0.8896;0.8489;0.168;0.321;0.5698;35.385;46.996;3.094;0.5189;905.685;496.261;10.0;14.734000000000002
14.0;5000;20000;16;26;0;0;18.795;0.2577;0.8896;0.8489;0.168;0.321;0.5698;35.385;46.996;3.094;0.5189;905.685;496.261;11.0;258.86
14.0;5000;20000;16;26;0;0;18.795;0.2577;0.8896;0.8489;0.168;0.321;0.5698;35.385;46.996;3.094;0.5189;905.685;496.261;12.0;32.358000000000004
14.0;5000;20000;16;26;0;0;18.795;0.2577;0.8896;0.8489;0.168;0.321;0.5698;35.385;46.996;3.094;0.5189;905.685;496.261;13.0;68.76
14.0;5000;20000;16;26;0;0;18.795;0.2577;0.8896;0.8489;0.168;0.321;0.5698;35.385;46.996;3.094;0.5189;905.685;496.261;14.0;153.12
14.0;5000;20000;16;26;0;0;18.795;0.2577;0.8896;0.8489;0.168;0.321;0.5698;35.385;46.996;3.094;0.5189;905.685;496.261;15.0;19.068
14.0;5000;20000;16;26;0;0;18.795;0.2577;0.8896;0.8489;0.168;0.321;0.5698;35.385;46.996;3.094;0.5189;905.685;496.261;16.0;1.733
14.0;5000;20000;16;26;0;0;18.795;0.2577;0.8896;0.8489;0.168;0.321;0.5698;35.385;46.996;3.094;0.5189;905.685;496.261;17.0;54.31399999999999
14.0;5000;20000;16;26;0;0;18.795;0.2577;0.8896;0.8489;0.168;0.321;0.5698;35.385;46.996;3.094;0.5189;905.685;496.261;18.0;4.334
14.0;5000;20000;16;26;0;0;18.795;0.2577;0.8896;0.8489;0.168;0.321;0.5698;35.385;46.996;3.094;0.5189;905.685;496.261;19.0;49.114
14.0;5000;20000;16;26;0;0;18.795;0.2577;0.8896;0.8489;0.168;0.321;0.5698;35.385;46.996;3.094;0.5189;905.685;496.261;20.0;18.49
14.0;5000;20000;16;26;0;0;18.795;0.2577;0.8896;0.8489;0.168;0.321;0.5698;35.385;46.996;3.094;0.5189;905.685;496.261;21.0;14.156
14.0;5000;20000;16;26;0;0;18.795;0.2577;0.8896;0.8489;0.168;0.321;0.5698;35.385;46.996;3.094;0.5189;905.685;496.261;22.0;48.825
14.0;5000;20000;16;26;0;0;18.795;0.2577;0.8896;0.8489;0.168;0.321;0.5698;35.385;46.996;3.094;0.5189;905.685;496.261;23.0;66.737
15.0;1000;3000;57;2;0;0;10.638;0.1216;0.5286;?;1.0;?;1.118;67.738;0.3879;3.83;0.0421;921.378;899.7389999999997;0.0;1.675
15.0;1000;3000;57;2;0;0;10.638;0.1216;0.5286;?;1.0;?;1.118;67.738;0.3879;3.83;0.0421;921.378;899.7389999999997;1.0;8.933
15.0;1000;3000;57;2;0;0;10.638;0.1216;0.5286;?;1.0;?;1.118;67.738;0.3879;3.83;0.0421;921.378;899.7389999999997;2.0;2.513
15.0;1000;3000;57;2;0;0;10.638;0.1216;0.5286;?;1.0;?;1.118;67.738;0.3879;3.83;0.0421;921.378;899.7389999999997;3.0;21.217
15.0;1000;3000;57;2;0;0;10.638;0.1216;0.5286;?;1.0;?;1.118;67.738;0.3879;3.83;0.0421;921.378;899.7389999999997;4.0;0.279
15.0;1000;3000;57;2;0;0;10.638;0.1216;0.5286;?;1.0;?;1.118;67.738;0.3879;3.83;0.0421;921.378;899.7389999999997;5.0;1.396
15.0;1000;3000;57;2;0;0;10.638;0.1216;0.5286;?;1.0;?;1.118;67.738;0.3879;3.83;0.0421;921.378;899.7389999999997;6.0;2.513
15.0;1000;3000;57;2;0;0;10.638;0.1216;0.5286;?;1.0;?;1.118;67.738;0.3879;3.83;0.0421;921.378;899.7389999999997;7.0;3.629
15.0;1000;3000;57;2;0;0;10.638;0.1216;0.5286;?;1.0;?;1.118;67.738;0.3879;3.83;0.0421;921.378;899.7389999999997;8.0;275.541
15.0;1000;3000;57;2;0;0;10.638;0.1216;0.5286;?;1.0;?;1.118;67.738;0.3879;3.83;0.0421;921.378;899.7389999999997;9.0;14.238
15.0;1000;3000;57;2;0;0;10.638;0.1216;0.5286;?;1.0;?;1.118;67.738;0.3879;3.83;0.0421;921.378;899.7389999999997;10.0;3.35
15.0;1000;3000;57;2;0;0;10.638;0.1216;0.5286;?;1.0;?;1.118;67.738;0.3879;3.83;0.0421;921.378;899.7389999999997;11.0;17.029
15.0;1000;3000;57;2;0;0;10.638;0.1216;0.5286;?;1.0;?;1.118;67.738;0.3879;3.83;0.0421;921.378;899.7389999999997;12.0;3.629
15.0;1000;3000;57;2;0;0;10.638;0.1216;0.5286;?;1.0;?;1.118;67.738;0.3879;3.83;0.0421;921.378;899.7389999999997;13.0;7.817
15.0;1000;3000;57;2;0;0;10.638;0.1216;0.5286;?;1.0;?;1.118;67.738;0.3879;3.83;0.0421;921.378;899.7389999999997;14.0;18.984
15.0;1000;3000;57;2;0;0;10.638;0.1216;0.5286;?;1.0;?;1.118;67.738;0.3879;3.83;0.0421;921.378;899.7389999999997;15.0;0.279
15.0;1000;3000;57;2;0;0;10.638;0.1216;0.5286;?;1.0;?;1.118;67.738;0.3879;3.83;0.0421;921.378;899.7389999999997;16.0;10.888
15.0;1000;3000;57;2;0;0;10.638;0.1216;0.5286;?;1.0;?;1.118;67.738;0.3879;3.83;0.0421;921.378;899.7389999999997;17.0;19.821
15.0;1000;3000;57;2;0;0;10.638;0.1216;0.5286;?;1.0;?;1.118;67.738;0.3879;3.83;0.0421;921.378;899.7389999999997;18.0;14.517
15.0;1000;3000;57;2;0;0;10.638;0.1216;0.5286;?;1.0;?;1.118;67.738;0.3879;3.83;0.0421;921.378;899.7389999999997;19.0;4.188
15.0;1000;3000;57;2;0;0;10.638;0.1216;0.5286;?;1.0;?;1.118;67.738;0.3879;3.83;0.0421;921.378;899.7389999999997;20.0;1.117
15.0;1000;3000;57;2;0;0;10.638;0.1216;0.5286;?;1.0;?;1.118;67.738;0.3879;3.83;0.0421;921.378;899.7389999999997;21.0;6.142
15.0;1000;3000;57;2;0;0;10.638;0.1216;0.5286;?;1.0;?;1.118;67.738;0.3879;3.83;0.0421;921.378;899.7389999999997;22.0;6.142
15.0;1000;3000;57;2;0;0;10.638;0.1216;0.5286;?;1.0;?;1.118;67.738;0.3879;3.83;0.0421;921.378;899.7389999999997;23.0;0.0
16.0;2000;6435;36;6;0;0;1.297;0.5977;0.9366;0.9332;0.3586;0.7146;0.7316;41.737;24.734;55.75899999999999;0.9443;261.92900000000003;49.048;0.0;9.654
16.0;2000;6435;36;6;0;0;1.297;0.5977;0.9366;0.9332;0.3586;0.7146;0.7316;41.737;24.734;55.75899999999999;0.9443;261.92900000000003;49.048;1.0;5.823
16.0;2000;6435;36;6;0;0;1.297;0.5977;0.9366;0.9332;0.3586;0.7146;0.7316;41.737;24.734;55.75899999999999;0.9443;261.92900000000003;49.048;2.0;6.896
16.0;2000;6435;36;6;0;0;1.297;0.5977;0.9366;0.9332;0.3586;0.7146;0.7316;41.737;24.734;55.75899999999999;0.9443;261.92900000000003;49.048;3.0;29.576
16.0;2000;6435;36;6;0;0;1.297;0.5977;0.9366;0.9332;0.3586;0.7146;0.7316;41.737;24.734;55.75899999999999;0.9443;261.92900000000003;49.048;4.0;8.122
16.0;2000;6435;36;6;0;0;1.297;0.5977;0.9366;0.9332;0.3586;0.7146;0.7316;41.737;24.734;55.75899999999999;0.9443;261.92900000000003;49.048;5.0;8.582
16.0;2000;6435;36;6;0;0;1.297;0.5977;0.9366;0.9332;0.3586;0.7146;0.7316;41.737;24.734;55.75899999999999;0.9443;261.92900000000003;49.048;6.0;6.7429999999999986
16.0;2000;6435;36;6;0;0;1.297;0.5977;0.9366;0.9332;0.3586;0.7146;0.7316;41.737;24.734;55.75899999999999;0.9443;261.92900000000003;49.048;7.0;8.735
16.0;2000;6435;36;6;0;0;1.297;0.5977;0.9366;0.9332;0.3586;0.7146;0.7316;41.737;24.734;55.75899999999999;0.9443;261.92900000000003;49.048;8.0;10.574000000000002
16.0;2000;6435;36;6;0;0;1.297;0.5977;0.9366;0.9332;0.3586;0.7146;0.7316;41.737;24.734;55.75899999999999;0.9443;261.92900000000003;49.048;9.0;15.325
16.0;2000;6435;36;6;0;0;1.297;0.5977;0.9366;0.9332;0.3586;0.7146;0.7316;41.737;24.734;55.75899999999999;0.9443;261.92900000000003;49.048;10.0;8.582
16.0;2000;6435;36;6;0;0;1.297;0.5977;0.9366;0.9332;0.3586;0.7146;0.7316;41.737;24.734;55.75899999999999;0.9443;261.92900000000003;49.048;11.0;102.061
16.0;2000;6435;36;6;0;0;1.297;0.5977;0.9366;0.9332;0.3586;0.7146;0.7316;41.737;24.734;55.75899999999999;0.9443;261.92900000000003;49.048;12.0;2.605
16.0;2000;6435;36;6;0;0;1.297;0.5977;0.9366;0.9332;0.3586;0.7146;0.7316;41.737;24.734;55.75899999999999;0.9443;261.92900000000003;49.048;13.0;11.8
16.0;2000;6435;36;6;0;0;1.297;0.5977;0.9366;0.9332;0.3586;0.7146;0.7316;41.737;24.734;55.75899999999999;0.9443;261.92900000000003;49.048;14.0;138.84
16.0;2000;6435;36;6;0;0;1.297;0.5977;0.9366;0.9332;0.3586;0.7146;0.7316;41.737;24.734;55.75899999999999;0.9443;261.92900000000003;49.048;15.0;6.7429999999999986
16.0;2000;6435;36;6;0;0;1.297;0.5977;0.9366;0.9332;0.3586;0.7146;0.7316;41.737;24.734;55.75899999999999;0.9443;261.92900000000003;49.048;16.0;0.0
16.0;2000;6435;36;6;0;0;1.297;0.5977;0.9366;0.9332;0.3586;0.7146;0.7316;41.737;24.734;55.75899999999999;0.9443;261.92900000000003;49.048;17.0;13.026
16.0;2000;6435;36;6;0;0;1.297;0.5977;0.9366;0.9332;0.3586;0.7146;0.7316;41.737;24.734;55.75899999999999;0.9443;261.92900000000003;49.048;18.0;1.686
16.0;2000;6435;36;6;0;0;1.297;0.5977;0.9366;0.9332;0.3586;0.7146;0.7316;41.737;24.734;55.75899999999999;0.9443;261.92900000000003;49.048;19.0;10.574000000000002
16.0;2000;6435;36;6;0;0;1.297;0.5977;0.9366;0.9332;0.3586;0.7146;0.7316;41.737;24.734;55.75899999999999;0.9443;261.92900000000003;49.048;20.0;8.582
16.0;2000;6435;36;6;0;0;1.297;0.5977;0.9366;0.9332;0.3586;0.7146;0.7316;41.737;24.734;55.75899999999999;0.9443;261.92900000000003;49.048;21.0;9.348
16.0;2000;6435;36;6;0;0;1.297;0.5977;0.9366;0.9332;0.3586;0.7146;0.7316;41.737;24.734;55.75899999999999;0.9443;261.92900000000003;49.048;22.0;4.138
16.0;2000;6435;36;6;0;0;1.297;0.5977;0.9366;0.9332;0.3586;0.7146;0.7316;41.737;24.734;55.75899999999999;0.9443;261.92900000000003;49.048;23.0;9.961
17.0;2310;2310;11;7;0;0;40.014;0.1425;0.976;0.9623;0.3098;0.611;2.958;244.813;28.072;30.787;0.6672;420.74300000000005;361.436;0.0;0.282
17.0;2310;2310;11;7;0;0;40.014;0.1425;0.976;0.9623;0.3098;0.611;2.958;244.813;28.072;30.787;0.6672;420.74300000000005;361.436;1.0;0.0
17.0;2310;2310;11;7;0;0;40.014;0.1425;0.976;0.9623;0.3098;0.611;2.958;244.813;28.072;30.787;0.6672;420.74300000000005;361.436;2.0;6.7620000000000005
17.0;2310;2310;11;7;0;0;40.014;0.1425;0.976;0.9623;0.3098;0.611;2.958;244.813;28.072;30.787;0.6672;420.74300000000005;361.436;3.0;66.211
17.0;2310;2310;11;7;0;0;40.014;0.1425;0.976;0.9623;0.3098;0.611;2.958;244.813;28.072;30.787;0.6672;420.74300000000005;361.436;4.0;0.845
17.0;2310;2310;11;7;0;0;40.014;0.1425;0.976;0.9623;0.3098;0.611;2.958;244.813;28.072;30.787;0.6672;420.74300000000005;361.436;5.0;2.817
17.0;2310;2310;11;7;0;0;40.014;0.1425;0.976;0.9623;0.3098;0.611;2.958;244.813;28.072;30.787;0.6672;420.74300000000005;361.436;6.0;2.817
17.0;2310;2310;11;7;0;0;40.014;0.1425;0.976;0.9623;0.3098;0.611;2.958;244.813;28.072;30.787;0.6672;420.74300000000005;361.436;7.0;9.016
17.0;2310;2310;11;7;0;0;40.014;0.1425;0.976;0.9623;0.3098;0.611;2.958;244.813;28.072;30.787;0.6672;420.74300000000005;361.436;8.0;273.295
17.0;2310;2310;11;7;0;0;40.014;0.1425;0.976;0.9623;0.3098;0.611;2.958;244.813;28.072;30.787;0.6672;420.74300000000005;361.436;9.0;23.103
17.0;2310;2310;11;7;0;0;40.014;0.1425;0.976;0.9623;0.3098;0.611;2.958;244.813;28.072;30.787;0.6672;420.74300000000005;361.436;10.0;3.663
17.0;2310;2310;11;7;0;0;40.014;0.1425;0.976;0.9623;0.3098;0.611;2.958;244.813;28.072;30.787;0.6672;420.74300000000005;361.436;11.0;245.12
17.0;2310;2310;11;7;0;0;40.014;0.1425;0.976;0.9623;0.3098;0.611;2.958;244.813;28.072;30.787;0.6672;420.74300000000005;361.436;12.0;0.282
17.0;2310;2310;11;7;0;0;40.014;0.1425;0.976;0.9623;0.3098;0.611;2.958;244.813;28.072;30.787;0.6672;420.74300000000005;361.436;13.0;24.23
17.0;2310;2310;11;7;0;0;40.014;0.1425;0.976;0.9623;0.3098;0.611;2.958;244.813;28.072;30.787;0.6672;420.74300000000005;361.436;14.0;119.743
17.0;2310;2310;11;7;0;0;40.014;0.1425;0.976;0.9623;0.3098;0.611;2.958;244.813;28.072;30.787;0.6672;420.74300000000005;361.436;15.0;4.226
17.0;2310;2310;11;7;0;0;40.014;0.1425;0.976;0.9623;0.3098;0.611;2.958;244.813;28.072;30.787;0.6672;420.74300000000005;361.436;16.0;13.242
17.0;2310;2310;11;7;0;0;40.014;0.1425;0.976;0.9623;0.3098;0.611;2.958;244.813;28.072;30.787;0.6672;420.74300000000005;361.436;17.0;10.425
17.0;2310;2310;11;7;0;0;40.014;0.1425;0.976;0.9623;0.3098;0.611;2.958;244.813;28.072;30.787;0.6672;420.74300000000005;361.436;18.0;4.508
17.0;2310;2310;11;7;0;0;40.014;0.1425;0.976;0.9623;0.3098;0.611;2.958;244.813;28.072;30.787;0.6672;420.74300000000005;361.436;19.0;22.25800000000001
17.0;2310;2310;11;7;0;0;40.014;0.1425;0.976;0.9623;0.3098;0.611;2.958;244.813;28.072;30.787;0.6672;420.74300000000005;361.436;20.0;1.127
17.0;2310;2310;11;7;0;0;40.014;0.1425;0.976;0.9623;0.3098;0.611;2.958;244.813;28.072;30.787;0.6672;420.74300000000005;361.436;21.0;35.782
17.0;2310;2310;11;7;0;0;40.014;0.1425;0.976;0.9623;0.3098;0.611;2.958;244.813;28.072;30.787;0.6672;420.74300000000005;361.436;22.0;10.988
17.0;2310;2310;11;7;0;0;40.014;0.1425;0.976;0.9623;0.3098;0.611;2.958;244.813;28.072;30.787;0.6672;420.74300000000005;361.436;23.0;6.198
18.0;14500;58000;9;7;0;0;16.067;0.3558;0.9668;0.6968;0.6252;0.9499;44.371;160.311;0.9653;34.271;0.3348;288.321;923.626;0.0;37.331
18.0;14500;58000;9;7;0;0;16.067;0.3558;0.9668;0.6968;0.6252;0.9499;44.371;160.311;0.9653;34.271;0.3348;288.321;923.626;1.0;98.746
18.0;14500;58000;9;7;0;0;16.067;0.3558;0.9668;0.6968;0.6252;0.9499;44.371;160.311;0.9653;34.271;0.3348;288.321;923.626;2.0;50.577
18.0;14500;58000;9;7;0;0;16.067;0.3558;0.9668;0.6968;0.6252;0.9499;44.371;160.311;0.9653;34.271;0.3348;288.321;923.626;3.0;540.695
18.0;14500;58000;9;7;0;0;16.067;0.3558;0.9668;0.6968;0.6252;0.9499;44.371;160.311;0.9653;34.271;0.3348;288.321;923.626;4.0;1.204
18.0;14500;58000;9;7;0;0;16.067;0.3558;0.9668;0.6968;0.6252;0.9499;44.371;160.311;0.9653;34.271;0.3348;288.321;923.626;5.0;10.838
18.0;14500;58000;9;7;0;0;16.067;0.3558;0.9668;0.6968;0.6252;0.9499;44.371;160.311;0.9653;34.271;0.3348;288.321;923.626;6.0;8.43
18.0;14500;58000;9;7;0;0;16.067;0.3558;0.9668;0.6968;0.6252;0.9499;44.371;160.311;0.9653;34.271;0.3348;288.321;923.626;7.0;2.408
18.0;14500;58000;9;7;0;0;16.067;0.3558;0.9668;0.6968;0.6252;0.9499;44.371;160.311;0.9653;34.271;0.3348;288.321;923.626;8.0;12041.0
18.0;14500;58000;9;7;0;0;16.067;0.3558;0.9668;0.6968;0.6252;0.9499;44.371;160.311;0.9653;34.271;0.3348;288.321;923.626;9.0;456.399
18.0;14500;58000;9;7;0;0;16.067;0.3558;0.9668;0.6968;0.6252;0.9499;44.371;160.311;0.9653;34.271;0.3348;288.321;923.626;10.0;2.408
18.0;14500;58000;9;7;0;0;16.067;0.3558;0.9668;0.6968;0.6252;0.9499;44.371;160.311;0.9653;34.271;0.3348;288.321;923.626;11.0;2575.83
18.0;14500;58000;9;7;0;0;16.067;0.3558;0.9668;0.6968;0.6252;0.9499;44.371;160.311;0.9653;34.271;0.3348;288.321;923.626;12.0;56.598
18.0;14500;58000;9;7;0;0;16.067;0.3558;0.9668;0.6968;0.6252;0.9499;44.371;160.311;0.9653;34.271;0.3348;288.321;923.626;13.0;580.434
18.0;14500;58000;9;7;0;0;16.067;0.3558;0.9668;0.6968;0.6252;0.9499;44.371;160.311;0.9653;34.271;0.3348;288.321;923.626;14.0;48.169
18.0;14500;58000;9;7;0;0;16.067;0.3558;0.9668;0.6968;0.6252;0.9499;44.371;160.311;0.9653;34.271;0.3348;288.321;923.626;15.0;9.634
18.0;14500;58000;9;7;0;0;16.067;0.3558;0.9668;0.6968;0.6252;0.9499;44.371;160.311;0.9653;34.271;0.3348;288.321;923.626;16.0;51.78100000000001
18.0;14500;58000;9;7;0;0;16.067;0.3558;0.9668;0.6968;0.6252;0.9499;44.371;160.311;0.9653;34.271;0.3348;288.321;923.626;17.0;12041.0
18.0;14500;58000;9;7;0;0;16.067;0.3558;0.9668;0.6968;0.6252;0.9499;44.371;160.311;0.9653;34.271;0.3348;288.321;923.626;18.0;51.78100000000001
18.0;14500;58000;9;7;0;0;16.067;0.3558;0.9668;0.6968;0.6252;0.9499;44.371;160.311;0.9653;34.271;0.3348;288.321;923.626;19.0;460.012
18.0;14500;58000;9;7;0;0;16.067;0.3558;0.9668;0.6968;0.6252;0.9499;44.371;160.311;0.9653;34.271;0.3348;288.321;923.626;20.0;0.0
18.0;14500;58000;9;7;0;0;16.067;0.3558;0.9668;0.6968;0.6252;0.9499;44.371;160.311;0.9653;34.271;0.3348;288.321;923.626;21.0;808.0310000000003
18.0;14500;58000;9;7;0;0;16.067;0.3558;0.9668;0.6968;0.6252;0.9499;44.371;160.311;0.9653;34.271;0.3348;288.321;923.626;22.0;167.387
18.0;14500;58000;9;7;0;0;16.067;0.3558;0.9668;0.6968;0.6252;0.9499;44.371;160.311;0.9653;34.271;0.3348;288.321;923.626;23.0;69.845
19.0;2580;7078;56;91;0;0;22.442;?;0.9165;0.6818;0.5575;0.866;67.156;108.296;48.787;0.3672;0.1815;268.79900000000004;102.314;0.0;2.13
19.0;2580;7078;56;91;0;0;22.442;?;0.9165;0.6818;0.5575;0.866;67.156;108.296;48.787;0.3672;0.1815;268.79900000000004;102.314;1.0;161.514
19.0;2580;7078;56;91;0;0;22.442;?;0.9165;0.6818;0.5575;0.866;67.156;108.296;48.787;0.3672;0.1815;268.79900000000004;102.314;2.0;161.514
19.0;2580;7078;56;91;0;0;22.442;?;0.9165;0.6818;0.5575;0.866;67.156;108.296;48.787;0.3672;0.1815;268.79900000000004;102.314;3.0;46.857
19.0;2580;7078;56;91;0;0;22.442;?;0.9165;0.6818;0.5575;0.866;67.156;108.296;48.787;0.3672;0.1815;268.79900000000004;102.314;4.0;14.909
19.0;2580;7078;56;91;0;0;22.442;?;0.9165;0.6818;0.5575;0.866;67.156;108.296;48.787;0.3672;0.1815;268.79900000000004;102.314;5.0;5.325
19.0;2580;7078;56;91;0;0;22.442;?;0.9165;0.6818;0.5575;0.866;67.156;108.296;48.787;0.3672;0.1815;268.79900000000004;102.314;6.0;161.514
19.0;2580;7078;56;91;0;0;22.442;?;0.9165;0.6818;0.5575;0.866;67.156;108.296;48.787;0.3672;0.1815;268.79900000000004;102.314;7.0;16.506
19.0;2580;7078;56;91;0;0;22.442;?;0.9165;0.6818;0.5575;0.866;67.156;108.296;48.787;0.3672;0.1815;268.79900000000004;102.314;8.0;161.514
19.0;2580;7078;56;91;0;0;22.442;?;0.9165;0.6818;0.5575;0.866;67.156;108.296;48.787;0.3672;0.1815;268.79900000000004;102.314;9.0;161.514
19.0;2580;7078;56;91;0;0;22.442;?;0.9165;0.6818;0.5575;0.866;67.156;108.296;48.787;0.3672;0.1815;268.79900000000004;102.314;10.0;5.857
19.0;2580;7078;56;91;0;0;22.442;?;0.9165;0.6818;0.5575;0.866;67.156;108.296;48.787;0.3672;0.1815;268.79900000000004;102.314;11.0;120.692
19.0;2580;7078;56;91;0;0;22.442;?;0.9165;0.6818;0.5575;0.866;67.156;108.296;48.787;0.3672;0.1815;268.79900000000004;102.314;12.0;18.104
19.0;2580;7078;56;91;0;0;22.442;?;0.9165;0.6818;0.5575;0.866;67.156;108.296;48.787;0.3672;0.1815;268.79900000000004;102.314;13.0;53.424
19.0;2580;7078;56;91;0;0;22.442;?;0.9165;0.6818;0.5575;0.866;67.156;108.296;48.787;0.3672;0.1815;268.79900000000004;102.314;14.0;161.514
19.0;2580;7078;56;91;0;0;22.442;?;0.9165;0.6818;0.5575;0.866;67.156;108.296;48.787;0.3672;0.1815;268.79900000000004;102.314;15.0;0.887
19.0;2580;7078;56;91;0;0;22.442;?;0.9165;0.6818;0.5575;0.866;67.156;108.296;48.787;0.3672;0.1815;268.79900000000004;102.314;16.0;20.234
19.0;2580;7078;56;91;0;0;22.442;?;0.9165;0.6818;0.5575;0.866;67.156;108.296;48.787;0.3672;0.1815;268.79900000000004;102.314;17.0;47.389
19.0;2580;7078;56;91;0;0;22.442;?;0.9165;0.6818;0.5575;0.866;67.156;108.296;48.787;0.3672;0.1815;268.79900000000004;102.314;18.0;30.35
19.0;2580;7078;56;91;0;0;22.442;?;0.9165;0.6818;0.5575;0.866;67.156;108.296;48.787;0.3672;0.1815;268.79900000000004;102.314;19.0;55.199
19.0;2580;7078;56;91;0;0;22.442;?;0.9165;0.6818;0.5575;0.866;67.156;108.296;48.787;0.3672;0.1815;268.79900000000004;102.314;20.0;0.0
19.0;2580;7078;56;91;0;0;22.442;?;0.9165;0.6818;0.5575;0.866;67.156;108.296;48.787;0.3672;0.1815;268.79900000000004;102.314;21.0;71.882
19.0;2580;7078;56;91;0;0;22.442;?;0.9165;0.6818;0.5575;0.866;67.156;108.296;48.787;0.3672;0.1815;268.79900000000004;102.314;22.0;41.532
19.0;2580;7078;56;91;0;0;22.442;?;0.9165;0.6818;0.5575;0.866;67.156;108.296;48.787;0.3672;0.1815;268.79900000000004;102.314;23.0;48.987
20.0;1499;4999;14;2;0;0;11.316;0.3676;0.7792;?;1.0;?;0.6483;43.322;0.9998;38.755;0.285;350.807;125.982;0.0;2.286
20.0;1499;4999;14;2;0;0;11.316;0.3676;0.7792;?;1.0;?;0.6483;43.322;0.9998;38.755;0.285;350.807;125.982;1.0;4.364
20.0;1499;4999;14;2;0;0;11.316;0.3676;0.7792;?;1.0;?;0.6483;43.322;0.9998;38.755;0.285;350.807;125.982;2.0;6.027
20.0;1499;4999;14;2;0;0;11.316;0.3676;0.7792;?;1.0;?;0.6483;43.322;0.9998;38.755;0.285;350.807;125.982;3.0;17.458
20.0;1499;4999;14;2;0;0;11.316;0.3676;0.7792;?;1.0;?;0.6483;43.322;0.9998;38.755;0.285;350.807;125.982;4.0;0.208
20.0;1499;4999;14;2;0;0;11.316;0.3676;0.7792;?;1.0;?;0.6483;43.322;0.9998;38.755;0.285;350.807;125.982;5.0;2.702
20.0;1499;4999;14;2;0;0;11.316;0.3676;0.7792;?;1.0;?;0.6483;43.322;0.9998;38.755;0.285;350.807;125.982;6.0;1.039
20.0;1499;4999;14;2;0;0;11.316;0.3676;0.7792;?;1.0;?;0.6483;43.322;0.9998;38.755;0.285;350.807;125.982;7.0;3.949
20.0;1499;4999;14;2;0;0;11.316;0.3676;0.7792;?;1.0;?;0.6483;43.322;0.9998;38.755;0.285;350.807;125.982;8.0;200.349
20.0;1499;4999;14;2;0;0;11.316;0.3676;0.7792;?;1.0;?;0.6483;43.322;0.9998;38.755;0.285;350.807;125.982;9.0;20.991
20.0;1499;4999;14;2;0;0;11.316;0.3676;0.7792;?;1.0;?;0.6483;43.322;0.9998;38.755;0.285;350.807;125.982;10.0;0.0
20.0;1499;4999;14;2;0;0;11.316;0.3676;0.7792;?;1.0;?;0.6483;43.322;0.9998;38.755;0.285;350.807;125.982;11.0;94.355
20.0;1499;4999;14;2;0;0;11.316;0.3676;0.7792;?;1.0;?;0.6483;43.322;0.9998;38.755;0.285;350.807;125.982;12.0;3.533
20.0;1499;4999;14;2;0;0;11.316;0.3676;0.7792;?;1.0;?;0.6483;43.322;0.9998;38.755;0.285;350.807;125.982;13.0;17.873
20.0;1499;4999;14;2;0;0;11.316;0.3676;0.7792;?;1.0;?;0.6483;43.322;0.9998;38.755;0.285;350.807;125.982;14.0;39.904
20.0;1499;4999;14;2;0;0;11.316;0.3676;0.7792;?;1.0;?;0.6483;43.322;0.9998;38.755;0.285;350.807;125.982;15.0;0.623
20.0;1499;4999;14;2;0;0;11.316;0.3676;0.7792;?;1.0;?;0.6483;43.322;0.9998;38.755;0.285;350.807;125.982;16.0;4.364
20.0;1499;4999;14;2;0;0;11.316;0.3676;0.7792;?;1.0;?;0.6483;43.322;0.9998;38.755;0.285;350.807;125.982;17.0;8.105
20.0;1499;4999;14;2;0;0;11.316;0.3676;0.7792;?;1.0;?;0.6483;43.322;0.9998;38.755;0.285;350.807;125.982;18.0;6.027
20.0;1499;4999;14;2;0;0;11.316;0.3676;0.7792;?;1.0;?;0.6483;43.322;0.9998;38.755;0.285;350.807;125.982;19.0;16.834
20.0;1499;4999;14;2;0;0;11.316;0.3676;0.7792;?;1.0;?;0.6483;43.322;0.9998;38.755;0.285;350.807;125.982;20.0;0.831
20.0;1499;4999;14;2;0;0;11.316;0.3676;0.7792;?;1.0;?;0.6483;43.322;0.9998;38.755;0.285;350.807;125.982;21.0;12.886
20.0;1499;4999;14;2;0;0;11.316;0.3676;0.7792;?;1.0;?;0.6483;43.322;0.9998;38.755;0.285;350.807;125.982;22.0;3.325
20.0;1499;4999;14;2;0;0;11.316;0.3676;0.7792;?;1.0;?;0.6483;43.322;0.9998;38.755;0.285;350.807;125.982;23.0;2.286
21.0;846;846;18;4;0;0;15.392;0.4828;0.8420000000000001;0.8189;0.4696;0.9139;0.8282;5.18;19.979;42.472;0.3538;564.698;110.045;0.0;11.893
21.0;846;846;18;4;0;0;15.392;0.4828;0.8420000000000001;0.8189;0.4696;0.9139;0.8282;5.18;19.979;42.472;0.3538;564.698;110.045;1.0;1.874
21.0;846;846;18;4;0;0;15.392;0.4828;0.8420000000000001;0.8189;0.4696;0.9139;0.8282;5.18;19.979;42.472;0.3538;564.698;110.045;2.0;4.643
21.0;846;846;18;4;0;0;15.392;0.4828;0.8420000000000001;0.8189;0.4696;0.9139;0.8282;5.18;19.979;42.472;0.3538;564.698;110.045;3.0;33.235
21.0;846;846;18;4;0;0;15.392;0.4828;0.8420000000000001;0.8189;0.4696;0.9139;0.8282;5.18;19.979;42.472;0.3538;564.698;110.045;4.0;9.856
21.0;846;846;18;4;0;0;15.392;0.4828;0.8420000000000001;0.8189;0.4696;0.9139;0.8282;5.18;19.979;42.472;0.3538;564.698;110.045;5.0;9.449
21.0;846;846;18;4;0;0;15.392;0.4828;0.8420000000000001;0.8189;0.4696;0.9139;0.8282;5.18;19.979;42.472;0.3538;564.698;110.045;6.0;6.924
21.0;846;846;18;4;0;0;15.392;0.4828;0.8420000000000001;0.8189;0.4696;0.9139;0.8282;5.18;19.979;42.472;0.3538;564.698;110.045;7.0;10.508
21.0;846;846;18;4;0;0;15.392;0.4828;0.8420000000000001;0.8189;0.4696;0.9139;0.8282;5.18;19.979;42.472;0.3538;564.698;110.045;8.0;10.589
21.0;846;846;18;4;0;0;15.392;0.4828;0.8420000000000001;0.8189;0.4696;0.9139;0.8282;5.18;19.979;42.472;0.3538;564.698;110.045;9.0;28.917
21.0;846;846;18;4;0;0;15.392;0.4828;0.8420000000000001;0.8189;0.4696;0.9139;0.8282;5.18;19.979;42.472;0.3538;564.698;110.045;10.0;13.359000000000002
21.0;846;846;18;4;0;0;15.392;0.4828;0.8420000000000001;0.8189;0.4696;0.9139;0.8282;5.18;19.979;42.472;0.3538;564.698;110.045;11.0;48.874
21.0;846;846;18;4;0;0;15.392;0.4828;0.8420000000000001;0.8189;0.4696;0.9139;0.8282;5.18;19.979;42.472;0.3538;564.698;110.045;12.0;0.081
21.0;846;846;18;4;0;0;15.392;0.4828;0.8420000000000001;0.8189;0.4696;0.9139;0.8282;5.18;19.979;42.472;0.3538;564.698;110.045;13.0;5.376
21.0;846;846;18;4;0;0;15.392;0.4828;0.8420000000000001;0.8189;0.4696;0.9139;0.8282;5.18;19.979;42.472;0.3538;564.698;110.045;14.0;14.174
21.0;846;846;18;4;0;0;15.392;0.4828;0.8420000000000001;0.8189;0.4696;0.9139;0.8282;5.18;19.979;42.472;0.3538;564.698;110.045;15.0;12.056
21.0;846;846;18;4;0;0;15.392;0.4828;0.8420000000000001;0.8189;0.4696;0.9139;0.8282;5.18;19.979;42.472;0.3538;564.698;110.045;16.0;10.182
21.0;846;846;18;4;0;0;15.392;0.4828;0.8420000000000001;0.8189;0.4696;0.9139;0.8282;5.18;19.979;42.472;0.3538;564.698;110.045;17.0;15.477
21.0;846;846;18;4;0;0;15.392;0.4828;0.8420000000000001;0.8189;0.4696;0.9139;0.8282;5.18;19.979;42.472;0.3538;564.698;110.045;18.0;11.16
21.0;846;846;18;4;0;0;15.392;0.4828;0.8420000000000001;0.8189;0.4696;0.9139;0.8282;5.18;19.979;42.472;0.3538;564.698;110.045;19.0;3.4210000000000003
21.0;846;846;18;4;0;0;15.392;0.4828;0.8420000000000001;0.8189;0.4696;0.9139;0.8282;5.18;19.979;42.472;0.3538;564.698;110.045;20.0;12.056
21.0;846;846;18;4;0;0;15.392;0.4828;0.8420000000000001;0.8189;0.4696;0.9139;0.8282;5.18;19.979;42.472;0.3538;564.698;110.045;21.0;0.0
21.0;846;846;18;4;0;0;15.392;0.4828;0.8420000000000001;0.8189;0.4696;0.9139;0.8282;5.18;19.979;42.472;0.3538;564.698;110.045;22.0;12.789
21.0;846;846;18;4;0;0;15.392;0.4828;0.8420000000000001;0.8189;0.4696;0.9139;0.8282;5.18;19.979;42.472;0.3538;564.698;110.045;23.0;5.4579999999999975
